ISO-10303-21;
HEADER;
FILE_DESCRIPTION((''),'2;1');
FILE_NAME('4120R','2012-08-22T',('ryans'),('Bourns, Inc.'),
'PRO/ENGINEER BY PARAMETRIC TECHNOLOGY CORPORATION, 2010100',
'PRO/ENGINEER BY PARAMETRIC TECHNOLOGY CORPORATION, 2010100','');
FILE_SCHEMA(('CONFIG_CONTROL_DESIGN'));
ENDSEC;
DATA;
#1=DIRECTION('',(-2.419516958268E-1,-9.702882957588E-1,0.E0));
#2=VECTOR('',#1,2.271418259641E0);
#3=CARTESIAN_POINT('',(-2.8055E0,1.839976060792E0,0.E0));
#4=LINE('',#3,#2);
#5=DIRECTION('',(2.419516958268E-1,-9.702882957588E-1,0.E0));
#6=VECTOR('',#5,1.521265277300E0);
#7=CARTESIAN_POINT('',(-3.355073499852E0,-3.639544913105E-1,0.E0));
#8=LINE('',#7,#6);
#9=DIRECTION('',(1.E0,0.E0,0.E0));
#10=VECTOR('',#9,5.974001572414E0);
#11=CARTESIAN_POINT('',(-2.987000786207E0,-1.840020384619E0,0.E0));
#12=LINE('',#11,#10);
#13=DIRECTION('',(2.419516958268E-1,9.702882957588E-1,0.E0));
#14=VECTOR('',#13,1.521265277300E0);
#15=CARTESIAN_POINT('',(2.987000786207E0,-1.840020384619E0,0.E0));
#16=LINE('',#15,#14);
#17=DIRECTION('',(-2.419516958268E-1,9.702882957588E-1,0.E0));
#18=VECTOR('',#17,2.271418259641E0);
#19=CARTESIAN_POINT('',(3.355073499852E0,-3.639544913105E-1,0.E0));
#20=LINE('',#19,#18);
#21=DIRECTION('',(-1.E0,0.E0,0.E0));
#22=VECTOR('',#21,5.611E0);
#23=CARTESIAN_POINT('',(2.8055E0,1.839976060792E0,0.E0));
#24=LINE('',#23,#22);
#25=DIRECTION('',(-2.419516958268E-1,-9.702882957588E-1,0.E0));
#26=VECTOR('',#25,2.271418259641E0);
#27=CARTESIAN_POINT('',(-2.8055E0,1.839976060792E0,2.197E1));
#28=LINE('',#27,#26);
#29=DIRECTION('',(0.E0,0.E0,1.E0));
#30=VECTOR('',#29,2.197E1);
#31=CARTESIAN_POINT('',(-2.8055E0,1.839976060792E0,0.E0));
#32=LINE('',#31,#30);
#33=DIRECTION('',(-1.E0,0.E0,0.E0));
#34=VECTOR('',#33,5.611E0);
#35=CARTESIAN_POINT('',(2.8055E0,1.839976060792E0,2.197E1));
#36=LINE('',#35,#34);
#37=DIRECTION('',(0.E0,0.E0,1.E0));
#38=VECTOR('',#37,2.197E1);
#39=CARTESIAN_POINT('',(2.8055E0,1.839976060792E0,0.E0));
#40=LINE('',#39,#38);
#41=DIRECTION('',(-2.419516958268E-1,9.702882957588E-1,0.E0));
#42=VECTOR('',#41,2.271418259641E0);
#43=CARTESIAN_POINT('',(3.355073499852E0,-3.639544913105E-1,2.197E1));
#44=LINE('',#43,#42);
#45=DIRECTION('',(0.E0,0.E0,1.E0));
#46=VECTOR('',#45,2.197E1);
#47=CARTESIAN_POINT('',(3.355073499852E0,-3.639544913105E-1,0.E0));
#48=LINE('',#47,#46);
#49=DIRECTION('',(2.419516958268E-1,9.702882957588E-1,0.E0));
#50=VECTOR('',#49,2.563654087910E-1);
#51=CARTESIAN_POINT('',(3.287785410940E0,-6.337969691330E-1,1.205E0));
#52=LINE('',#51,#50);
#53=DIRECTION('',(0.E0,0.E0,1.E0));
#54=VECTOR('',#53,1.65E0);
#55=CARTESIAN_POINT('',(3.349813456349E0,-3.850486135457E-1,1.205E0));
#56=LINE('',#55,#54);
#57=DIRECTION('',(2.419516958268E-1,9.702882957588E-1,0.E0));
#58=VECTOR('',#57,2.563654087910E-1);
#59=CARTESIAN_POINT('',(3.287785410940E0,-6.337969691330E-1,2.855E0));
#60=LINE('',#59,#58);
#61=DIRECTION('',(0.E0,0.E0,1.E0));
#62=VECTOR('',#61,1.65E0);
#63=CARTESIAN_POINT('',(3.287785410940E0,-6.337969691330E-1,1.205E0));
#64=LINE('',#63,#62);
#65=DIRECTION('',(2.419516958268E-1,9.702882957588E-1,0.E0));
#66=VECTOR('',#65,2.563654087910E-1);
#67=CARTESIAN_POINT('',(3.287785410940E0,-6.337969691330E-1,3.745E0));
#68=LINE('',#67,#66);
#69=DIRECTION('',(0.E0,0.E0,1.E0));
#70=VECTOR('',#69,1.65E0);
#71=CARTESIAN_POINT('',(3.349813456349E0,-3.850486135457E-1,3.745E0));
#72=LINE('',#71,#70);
#73=DIRECTION('',(2.419516958268E-1,9.702882957588E-1,0.E0));
#74=VECTOR('',#73,2.563654087910E-1);
#75=CARTESIAN_POINT('',(3.287785410940E0,-6.337969691330E-1,5.395E0));
#76=LINE('',#75,#74);
#77=DIRECTION('',(0.E0,0.E0,1.E0));
#78=VECTOR('',#77,1.65E0);
#79=CARTESIAN_POINT('',(3.287785410940E0,-6.337969691330E-1,3.745E0));
#80=LINE('',#79,#78);
#81=DIRECTION('',(2.419516958268E-1,9.702882957588E-1,0.E0));
#82=VECTOR('',#81,2.563654087910E-1);
#83=CARTESIAN_POINT('',(3.287785410940E0,-6.337969691330E-1,6.285E0));
#84=LINE('',#83,#82);
#85=DIRECTION('',(0.E0,0.E0,1.E0));
#86=VECTOR('',#85,1.65E0);
#87=CARTESIAN_POINT('',(3.349813456349E0,-3.850486135457E-1,6.285E0));
#88=LINE('',#87,#86);
#89=DIRECTION('',(2.419516958268E-1,9.702882957588E-1,0.E0));
#90=VECTOR('',#89,2.563654087910E-1);
#91=CARTESIAN_POINT('',(3.287785410940E0,-6.337969691330E-1,7.935E0));
#92=LINE('',#91,#90);
#93=DIRECTION('',(0.E0,0.E0,1.E0));
#94=VECTOR('',#93,1.65E0);
#95=CARTESIAN_POINT('',(3.287785410940E0,-6.337969691330E-1,6.285E0));
#96=LINE('',#95,#94);
#97=DIRECTION('',(2.419516958268E-1,9.702882957588E-1,0.E0));
#98=VECTOR('',#97,2.563654087910E-1);
#99=CARTESIAN_POINT('',(3.287785410940E0,-6.337969691330E-1,8.825E0));
#100=LINE('',#99,#98);
#101=DIRECTION('',(0.E0,0.E0,1.E0));
#102=VECTOR('',#101,1.65E0);
#103=CARTESIAN_POINT('',(3.349813456349E0,-3.850486135457E-1,8.825E0));
#104=LINE('',#103,#102);
#105=DIRECTION('',(2.419516958268E-1,9.702882957588E-1,0.E0));
#106=VECTOR('',#105,2.563654087910E-1);
#107=CARTESIAN_POINT('',(3.287785410940E0,-6.337969691330E-1,1.0475E1));
#108=LINE('',#107,#106);
#109=DIRECTION('',(0.E0,0.E0,1.E0));
#110=VECTOR('',#109,1.65E0);
#111=CARTESIAN_POINT('',(3.287785410940E0,-6.337969691330E-1,8.825E0));
#112=LINE('',#111,#110);
#113=DIRECTION('',(2.419516958268E-1,9.702882957588E-1,0.E0));
#114=VECTOR('',#113,2.563654087910E-1);
#115=CARTESIAN_POINT('',(3.287785410940E0,-6.337969691330E-1,1.1365E1));
#116=LINE('',#115,#114);
#117=DIRECTION('',(0.E0,0.E0,1.E0));
#118=VECTOR('',#117,1.65E0);
#119=CARTESIAN_POINT('',(3.349813456349E0,-3.850486135457E-1,1.1365E1));
#120=LINE('',#119,#118);
#121=DIRECTION('',(2.419516958268E-1,9.702882957588E-1,0.E0));
#122=VECTOR('',#121,2.563654087910E-1);
#123=CARTESIAN_POINT('',(3.287785410940E0,-6.337969691330E-1,1.3015E1));
#124=LINE('',#123,#122);
#125=DIRECTION('',(0.E0,0.E0,1.E0));
#126=VECTOR('',#125,1.65E0);
#127=CARTESIAN_POINT('',(3.287785410940E0,-6.337969691330E-1,1.1365E1));
#128=LINE('',#127,#126);
#129=DIRECTION('',(2.419516958268E-1,9.702882957588E-1,0.E0));
#130=VECTOR('',#129,2.563654087910E-1);
#131=CARTESIAN_POINT('',(3.287785410940E0,-6.337969691330E-1,1.3905E1));
#132=LINE('',#131,#130);
#133=DIRECTION('',(0.E0,0.E0,1.E0));
#134=VECTOR('',#133,1.65E0);
#135=CARTESIAN_POINT('',(3.349813456349E0,-3.850486135457E-1,1.3905E1));
#136=LINE('',#135,#134);
#137=DIRECTION('',(2.419516958268E-1,9.702882957588E-1,0.E0));
#138=VECTOR('',#137,2.563654087910E-1);
#139=CARTESIAN_POINT('',(3.287785410940E0,-6.337969691330E-1,1.5555E1));
#140=LINE('',#139,#138);
#141=DIRECTION('',(0.E0,0.E0,1.E0));
#142=VECTOR('',#141,1.65E0);
#143=CARTESIAN_POINT('',(3.287785410940E0,-6.337969691330E-1,1.3905E1));
#144=LINE('',#143,#142);
#145=DIRECTION('',(2.419516958268E-1,9.702882957588E-1,0.E0));
#146=VECTOR('',#145,2.563654087910E-1);
#147=CARTESIAN_POINT('',(3.287785410940E0,-6.337969691330E-1,1.6445E1));
#148=LINE('',#147,#146);
#149=DIRECTION('',(0.E0,0.E0,1.E0));
#150=VECTOR('',#149,1.65E0);
#151=CARTESIAN_POINT('',(3.349813456349E0,-3.850486135457E-1,1.6445E1));
#152=LINE('',#151,#150);
#153=DIRECTION('',(2.419516958268E-1,9.702882957588E-1,0.E0));
#154=VECTOR('',#153,2.563654087910E-1);
#155=CARTESIAN_POINT('',(3.287785410940E0,-6.337969691330E-1,1.8095E1));
#156=LINE('',#155,#154);
#157=DIRECTION('',(0.E0,0.E0,1.E0));
#158=VECTOR('',#157,1.65E0);
#159=CARTESIAN_POINT('',(3.287785410940E0,-6.337969691330E-1,1.6445E1));
#160=LINE('',#159,#158);
#161=DIRECTION('',(2.419516958268E-1,9.702882957588E-1,0.E0));
#162=VECTOR('',#161,2.563654087910E-1);
#163=CARTESIAN_POINT('',(3.287785410940E0,-6.337969691330E-1,1.8985E1));
#164=LINE('',#163,#162);
#165=DIRECTION('',(0.E0,0.E0,1.E0));
#166=VECTOR('',#165,1.65E0);
#167=CARTESIAN_POINT('',(3.349813456349E0,-3.850486135457E-1,1.8985E1));
#168=LINE('',#167,#166);
#169=DIRECTION('',(2.419516958268E-1,9.702882957588E-1,0.E0));
#170=VECTOR('',#169,2.563654087910E-1);
#171=CARTESIAN_POINT('',(3.287785410940E0,-6.337969691330E-1,2.0635E1));
#172=LINE('',#171,#170);
#173=DIRECTION('',(0.E0,0.E0,1.E0));
#174=VECTOR('',#173,1.65E0);
#175=CARTESIAN_POINT('',(3.287785410940E0,-6.337969691330E-1,1.8985E1));
#176=LINE('',#175,#174);
#177=DIRECTION('',(2.419516958268E-1,9.702882957588E-1,0.E0));
#178=VECTOR('',#177,1.521265277300E0);
#179=CARTESIAN_POINT('',(2.987000786207E0,-1.840020384619E0,2.197E1));
#180=LINE('',#179,#178);
#181=DIRECTION('',(0.E0,0.E0,1.E0));
#182=VECTOR('',#181,2.197E1);
#183=CARTESIAN_POINT('',(2.987000786207E0,-1.840020384619E0,0.E0));
#184=LINE('',#183,#182);
#185=CARTESIAN_POINT('',(3.457957555996E0,-9.667608650665E-1,1.205E0));
#186=DIRECTION('',(0.E0,0.E0,-1.E0));
#187=DIRECTION('',(3.712221041445E-1,9.285441020191E-1,0.E0));
#188=AXIS2_PLACEMENT_3D('',#185,#186,#187);
#190=DIRECTION('',(-9.285441020191E-1,3.712221041445E-1,0.E0));
#191=VECTOR('',#190,3.163610119119E-1);
#192=CARTESIAN_POINT('',(3.643568608068E0,-5.024888140569E-1,1.205E0));
#193=LINE('',#192,#191);
#194=DIRECTION('',(9.285441020191E-1,-3.712221041445E-1,0.E0));
#195=VECTOR('',#194,1.221758183882E-1);
#196=CARTESIAN_POINT('',(3.287785410940E0,-6.337969691330E-1,1.205E0));
#197=LINE('',#196,#195);
#198=DIRECTION('',(6.931462866478E-2,-9.975948487503E-1,0.E0));
#199=VECTOR('',#198,7.719351155370E-1);
#200=CARTESIAN_POINT('',(3.714417418817E0,-1.108766070188E0,1.205E0));
#201=LINE('',#200,#199);
#202=DIRECTION('',(1.E0,0.E0,0.E0));
#203=VECTOR('',#202,2.546123812871E-1);
#204=CARTESIAN_POINT('',(3.767923814704E0,-1.878844565017E0,1.205E0));
#205=LINE('',#204,#203);
#206=DIRECTION('',(-6.931462866478E-2,9.975948487503E-1,0.E0));
#207=VECTOR('',#206,9.490235594831E-1);
#208=CARTESIAN_POINT('',(4.022536195991E0,-1.878844565017E0,1.205E0));
#209=LINE('',#208,#207);
#210=CARTESIAN_POINT('',(-3.457957555996E0,-9.667608650665E-1,1.205E0));
#211=DIRECTION('',(0.E0,0.E0,-1.E0));
#212=DIRECTION('',(-9.975948487503E-1,6.931462866478E-2,0.E0));
#213=AXIS2_PLACEMENT_3D('',#210,#211,#212);
#215=DIRECTION('',(-6.931462866478E-2,-9.975948487503E-1,0.E0));
#216=VECTOR('',#215,9.490235594831E-1);
#217=CARTESIAN_POINT('',(-3.956754980371E0,-9.321035507341E-1,1.205E0));
#218=LINE('',#217,#216);
#219=DIRECTION('',(1.E0,0.E0,0.E0));
#220=VECTOR('',#219,2.546123812871E-1);
#221=CARTESIAN_POINT('',(-4.022536195991E0,-1.878844565017E0,1.205E0));
#222=LINE('',#221,#220);
#223=DIRECTION('',(6.931462866478E-2,9.975948487503E-1,0.E0));
#224=VECTOR('',#223,7.719351155370E-1);
#225=CARTESIAN_POINT('',(-3.767923814704E0,-1.878844565017E0,1.205E0));
#226=LINE('',#225,#224);
#227=DIRECTION('',(9.285441020191E-1,3.712221041445E-1,0.E0));
#228=VECTOR('',#227,1.221758183882E-1);
#229=CARTESIAN_POINT('',(-3.401231046514E0,-6.791513335107E-1,1.205E0));
#230=LINE('',#229,#228);
#231=DIRECTION('',(-9.285441020191E-1,-3.712221041445E-1,0.E0));
#232=VECTOR('',#231,3.163610119119E-1);
#233=CARTESIAN_POINT('',(-3.349813456349E0,-3.850486135457E-1,1.205E0));
#234=LINE('',#233,#232);
#235=DIRECTION('',(0.E0,0.E0,-1.E0));
#236=VECTOR('',#235,1.65E0);
#237=CARTESIAN_POINT('',(3.956754980371E0,-9.321035507341E-1,2.855E0));
#238=LINE('',#237,#236);
#239=DIRECTION('',(5.900328267444E-2,-8.491911734829E-1,5.247789663395E-1));
#240=VECTOR('',#239,1.002341287533E0);
#241=CARTESIAN_POINT('',(4.022536195991E0,-1.878844565017E0,1.205E0));
#242=LINE('',#241,#240);
#243=DIRECTION('',(-6.931462866478E-2,9.975948487503E-1,0.E0));
#244=VECTOR('',#243,3.438269558325E0);
#245=CARTESIAN_POINT('',(4.32E0,-6.160023939208E0,1.731007624791E0));
#246=LINE('',#245,#244);
#247=DIRECTION('',(0.E0,0.E0,1.E0));
#248=VECTOR('',#247,5.979847504179E-1);
#249=CARTESIAN_POINT('',(4.32E0,-6.160023939208E0,1.731007624791E0));
#250=LINE('',#249,#248);
#251=DIRECTION('',(-6.931462866478E-2,9.975948487503E-1,0.E0));
#252=VECTOR('',#251,3.438269558325E0);
#253=CARTESIAN_POINT('',(4.32E0,-6.160023939208E0,2.328992375209E0));
#254=LINE('',#253,#252);
#255=DIRECTION('',(-5.900328267444E-2,8.491911734829E-1,5.247789663395E-1));
#256=VECTOR('',#255,1.002341287533E0);
#257=CARTESIAN_POINT('',(4.081677622315E0,-2.730023939208E0,2.328992375209E0));
#258=LINE('',#257,#256);
#259=DIRECTION('',(0.E0,0.E0,-1.E0));
#260=VECTOR('',#259,1.65E0);
#261=CARTESIAN_POINT('',(-3.956754980371E0,-9.321035507341E-1,2.855E0));
#262=LINE('',#261,#260);
#263=DIRECTION('',(5.900328267444E-2,8.491911734829E-1,5.247789663395E-1));
#264=VECTOR('',#263,1.002341287533E0);
#265=CARTESIAN_POINT('',(-4.081677622315E0,-2.730023939208E0,2.328992375209E0));
#266=LINE('',#265,#264);
#267=DIRECTION('',(6.931462866478E-2,9.975948487503E-1,0.E0));
#268=VECTOR('',#267,3.438269558325E0);
#269=CARTESIAN_POINT('',(-4.32E0,-6.160023939208E0,2.328992375209E0));
#270=LINE('',#269,#268);
#271=DIRECTION('',(6.931462866478E-2,9.975948487503E-1,0.E0));
#272=VECTOR('',#271,3.438269558325E0);
#273=CARTESIAN_POINT('',(-4.32E0,-6.160023939208E0,1.731007624791E0));
#274=LINE('',#273,#272);
#275=DIRECTION('',(-5.900328267444E-2,-8.491911734829E-1,5.247789663395E-1));
#276=VECTOR('',#275,1.002341287533E0);
#277=CARTESIAN_POINT('',(-4.022536195991E0,-1.878844565017E0,1.205E0));
#278=LINE('',#277,#276);
#279=DIRECTION('',(0.E0,0.E0,-1.E0));
#280=VECTOR('',#279,1.65E0);
#281=CARTESIAN_POINT('',(-3.643568608068E0,-5.024888140569E-1,2.855E0));
#282=LINE('',#281,#280);
#283=DIRECTION('',(2.419516958268E-1,-9.702882957588E-1,0.E0));
#284=VECTOR('',#283,2.563654087910E-1);
#285=CARTESIAN_POINT('',(-3.349813456349E0,-3.850486135457E-1,1.205E0));
#286=LINE('',#285,#284);
#287=DIRECTION('',(0.E0,0.E0,1.E0));
#288=VECTOR('',#287,1.65E0);
#289=CARTESIAN_POINT('',(-3.287785410940E0,-6.337969691330E-1,1.205E0));
#290=LINE('',#289,#288);
#291=DIRECTION('',(2.419516958268E-1,-9.702882957588E-1,0.E0));
#292=VECTOR('',#291,2.563654087910E-1);
#293=CARTESIAN_POINT('',(-3.349813456349E0,-3.850486135457E-1,2.855E0));
#294=LINE('',#293,#292);
#295=DIRECTION('',(0.E0,0.E0,1.E0));
#296=VECTOR('',#295,1.65E0);
#297=CARTESIAN_POINT('',(-3.349813456349E0,-3.850486135457E-1,1.205E0));
#298=LINE('',#297,#296);
#299=DIRECTION('',(2.419516958268E-1,-9.702882957588E-1,0.E0));
#300=VECTOR('',#299,2.563654087910E-1);
#301=CARTESIAN_POINT('',(-3.349813456349E0,-3.850486135457E-1,3.745E0));
#302=LINE('',#301,#300);
#303=DIRECTION('',(0.E0,0.E0,1.E0));
#304=VECTOR('',#303,1.65E0);
#305=CARTESIAN_POINT('',(-3.287785410940E0,-6.337969691330E-1,3.745E0));
#306=LINE('',#305,#304);
#307=DIRECTION('',(2.419516958268E-1,-9.702882957588E-1,0.E0));
#308=VECTOR('',#307,2.563654087910E-1);
#309=CARTESIAN_POINT('',(-3.349813456349E0,-3.850486135457E-1,5.395E0));
#310=LINE('',#309,#308);
#311=DIRECTION('',(0.E0,0.E0,1.E0));
#312=VECTOR('',#311,1.65E0);
#313=CARTESIAN_POINT('',(-3.349813456349E0,-3.850486135457E-1,3.745E0));
#314=LINE('',#313,#312);
#315=DIRECTION('',(2.419516958268E-1,-9.702882957588E-1,0.E0));
#316=VECTOR('',#315,2.563654087910E-1);
#317=CARTESIAN_POINT('',(-3.349813456349E0,-3.850486135457E-1,6.285E0));
#318=LINE('',#317,#316);
#319=DIRECTION('',(0.E0,0.E0,1.E0));
#320=VECTOR('',#319,1.65E0);
#321=CARTESIAN_POINT('',(-3.287785410940E0,-6.337969691330E-1,6.285E0));
#322=LINE('',#321,#320);
#323=DIRECTION('',(2.419516958268E-1,-9.702882957588E-1,0.E0));
#324=VECTOR('',#323,2.563654087910E-1);
#325=CARTESIAN_POINT('',(-3.349813456349E0,-3.850486135457E-1,7.935E0));
#326=LINE('',#325,#324);
#327=DIRECTION('',(0.E0,0.E0,1.E0));
#328=VECTOR('',#327,1.65E0);
#329=CARTESIAN_POINT('',(-3.349813456349E0,-3.850486135457E-1,6.285E0));
#330=LINE('',#329,#328);
#331=DIRECTION('',(2.419516958268E-1,-9.702882957588E-1,0.E0));
#332=VECTOR('',#331,2.563654087910E-1);
#333=CARTESIAN_POINT('',(-3.349813456349E0,-3.850486135457E-1,8.825E0));
#334=LINE('',#333,#332);
#335=DIRECTION('',(0.E0,0.E0,1.E0));
#336=VECTOR('',#335,1.65E0);
#337=CARTESIAN_POINT('',(-3.287785410940E0,-6.337969691330E-1,8.825E0));
#338=LINE('',#337,#336);
#339=DIRECTION('',(2.419516958268E-1,-9.702882957588E-1,0.E0));
#340=VECTOR('',#339,2.563654087910E-1);
#341=CARTESIAN_POINT('',(-3.349813456349E0,-3.850486135457E-1,1.0475E1));
#342=LINE('',#341,#340);
#343=DIRECTION('',(0.E0,0.E0,1.E0));
#344=VECTOR('',#343,1.65E0);
#345=CARTESIAN_POINT('',(-3.349813456349E0,-3.850486135457E-1,8.825E0));
#346=LINE('',#345,#344);
#347=DIRECTION('',(2.419516958268E-1,-9.702882957588E-1,0.E0));
#348=VECTOR('',#347,2.563654087910E-1);
#349=CARTESIAN_POINT('',(-3.349813456349E0,-3.850486135457E-1,1.1365E1));
#350=LINE('',#349,#348);
#351=DIRECTION('',(0.E0,0.E0,1.E0));
#352=VECTOR('',#351,1.65E0);
#353=CARTESIAN_POINT('',(-3.287785410940E0,-6.337969691330E-1,1.1365E1));
#354=LINE('',#353,#352);
#355=DIRECTION('',(2.419516958268E-1,-9.702882957588E-1,0.E0));
#356=VECTOR('',#355,2.563654087910E-1);
#357=CARTESIAN_POINT('',(-3.349813456349E0,-3.850486135457E-1,1.3015E1));
#358=LINE('',#357,#356);
#359=DIRECTION('',(0.E0,0.E0,1.E0));
#360=VECTOR('',#359,1.65E0);
#361=CARTESIAN_POINT('',(-3.349813456349E0,-3.850486135457E-1,1.1365E1));
#362=LINE('',#361,#360);
#363=DIRECTION('',(2.419516958268E-1,-9.702882957588E-1,0.E0));
#364=VECTOR('',#363,2.563654087910E-1);
#365=CARTESIAN_POINT('',(-3.349813456349E0,-3.850486135457E-1,1.3905E1));
#366=LINE('',#365,#364);
#367=DIRECTION('',(0.E0,0.E0,1.E0));
#368=VECTOR('',#367,1.65E0);
#369=CARTESIAN_POINT('',(-3.287785410940E0,-6.337969691330E-1,1.3905E1));
#370=LINE('',#369,#368);
#371=DIRECTION('',(2.419516958268E-1,-9.702882957588E-1,0.E0));
#372=VECTOR('',#371,2.563654087910E-1);
#373=CARTESIAN_POINT('',(-3.349813456349E0,-3.850486135457E-1,1.5555E1));
#374=LINE('',#373,#372);
#375=DIRECTION('',(0.E0,0.E0,1.E0));
#376=VECTOR('',#375,1.65E0);
#377=CARTESIAN_POINT('',(-3.349813456349E0,-3.850486135457E-1,1.3905E1));
#378=LINE('',#377,#376);
#379=DIRECTION('',(2.419516958268E-1,-9.702882957588E-1,0.E0));
#380=VECTOR('',#379,2.563654087910E-1);
#381=CARTESIAN_POINT('',(-3.349813456349E0,-3.850486135457E-1,1.6445E1));
#382=LINE('',#381,#380);
#383=DIRECTION('',(0.E0,0.E0,1.E0));
#384=VECTOR('',#383,1.65E0);
#385=CARTESIAN_POINT('',(-3.287785410940E0,-6.337969691330E-1,1.6445E1));
#386=LINE('',#385,#384);
#387=DIRECTION('',(2.419516958268E-1,-9.702882957588E-1,0.E0));
#388=VECTOR('',#387,2.563654087910E-1);
#389=CARTESIAN_POINT('',(-3.349813456349E0,-3.850486135457E-1,1.8095E1));
#390=LINE('',#389,#388);
#391=DIRECTION('',(0.E0,0.E0,1.E0));
#392=VECTOR('',#391,1.65E0);
#393=CARTESIAN_POINT('',(-3.349813456349E0,-3.850486135457E-1,1.6445E1));
#394=LINE('',#393,#392);
#395=DIRECTION('',(2.419516958268E-1,-9.702882957588E-1,0.E0));
#396=VECTOR('',#395,2.563654087910E-1);
#397=CARTESIAN_POINT('',(-3.349813456349E0,-3.850486135457E-1,1.8985E1));
#398=LINE('',#397,#396);
#399=DIRECTION('',(0.E0,0.E0,1.E0));
#400=VECTOR('',#399,1.65E0);
#401=CARTESIAN_POINT('',(-3.287785410940E0,-6.337969691330E-1,1.8985E1));
#402=LINE('',#401,#400);
#403=DIRECTION('',(2.419516958268E-1,-9.702882957588E-1,0.E0));
#404=VECTOR('',#403,2.563654087910E-1);
#405=CARTESIAN_POINT('',(-3.349813456349E0,-3.850486135457E-1,2.0635E1));
#406=LINE('',#405,#404);
#407=DIRECTION('',(0.E0,0.E0,1.E0));
#408=VECTOR('',#407,1.65E0);
#409=CARTESIAN_POINT('',(-3.349813456349E0,-3.850486135457E-1,1.8985E1));
#410=LINE('',#409,#408);
#411=DIRECTION('',(2.419516958268E-1,-9.702882957588E-1,0.E0));
#412=VECTOR('',#411,1.521265277300E0);
#413=CARTESIAN_POINT('',(-3.355073499852E0,-3.639544913105E-1,2.197E1));
#414=LINE('',#413,#412);
#415=DIRECTION('',(0.E0,0.E0,1.E0));
#416=VECTOR('',#415,2.197E1);
#417=CARTESIAN_POINT('',(-3.355073499852E0,-3.639544913105E-1,0.E0));
#418=LINE('',#417,#416);
#419=DIRECTION('',(0.E0,0.E0,1.E0));
#420=VECTOR('',#419,1.65E0);
#421=CARTESIAN_POINT('',(-3.401231046514E0,-6.791513335107E-1,1.205E0));
#422=LINE('',#421,#420);
#423=CARTESIAN_POINT('',(-3.215619994442E0,-1.143423384520E0,1.205E0));
#424=DIRECTION('',(0.E0,0.E0,1.E0));
#425=DIRECTION('',(-3.712221041445E-1,9.285441020191E-1,0.E0));
#426=AXIS2_PLACEMENT_3D('',#423,#424,#425);
#428=CARTESIAN_POINT('',(-3.215619994442E0,-1.143423384520E0,2.855E0));
#429=DIRECTION('',(0.E0,0.E0,-1.E0));
#430=DIRECTION('',(-9.975948487503E-1,6.931462866478E-2,0.E0));
#431=AXIS2_PLACEMENT_3D('',#428,#429,#430);
#433=DIRECTION('',(0.E0,0.E0,1.E0));
#434=VECTOR('',#433,1.65E0);
#435=CARTESIAN_POINT('',(-3.714417418817E0,-1.108766070188E0,1.205E0));
#436=LINE('',#435,#434);
#437=DIRECTION('',(-5.900328267444E-2,-8.491911734829E-1,5.247789663395E-1));
#438=VECTOR('',#437,1.002341287533E0);
#439=CARTESIAN_POINT('',(-3.767923814704E0,-1.878844565017E0,1.205E0));
#440=LINE('',#439,#438);
#441=DIRECTION('',(6.931462866478E-2,9.975948487503E-1,0.E0));
#442=VECTOR('',#441,3.438269558325E0);
#443=CARTESIAN_POINT('',(-4.065387618713E0,-6.160023939208E0,1.731007624791E0));
#444=LINE('',#443,#442);
#445=DIRECTION('',(0.E0,0.E0,1.E0));
#446=VECTOR('',#445,5.979847504179E-1);
#447=CARTESIAN_POINT('',(-4.065387618713E0,-6.160023939208E0,1.731007624791E0));
#448=LINE('',#447,#446);
#449=DIRECTION('',(6.931462866478E-2,9.975948487503E-1,0.E0));
#450=VECTOR('',#449,3.438269558325E0);
#451=CARTESIAN_POINT('',(-4.065387618713E0,-6.160023939208E0,2.328992375209E0));
#452=LINE('',#451,#450);
#453=DIRECTION('',(5.900328267444E-2,8.491911734829E-1,5.247789663395E-1));
#454=VECTOR('',#453,1.002341287533E0);
#455=CARTESIAN_POINT('',(-3.827065241028E0,-2.730023939208E0,2.328992375209E0));
#456=LINE('',#455,#454);
#457=DIRECTION('',(1.E0,0.E0,0.E0));
#458=VECTOR('',#457,2.546123812871E-1);
#459=CARTESIAN_POINT('',(3.827065241028E0,-2.730023939208E0,1.731007624791E0));
#460=LINE('',#459,#458);
#461=DIRECTION('',(1.E0,0.E0,0.E0));
#462=VECTOR('',#461,2.546123812871E-1);
#463=CARTESIAN_POINT('',(-4.081677622315E0,-2.730023939208E0,1.731007624791E0));
#464=LINE('',#463,#462);
#465=DIRECTION('',(0.E0,0.E0,1.E0));
#466=VECTOR('',#465,1.65E0);
#467=CARTESIAN_POINT('',(3.714417418817E0,-1.108766070188E0,1.205E0));
#468=LINE('',#467,#466);
#469=DIRECTION('',(-5.900328267444E-2,8.491911734829E-1,5.247789663395E-1));
#470=VECTOR('',#469,1.002341287533E0);
#471=CARTESIAN_POINT('',(3.827065241028E0,-2.730023939208E0,2.328992375209E0));
#472=LINE('',#471,#470);
#473=DIRECTION('',(-6.931462866478E-2,9.975948487503E-1,0.E0));
#474=VECTOR('',#473,3.438269558325E0);
#475=CARTESIAN_POINT('',(4.065387618713E0,-6.160023939208E0,2.328992375209E0));
#476=LINE('',#475,#474);
#477=DIRECTION('',(-6.931462866478E-2,9.975948487503E-1,0.E0));
#478=VECTOR('',#477,3.438269558325E0);
#479=CARTESIAN_POINT('',(4.065387618713E0,-6.160023939208E0,1.731007624791E0));
#480=LINE('',#479,#478);
#481=DIRECTION('',(5.900328267444E-2,-8.491911734829E-1,5.247789663395E-1));
#482=VECTOR('',#481,1.002341287533E0);
#483=CARTESIAN_POINT('',(3.767923814704E0,-1.878844565017E0,1.205E0));
#484=LINE('',#483,#482);
#485=CARTESIAN_POINT('',(3.215619994442E0,-1.143423384520E0,1.205E0));
#486=DIRECTION('',(0.E0,0.E0,1.E0));
#487=DIRECTION('',(9.975948487503E-1,6.931462866478E-2,0.E0));
#488=AXIS2_PLACEMENT_3D('',#485,#486,#487);
#490=CARTESIAN_POINT('',(3.215619994442E0,-1.143423384520E0,2.855E0));
#491=DIRECTION('',(0.E0,0.E0,-1.E0));
#492=DIRECTION('',(3.712221041445E-1,9.285441020191E-1,0.E0));
#493=AXIS2_PLACEMENT_3D('',#490,#491,#492);
#495=DIRECTION('',(0.E0,0.E0,1.E0));
#496=VECTOR('',#495,1.65E0);
#497=CARTESIAN_POINT('',(3.401231046514E0,-6.791513335107E-1,1.205E0));
#498=LINE('',#497,#496);
#499=CARTESIAN_POINT('',(3.457957555996E0,-9.667608650665E-1,2.855E0));
#500=DIRECTION('',(0.E0,0.E0,1.E0));
#501=DIRECTION('',(9.975948487503E-1,6.931462866478E-2,0.E0));
#502=AXIS2_PLACEMENT_3D('',#499,#500,#501);
#504=DIRECTION('',(-6.931462866478E-2,9.975948487503E-1,0.E0));
#505=VECTOR('',#504,9.490235594831E-1);
#506=CARTESIAN_POINT('',(4.022536195991E0,-1.878844565017E0,2.855E0));
#507=LINE('',#506,#505);
#508=DIRECTION('',(1.E0,0.E0,0.E0));
#509=VECTOR('',#508,2.546123812871E-1);
#510=CARTESIAN_POINT('',(3.767923814704E0,-1.878844565017E0,2.855E0));
#511=LINE('',#510,#509);
#512=DIRECTION('',(6.931462866478E-2,-9.975948487503E-1,0.E0));
#513=VECTOR('',#512,7.719351155370E-1);
#514=CARTESIAN_POINT('',(3.714417418817E0,-1.108766070188E0,2.855E0));
#515=LINE('',#514,#513);
#516=DIRECTION('',(9.285441020191E-1,-3.712221041445E-1,0.E0));
#517=VECTOR('',#516,1.221758183882E-1);
#518=CARTESIAN_POINT('',(3.287785410940E0,-6.337969691330E-1,2.855E0));
#519=LINE('',#518,#517);
#520=DIRECTION('',(-9.285441020191E-1,3.712221041445E-1,0.E0));
#521=VECTOR('',#520,3.163610119119E-1);
#522=CARTESIAN_POINT('',(3.643568608068E0,-5.024888140569E-1,2.855E0));
#523=LINE('',#522,#521);
#524=CARTESIAN_POINT('',(-3.457957555996E0,-9.667608650665E-1,2.855E0));
#525=DIRECTION('',(0.E0,0.E0,1.E0));
#526=DIRECTION('',(-3.712221041445E-1,9.285441020191E-1,0.E0));
#527=AXIS2_PLACEMENT_3D('',#524,#525,#526);
#529=DIRECTION('',(-9.285441020191E-1,-3.712221041445E-1,0.E0));
#530=VECTOR('',#529,3.163610119119E-1);
#531=CARTESIAN_POINT('',(-3.349813456349E0,-3.850486135457E-1,2.855E0));
#532=LINE('',#531,#530);
#533=DIRECTION('',(9.285441020191E-1,3.712221041445E-1,0.E0));
#534=VECTOR('',#533,1.221758183882E-1);
#535=CARTESIAN_POINT('',(-3.401231046514E0,-6.791513335107E-1,2.855E0));
#536=LINE('',#535,#534);
#537=DIRECTION('',(6.931462866478E-2,9.975948487503E-1,0.E0));
#538=VECTOR('',#537,7.719351155370E-1);
#539=CARTESIAN_POINT('',(-3.767923814704E0,-1.878844565017E0,2.855E0));
#540=LINE('',#539,#538);
#541=DIRECTION('',(1.E0,0.E0,0.E0));
#542=VECTOR('',#541,2.546123812871E-1);
#543=CARTESIAN_POINT('',(-4.022536195991E0,-1.878844565017E0,2.855E0));
#544=LINE('',#543,#542);
#545=DIRECTION('',(-6.931462866478E-2,-9.975948487503E-1,0.E0));
#546=VECTOR('',#545,9.490235594831E-1);
#547=CARTESIAN_POINT('',(-3.956754980371E0,-9.321035507341E-1,2.855E0));
#548=LINE('',#547,#546);
#549=DIRECTION('',(1.E0,0.E0,0.E0));
#550=VECTOR('',#549,2.546123812871E-1);
#551=CARTESIAN_POINT('',(-4.081677622315E0,-2.730023939208E0,2.328992375209E0));
#552=LINE('',#551,#550);
#553=DIRECTION('',(1.E0,0.E0,0.E0));
#554=VECTOR('',#553,2.546123812871E-1);
#555=CARTESIAN_POINT('',(3.827065241028E0,-2.730023939208E0,2.328992375209E0));
#556=LINE('',#555,#554);
#557=DIRECTION('',(1.E0,0.E0,0.E0));
#558=VECTOR('',#557,2.546123812871E-1);
#559=CARTESIAN_POINT('',(4.065387618713E0,-6.160023939208E0,1.731007624791E0));
#560=LINE('',#559,#558);
#561=DIRECTION('',(0.E0,0.E0,1.E0));
#562=VECTOR('',#561,5.979847504179E-1);
#563=CARTESIAN_POINT('',(4.065387618713E0,-6.160023939208E0,1.731007624791E0));
#564=LINE('',#563,#562);
#565=DIRECTION('',(1.E0,0.E0,0.E0));
#566=VECTOR('',#565,2.546123812871E-1);
#567=CARTESIAN_POINT('',(4.065387618713E0,-6.160023939208E0,2.328992375209E0));
#568=LINE('',#567,#566);
#569=DIRECTION('',(1.E0,0.E0,0.E0));
#570=VECTOR('',#569,2.546123812871E-1);
#571=CARTESIAN_POINT('',(-4.32E0,-6.160023939208E0,1.731007624791E0));
#572=LINE('',#571,#570);
#573=DIRECTION('',(0.E0,0.E0,1.E0));
#574=VECTOR('',#573,5.979847504179E-1);
#575=CARTESIAN_POINT('',(-4.32E0,-6.160023939208E0,1.731007624791E0));
#576=LINE('',#575,#574);
#577=DIRECTION('',(1.E0,0.E0,0.E0));
#578=VECTOR('',#577,2.546123812871E-1);
#579=CARTESIAN_POINT('',(-4.32E0,-6.160023939208E0,2.328992375209E0));
#580=LINE('',#579,#578);
#581=DIRECTION('',(0.E0,0.E0,-1.E0));
#582=VECTOR('',#581,1.65E0);
#583=CARTESIAN_POINT('',(3.643568608068E0,-5.024888140569E-1,2.855E0));
#584=LINE('',#583,#582);
#585=CARTESIAN_POINT('',(3.457957555996E0,-9.667608650665E-1,3.745E0));
#586=DIRECTION('',(0.E0,0.E0,-1.E0));
#587=DIRECTION('',(3.712221041445E-1,9.285441020191E-1,0.E0));
#588=AXIS2_PLACEMENT_3D('',#585,#586,#587);
#590=DIRECTION('',(-9.285441020191E-1,3.712221041445E-1,0.E0));
#591=VECTOR('',#590,3.163610119119E-1);
#592=CARTESIAN_POINT('',(3.643568608068E0,-5.024888140569E-1,3.745E0));
#593=LINE('',#592,#591);
#594=DIRECTION('',(9.285441020191E-1,-3.712221041445E-1,0.E0));
#595=VECTOR('',#594,1.221758183882E-1);
#596=CARTESIAN_POINT('',(3.287785410940E0,-6.337969691330E-1,3.745E0));
#597=LINE('',#596,#595);
#598=DIRECTION('',(6.931462866478E-2,-9.975948487503E-1,0.E0));
#599=VECTOR('',#598,7.719351155370E-1);
#600=CARTESIAN_POINT('',(3.714417418817E0,-1.108766070188E0,3.745E0));
#601=LINE('',#600,#599);
#602=DIRECTION('',(1.E0,0.E0,0.E0));
#603=VECTOR('',#602,2.546123812871E-1);
#604=CARTESIAN_POINT('',(3.767923814704E0,-1.878844565017E0,3.745E0));
#605=LINE('',#604,#603);
#606=DIRECTION('',(-6.931462866478E-2,9.975948487503E-1,0.E0));
#607=VECTOR('',#606,9.490235594831E-1);
#608=CARTESIAN_POINT('',(4.022536195991E0,-1.878844565017E0,3.745E0));
#609=LINE('',#608,#607);
#610=CARTESIAN_POINT('',(-3.457957555996E0,-9.667608650665E-1,3.745E0));
#611=DIRECTION('',(0.E0,0.E0,-1.E0));
#612=DIRECTION('',(-9.975948487503E-1,6.931462866478E-2,0.E0));
#613=AXIS2_PLACEMENT_3D('',#610,#611,#612);
#615=DIRECTION('',(-6.931462866478E-2,-9.975948487503E-1,0.E0));
#616=VECTOR('',#615,9.490235594831E-1);
#617=CARTESIAN_POINT('',(-3.956754980371E0,-9.321035507341E-1,3.745E0));
#618=LINE('',#617,#616);
#619=DIRECTION('',(1.E0,0.E0,0.E0));
#620=VECTOR('',#619,2.546123812871E-1);
#621=CARTESIAN_POINT('',(-4.022536195991E0,-1.878844565017E0,3.745E0));
#622=LINE('',#621,#620);
#623=DIRECTION('',(6.931462866478E-2,9.975948487503E-1,0.E0));
#624=VECTOR('',#623,7.719351155370E-1);
#625=CARTESIAN_POINT('',(-3.767923814704E0,-1.878844565017E0,3.745E0));
#626=LINE('',#625,#624);
#627=DIRECTION('',(9.285441020191E-1,3.712221041445E-1,0.E0));
#628=VECTOR('',#627,1.221758183882E-1);
#629=CARTESIAN_POINT('',(-3.401231046514E0,-6.791513335107E-1,3.745E0));
#630=LINE('',#629,#628);
#631=DIRECTION('',(-9.285441020191E-1,-3.712221041445E-1,0.E0));
#632=VECTOR('',#631,3.163610119119E-1);
#633=CARTESIAN_POINT('',(-3.349813456349E0,-3.850486135457E-1,3.745E0));
#634=LINE('',#633,#632);
#635=DIRECTION('',(0.E0,0.E0,-1.E0));
#636=VECTOR('',#635,1.65E0);
#637=CARTESIAN_POINT('',(3.956754980371E0,-9.321035507341E-1,5.395E0));
#638=LINE('',#637,#636);
#639=DIRECTION('',(5.900328267444E-2,-8.491911734829E-1,5.247789663395E-1));
#640=VECTOR('',#639,1.002341287533E0);
#641=CARTESIAN_POINT('',(4.022536195991E0,-1.878844565017E0,3.745E0));
#642=LINE('',#641,#640);
#643=DIRECTION('',(-6.931462866478E-2,9.975948487503E-1,0.E0));
#644=VECTOR('',#643,3.438269558325E0);
#645=CARTESIAN_POINT('',(4.32E0,-6.160023939208E0,4.271007624791E0));
#646=LINE('',#645,#644);
#647=DIRECTION('',(0.E0,0.E0,1.E0));
#648=VECTOR('',#647,5.979847504179E-1);
#649=CARTESIAN_POINT('',(4.32E0,-6.160023939208E0,4.271007624791E0));
#650=LINE('',#649,#648);
#651=DIRECTION('',(-6.931462866478E-2,9.975948487503E-1,0.E0));
#652=VECTOR('',#651,3.438269558325E0);
#653=CARTESIAN_POINT('',(4.32E0,-6.160023939208E0,4.868992375209E0));
#654=LINE('',#653,#652);
#655=DIRECTION('',(-5.900328267444E-2,8.491911734829E-1,5.247789663395E-1));
#656=VECTOR('',#655,1.002341287533E0);
#657=CARTESIAN_POINT('',(4.081677622315E0,-2.730023939208E0,4.868992375209E0));
#658=LINE('',#657,#656);
#659=DIRECTION('',(0.E0,0.E0,-1.E0));
#660=VECTOR('',#659,1.65E0);
#661=CARTESIAN_POINT('',(-3.956754980371E0,-9.321035507341E-1,5.395E0));
#662=LINE('',#661,#660);
#663=DIRECTION('',(5.900328267444E-2,8.491911734829E-1,5.247789663395E-1));
#664=VECTOR('',#663,1.002341287533E0);
#665=CARTESIAN_POINT('',(-4.081677622315E0,-2.730023939208E0,4.868992375209E0));
#666=LINE('',#665,#664);
#667=DIRECTION('',(6.931462866478E-2,9.975948487503E-1,0.E0));
#668=VECTOR('',#667,3.438269558325E0);
#669=CARTESIAN_POINT('',(-4.32E0,-6.160023939208E0,4.868992375209E0));
#670=LINE('',#669,#668);
#671=DIRECTION('',(6.931462866478E-2,9.975948487503E-1,0.E0));
#672=VECTOR('',#671,3.438269558325E0);
#673=CARTESIAN_POINT('',(-4.32E0,-6.160023939208E0,4.271007624791E0));
#674=LINE('',#673,#672);
#675=DIRECTION('',(-5.900328267444E-2,-8.491911734829E-1,5.247789663395E-1));
#676=VECTOR('',#675,1.002341287533E0);
#677=CARTESIAN_POINT('',(-4.022536195991E0,-1.878844565017E0,3.745E0));
#678=LINE('',#677,#676);
#679=DIRECTION('',(0.E0,0.E0,-1.E0));
#680=VECTOR('',#679,1.65E0);
#681=CARTESIAN_POINT('',(-3.643568608068E0,-5.024888140569E-1,5.395E0));
#682=LINE('',#681,#680);
#683=CARTESIAN_POINT('',(3.457957555996E0,-9.667608650665E-1,5.395E0));
#684=DIRECTION('',(0.E0,0.E0,1.E0));
#685=DIRECTION('',(9.975948487503E-1,6.931462866478E-2,0.E0));
#686=AXIS2_PLACEMENT_3D('',#683,#684,#685);
#688=DIRECTION('',(-6.931462866478E-2,9.975948487503E-1,0.E0));
#689=VECTOR('',#688,9.490235594831E-1);
#690=CARTESIAN_POINT('',(4.022536195991E0,-1.878844565017E0,5.395E0));
#691=LINE('',#690,#689);
#692=DIRECTION('',(1.E0,0.E0,0.E0));
#693=VECTOR('',#692,2.546123812871E-1);
#694=CARTESIAN_POINT('',(3.767923814704E0,-1.878844565017E0,5.395E0));
#695=LINE('',#694,#693);
#696=DIRECTION('',(6.931462866478E-2,-9.975948487503E-1,0.E0));
#697=VECTOR('',#696,7.719351155370E-1);
#698=CARTESIAN_POINT('',(3.714417418817E0,-1.108766070188E0,5.395E0));
#699=LINE('',#698,#697);
#700=DIRECTION('',(9.285441020191E-1,-3.712221041445E-1,-1.453934880760E-14));
#701=VECTOR('',#700,1.221758183882E-1);
#702=CARTESIAN_POINT('',(3.287785410940E0,-6.337969691330E-1,5.395E0));
#703=LINE('',#702,#701);
#704=DIRECTION('',(-9.285441020191E-1,3.712221041445E-1,0.E0));
#705=VECTOR('',#704,3.163610119119E-1);
#706=CARTESIAN_POINT('',(3.643568608068E0,-5.024888140569E-1,5.395E0));
#707=LINE('',#706,#705);
#708=CARTESIAN_POINT('',(-3.457957555996E0,-9.667608650665E-1,5.395E0));
#709=DIRECTION('',(0.E0,0.E0,1.E0));
#710=DIRECTION('',(-3.712221041445E-1,9.285441020191E-1,0.E0));
#711=AXIS2_PLACEMENT_3D('',#708,#709,#710);
#713=DIRECTION('',(-9.285441020191E-1,-3.712221041445E-1,0.E0));
#714=VECTOR('',#713,3.163610119119E-1);
#715=CARTESIAN_POINT('',(-3.349813456349E0,-3.850486135457E-1,5.395E0));
#716=LINE('',#715,#714);
#717=DIRECTION('',(9.285441020191E-1,3.712221041445E-1,1.453934880760E-14));
#718=VECTOR('',#717,1.221758183882E-1);
#719=CARTESIAN_POINT('',(-3.401231046514E0,-6.791513335107E-1,5.395E0));
#720=LINE('',#719,#718);
#721=DIRECTION('',(6.931462866478E-2,9.975948487503E-1,0.E0));
#722=VECTOR('',#721,7.719351155370E-1);
#723=CARTESIAN_POINT('',(-3.767923814704E0,-1.878844565017E0,5.395E0));
#724=LINE('',#723,#722);
#725=DIRECTION('',(1.E0,0.E0,0.E0));
#726=VECTOR('',#725,2.546123812871E-1);
#727=CARTESIAN_POINT('',(-4.022536195991E0,-1.878844565017E0,5.395E0));
#728=LINE('',#727,#726);
#729=DIRECTION('',(-6.931462866478E-2,-9.975948487503E-1,0.E0));
#730=VECTOR('',#729,9.490235594831E-1);
#731=CARTESIAN_POINT('',(-3.956754980371E0,-9.321035507341E-1,5.395E0));
#732=LINE('',#731,#730);
#733=DIRECTION('',(1.E0,0.E0,0.E0));
#734=VECTOR('',#733,2.546123812871E-1);
#735=CARTESIAN_POINT('',(-4.081677622315E0,-2.730023939208E0,4.868992375209E0));
#736=LINE('',#735,#734);
#737=DIRECTION('',(1.E0,0.E0,0.E0));
#738=VECTOR('',#737,2.546123812871E-1);
#739=CARTESIAN_POINT('',(3.827065241028E0,-2.730023939208E0,4.868992375209E0));
#740=LINE('',#739,#738);
#741=DIRECTION('',(0.E0,0.E0,1.E0));
#742=VECTOR('',#741,1.65E0);
#743=CARTESIAN_POINT('',(-3.714417418817E0,-1.108766070188E0,3.745E0));
#744=LINE('',#743,#742);
#745=DIRECTION('',(-5.900328267444E-2,-8.491911734829E-1,5.247789663395E-1));
#746=VECTOR('',#745,1.002341287533E0);
#747=CARTESIAN_POINT('',(-3.767923814704E0,-1.878844565017E0,3.745E0));
#748=LINE('',#747,#746);
#749=DIRECTION('',(6.931462866478E-2,9.975948487503E-1,0.E0));
#750=VECTOR('',#749,3.438269558325E0);
#751=CARTESIAN_POINT('',(-4.065387618713E0,-6.160023939208E0,4.271007624791E0));
#752=LINE('',#751,#750);
#753=DIRECTION('',(0.E0,0.E0,1.E0));
#754=VECTOR('',#753,5.979847504179E-1);
#755=CARTESIAN_POINT('',(-4.065387618713E0,-6.160023939208E0,4.271007624791E0));
#756=LINE('',#755,#754);
#757=DIRECTION('',(6.931462866478E-2,9.975948487503E-1,0.E0));
#758=VECTOR('',#757,3.438269558325E0);
#759=CARTESIAN_POINT('',(-4.065387618713E0,-6.160023939208E0,4.868992375209E0));
#760=LINE('',#759,#758);
#761=DIRECTION('',(5.900328267444E-2,8.491911734829E-1,5.247789663395E-1));
#762=VECTOR('',#761,1.002341287533E0);
#763=CARTESIAN_POINT('',(-3.827065241028E0,-2.730023939208E0,4.868992375209E0));
#764=LINE('',#763,#762);
#765=CARTESIAN_POINT('',(-3.215619994442E0,-1.143423384520E0,3.745E0));
#766=DIRECTION('',(0.E0,0.E0,1.E0));
#767=DIRECTION('',(-3.712221041445E-1,9.285441020191E-1,0.E0));
#768=AXIS2_PLACEMENT_3D('',#765,#766,#767);
#770=CARTESIAN_POINT('',(-3.215619994442E0,-1.143423384520E0,5.395E0));
#771=DIRECTION('',(0.E0,0.E0,-1.E0));
#772=DIRECTION('',(-9.975948487503E-1,6.931462866478E-2,0.E0));
#773=AXIS2_PLACEMENT_3D('',#770,#771,#772);
#775=DIRECTION('',(0.E0,0.E0,1.E0));
#776=VECTOR('',#775,1.65E0);
#777=CARTESIAN_POINT('',(-3.401231046514E0,-6.791513335107E-1,3.745E0));
#778=LINE('',#777,#776);
#779=DIRECTION('',(1.E0,0.E0,0.E0));
#780=VECTOR('',#779,2.546123812871E-1);
#781=CARTESIAN_POINT('',(3.827065241028E0,-2.730023939208E0,4.271007624791E0));
#782=LINE('',#781,#780);
#783=DIRECTION('',(1.E0,0.E0,0.E0));
#784=VECTOR('',#783,2.546123812871E-1);
#785=CARTESIAN_POINT('',(-4.081677622315E0,-2.730023939208E0,4.271007624791E0));
#786=LINE('',#785,#784);
#787=DIRECTION('',(0.E0,0.E0,1.E0));
#788=VECTOR('',#787,1.65E0);
#789=CARTESIAN_POINT('',(3.714417418817E0,-1.108766070188E0,3.745E0));
#790=LINE('',#789,#788);
#791=DIRECTION('',(-5.900328267444E-2,8.491911734829E-1,5.247789663395E-1));
#792=VECTOR('',#791,1.002341287533E0);
#793=CARTESIAN_POINT('',(3.827065241028E0,-2.730023939208E0,4.868992375209E0));
#794=LINE('',#793,#792);
#795=DIRECTION('',(-6.931462866478E-2,9.975948487503E-1,0.E0));
#796=VECTOR('',#795,3.438269558325E0);
#797=CARTESIAN_POINT('',(4.065387618713E0,-6.160023939208E0,4.868992375209E0));
#798=LINE('',#797,#796);
#799=DIRECTION('',(-6.931462866478E-2,9.975948487503E-1,0.E0));
#800=VECTOR('',#799,3.438269558325E0);
#801=CARTESIAN_POINT('',(4.065387618713E0,-6.160023939208E0,4.271007624791E0));
#802=LINE('',#801,#800);
#803=DIRECTION('',(5.900328267444E-2,-8.491911734829E-1,5.247789663395E-1));
#804=VECTOR('',#803,1.002341287533E0);
#805=CARTESIAN_POINT('',(3.767923814704E0,-1.878844565017E0,3.745E0));
#806=LINE('',#805,#804);
#807=CARTESIAN_POINT('',(3.215619994442E0,-1.143423384520E0,3.745E0));
#808=DIRECTION('',(0.E0,0.E0,1.E0));
#809=DIRECTION('',(9.975948487503E-1,6.931462866478E-2,0.E0));
#810=AXIS2_PLACEMENT_3D('',#807,#808,#809);
#812=CARTESIAN_POINT('',(3.215619994442E0,-1.143423384520E0,5.395E0));
#813=DIRECTION('',(0.E0,0.E0,-1.E0));
#814=DIRECTION('',(3.712221041445E-1,9.285441020191E-1,0.E0));
#815=AXIS2_PLACEMENT_3D('',#812,#813,#814);
#817=DIRECTION('',(0.E0,0.E0,1.E0));
#818=VECTOR('',#817,1.65E0);
#819=CARTESIAN_POINT('',(3.401231046514E0,-6.791513335107E-1,3.745E0));
#820=LINE('',#819,#818);
#821=DIRECTION('',(1.E0,0.E0,0.E0));
#822=VECTOR('',#821,2.546123812871E-1);
#823=CARTESIAN_POINT('',(4.065387618713E0,-6.160023939208E0,4.271007624791E0));
#824=LINE('',#823,#822);
#825=DIRECTION('',(0.E0,0.E0,1.E0));
#826=VECTOR('',#825,5.979847504179E-1);
#827=CARTESIAN_POINT('',(4.065387618713E0,-6.160023939208E0,4.271007624791E0));
#828=LINE('',#827,#826);
#829=DIRECTION('',(1.E0,0.E0,0.E0));
#830=VECTOR('',#829,2.546123812871E-1);
#831=CARTESIAN_POINT('',(4.065387618713E0,-6.160023939208E0,4.868992375209E0));
#832=LINE('',#831,#830);
#833=DIRECTION('',(1.E0,0.E0,0.E0));
#834=VECTOR('',#833,2.546123812871E-1);
#835=CARTESIAN_POINT('',(-4.32E0,-6.160023939208E0,4.271007624791E0));
#836=LINE('',#835,#834);
#837=DIRECTION('',(0.E0,0.E0,1.E0));
#838=VECTOR('',#837,5.979847504179E-1);
#839=CARTESIAN_POINT('',(-4.32E0,-6.160023939208E0,4.271007624791E0));
#840=LINE('',#839,#838);
#841=DIRECTION('',(1.E0,0.E0,0.E0));
#842=VECTOR('',#841,2.546123812871E-1);
#843=CARTESIAN_POINT('',(-4.32E0,-6.160023939208E0,4.868992375209E0));
#844=LINE('',#843,#842);
#845=DIRECTION('',(0.E0,0.E0,-1.E0));
#846=VECTOR('',#845,1.65E0);
#847=CARTESIAN_POINT('',(3.643568608068E0,-5.024888140569E-1,5.395E0));
#848=LINE('',#847,#846);
#849=CARTESIAN_POINT('',(3.457957555996E0,-9.667608650665E-1,6.285E0));
#850=DIRECTION('',(0.E0,0.E0,-1.E0));
#851=DIRECTION('',(3.712221041445E-1,9.285441020191E-1,0.E0));
#852=AXIS2_PLACEMENT_3D('',#849,#850,#851);
#854=DIRECTION('',(-9.285441020191E-1,3.712221041445E-1,0.E0));
#855=VECTOR('',#854,3.163610119119E-1);
#856=CARTESIAN_POINT('',(3.643568608068E0,-5.024888140569E-1,6.285E0));
#857=LINE('',#856,#855);
#858=DIRECTION('',(9.285441020191E-1,-3.712221041445E-1,-1.453934880760E-14));
#859=VECTOR('',#858,1.221758183882E-1);
#860=CARTESIAN_POINT('',(3.287785410940E0,-6.337969691330E-1,6.285E0));
#861=LINE('',#860,#859);
#862=DIRECTION('',(6.931462866478E-2,-9.975948487503E-1,0.E0));
#863=VECTOR('',#862,7.719351155370E-1);
#864=CARTESIAN_POINT('',(3.714417418817E0,-1.108766070188E0,6.285E0));
#865=LINE('',#864,#863);
#866=DIRECTION('',(1.E0,0.E0,0.E0));
#867=VECTOR('',#866,2.546123812871E-1);
#868=CARTESIAN_POINT('',(3.767923814704E0,-1.878844565017E0,6.285E0));
#869=LINE('',#868,#867);
#870=DIRECTION('',(-6.931462866478E-2,9.975948487503E-1,0.E0));
#871=VECTOR('',#870,9.490235594831E-1);
#872=CARTESIAN_POINT('',(4.022536195991E0,-1.878844565017E0,6.285E0));
#873=LINE('',#872,#871);
#874=CARTESIAN_POINT('',(-3.457957555996E0,-9.667608650665E-1,6.285E0));
#875=DIRECTION('',(0.E0,0.E0,-1.E0));
#876=DIRECTION('',(-9.975948487503E-1,6.931462866478E-2,0.E0));
#877=AXIS2_PLACEMENT_3D('',#874,#875,#876);
#879=DIRECTION('',(-6.931462866478E-2,-9.975948487503E-1,0.E0));
#880=VECTOR('',#879,9.490235594831E-1);
#881=CARTESIAN_POINT('',(-3.956754980371E0,-9.321035507341E-1,6.285E0));
#882=LINE('',#881,#880);
#883=DIRECTION('',(1.E0,0.E0,0.E0));
#884=VECTOR('',#883,2.546123812871E-1);
#885=CARTESIAN_POINT('',(-4.022536195991E0,-1.878844565017E0,6.285E0));
#886=LINE('',#885,#884);
#887=DIRECTION('',(6.931462866478E-2,9.975948487503E-1,0.E0));
#888=VECTOR('',#887,7.719351155370E-1);
#889=CARTESIAN_POINT('',(-3.767923814704E0,-1.878844565017E0,6.285E0));
#890=LINE('',#889,#888);
#891=DIRECTION('',(9.285441020191E-1,3.712221041445E-1,1.453934880760E-14));
#892=VECTOR('',#891,1.221758183882E-1);
#893=CARTESIAN_POINT('',(-3.401231046514E0,-6.791513335107E-1,6.285E0));
#894=LINE('',#893,#892);
#895=DIRECTION('',(-9.285441020191E-1,-3.712221041445E-1,0.E0));
#896=VECTOR('',#895,3.163610119119E-1);
#897=CARTESIAN_POINT('',(-3.349813456349E0,-3.850486135457E-1,6.285E0));
#898=LINE('',#897,#896);
#899=DIRECTION('',(0.E0,0.E0,-1.E0));
#900=VECTOR('',#899,1.65E0);
#901=CARTESIAN_POINT('',(3.956754980371E0,-9.321035507341E-1,7.935E0));
#902=LINE('',#901,#900);
#903=DIRECTION('',(5.900328267444E-2,-8.491911734829E-1,5.247789663395E-1));
#904=VECTOR('',#903,1.002341287533E0);
#905=CARTESIAN_POINT('',(4.022536195991E0,-1.878844565017E0,6.285E0));
#906=LINE('',#905,#904);
#907=DIRECTION('',(-6.931462866478E-2,9.975948487503E-1,0.E0));
#908=VECTOR('',#907,3.438269558325E0);
#909=CARTESIAN_POINT('',(4.32E0,-6.160023939208E0,6.811007624791E0));
#910=LINE('',#909,#908);
#911=DIRECTION('',(0.E0,0.E0,1.E0));
#912=VECTOR('',#911,5.979847504179E-1);
#913=CARTESIAN_POINT('',(4.32E0,-6.160023939208E0,6.811007624791E0));
#914=LINE('',#913,#912);
#915=DIRECTION('',(-6.931462866478E-2,9.975948487503E-1,0.E0));
#916=VECTOR('',#915,3.438269558325E0);
#917=CARTESIAN_POINT('',(4.32E0,-6.160023939208E0,7.408992375209E0));
#918=LINE('',#917,#916);
#919=DIRECTION('',(-5.900328267444E-2,8.491911734829E-1,5.247789663395E-1));
#920=VECTOR('',#919,1.002341287533E0);
#921=CARTESIAN_POINT('',(4.081677622315E0,-2.730023939208E0,7.408992375209E0));
#922=LINE('',#921,#920);
#923=DIRECTION('',(0.E0,0.E0,-1.E0));
#924=VECTOR('',#923,1.65E0);
#925=CARTESIAN_POINT('',(-3.956754980371E0,-9.321035507341E-1,7.935E0));
#926=LINE('',#925,#924);
#927=DIRECTION('',(5.900328267444E-2,8.491911734829E-1,5.247789663395E-1));
#928=VECTOR('',#927,1.002341287533E0);
#929=CARTESIAN_POINT('',(-4.081677622315E0,-2.730023939208E0,7.408992375209E0));
#930=LINE('',#929,#928);
#931=DIRECTION('',(6.931462866478E-2,9.975948487503E-1,0.E0));
#932=VECTOR('',#931,3.438269558325E0);
#933=CARTESIAN_POINT('',(-4.32E0,-6.160023939208E0,7.408992375209E0));
#934=LINE('',#933,#932);
#935=DIRECTION('',(6.931462866478E-2,9.975948487503E-1,0.E0));
#936=VECTOR('',#935,3.438269558325E0);
#937=CARTESIAN_POINT('',(-4.32E0,-6.160023939208E0,6.811007624791E0));
#938=LINE('',#937,#936);
#939=DIRECTION('',(-5.900328267444E-2,-8.491911734829E-1,5.247789663395E-1));
#940=VECTOR('',#939,1.002341287533E0);
#941=CARTESIAN_POINT('',(-4.022536195991E0,-1.878844565017E0,6.285E0));
#942=LINE('',#941,#940);
#943=DIRECTION('',(0.E0,0.E0,-1.E0));
#944=VECTOR('',#943,1.65E0);
#945=CARTESIAN_POINT('',(-3.643568608068E0,-5.024888140569E-1,7.935E0));
#946=LINE('',#945,#944);
#947=CARTESIAN_POINT('',(3.457957555996E0,-9.667608650665E-1,7.935E0));
#948=DIRECTION('',(0.E0,0.E0,1.E0));
#949=DIRECTION('',(9.975948487503E-1,6.931462866478E-2,0.E0));
#950=AXIS2_PLACEMENT_3D('',#947,#948,#949);
#952=DIRECTION('',(-6.931462866478E-2,9.975948487503E-1,0.E0));
#953=VECTOR('',#952,9.490235594831E-1);
#954=CARTESIAN_POINT('',(4.022536195991E0,-1.878844565017E0,7.935E0));
#955=LINE('',#954,#953);
#956=DIRECTION('',(1.E0,0.E0,0.E0));
#957=VECTOR('',#956,2.546123812871E-1);
#958=CARTESIAN_POINT('',(3.767923814704E0,-1.878844565017E0,7.935E0));
#959=LINE('',#958,#957);
#960=DIRECTION('',(6.931462866478E-2,-9.975948487503E-1,0.E0));
#961=VECTOR('',#960,7.719351155370E-1);
#962=CARTESIAN_POINT('',(3.714417418817E0,-1.108766070188E0,7.935E0));
#963=LINE('',#962,#961);
#964=DIRECTION('',(9.285441020191E-1,-3.712221041445E-1,0.E0));
#965=VECTOR('',#964,1.221758183882E-1);
#966=CARTESIAN_POINT('',(3.287785410940E0,-6.337969691330E-1,7.935E0));
#967=LINE('',#966,#965);
#968=DIRECTION('',(-9.285441020191E-1,3.712221041445E-1,0.E0));
#969=VECTOR('',#968,3.163610119119E-1);
#970=CARTESIAN_POINT('',(3.643568608068E0,-5.024888140569E-1,7.935E0));
#971=LINE('',#970,#969);
#972=CARTESIAN_POINT('',(-3.457957555996E0,-9.667608650665E-1,7.935E0));
#973=DIRECTION('',(0.E0,0.E0,1.E0));
#974=DIRECTION('',(-3.712221041445E-1,9.285441020191E-1,0.E0));
#975=AXIS2_PLACEMENT_3D('',#972,#973,#974);
#977=DIRECTION('',(-9.285441020191E-1,-3.712221041445E-1,0.E0));
#978=VECTOR('',#977,3.163610119119E-1);
#979=CARTESIAN_POINT('',(-3.349813456349E0,-3.850486135457E-1,7.935E0));
#980=LINE('',#979,#978);
#981=DIRECTION('',(9.285441020191E-1,3.712221041445E-1,0.E0));
#982=VECTOR('',#981,1.221758183882E-1);
#983=CARTESIAN_POINT('',(-3.401231046514E0,-6.791513335107E-1,7.935E0));
#984=LINE('',#983,#982);
#985=DIRECTION('',(6.931462866478E-2,9.975948487503E-1,0.E0));
#986=VECTOR('',#985,7.719351155370E-1);
#987=CARTESIAN_POINT('',(-3.767923814704E0,-1.878844565017E0,7.935E0));
#988=LINE('',#987,#986);
#989=DIRECTION('',(1.E0,0.E0,0.E0));
#990=VECTOR('',#989,2.546123812871E-1);
#991=CARTESIAN_POINT('',(-4.022536195991E0,-1.878844565017E0,7.935E0));
#992=LINE('',#991,#990);
#993=DIRECTION('',(-6.931462866478E-2,-9.975948487503E-1,0.E0));
#994=VECTOR('',#993,9.490235594831E-1);
#995=CARTESIAN_POINT('',(-3.956754980371E0,-9.321035507341E-1,7.935E0));
#996=LINE('',#995,#994);
#997=DIRECTION('',(1.E0,0.E0,0.E0));
#998=VECTOR('',#997,2.546123812871E-1);
#999=CARTESIAN_POINT('',(-4.081677622315E0,-2.730023939208E0,7.408992375209E0));
#1000=LINE('',#999,#998);
#1001=DIRECTION('',(1.E0,0.E0,0.E0));
#1002=VECTOR('',#1001,2.546123812871E-1);
#1003=CARTESIAN_POINT('',(3.827065241028E0,-2.730023939208E0,7.408992375209E0));
#1004=LINE('',#1003,#1002);
#1005=DIRECTION('',(0.E0,0.E0,1.E0));
#1006=VECTOR('',#1005,1.65E0);
#1007=CARTESIAN_POINT('',(-3.714417418817E0,-1.108766070188E0,6.285E0));
#1008=LINE('',#1007,#1006);
#1009=DIRECTION('',(-5.900328267444E-2,-8.491911734829E-1,5.247789663395E-1));
#1010=VECTOR('',#1009,1.002341287533E0);
#1011=CARTESIAN_POINT('',(-3.767923814704E0,-1.878844565017E0,6.285E0));
#1012=LINE('',#1011,#1010);
#1013=DIRECTION('',(6.931462866478E-2,9.975948487503E-1,0.E0));
#1014=VECTOR('',#1013,3.438269558325E0);
#1015=CARTESIAN_POINT('',(-4.065387618713E0,-6.160023939208E0,
6.811007624791E0));
#1016=LINE('',#1015,#1014);
#1017=DIRECTION('',(0.E0,0.E0,1.E0));
#1018=VECTOR('',#1017,5.979847504179E-1);
#1019=CARTESIAN_POINT('',(-4.065387618713E0,-6.160023939208E0,
6.811007624791E0));
#1020=LINE('',#1019,#1018);
#1021=DIRECTION('',(6.931462866478E-2,9.975948487503E-1,0.E0));
#1022=VECTOR('',#1021,3.438269558325E0);
#1023=CARTESIAN_POINT('',(-4.065387618713E0,-6.160023939208E0,
7.408992375209E0));
#1024=LINE('',#1023,#1022);
#1025=DIRECTION('',(5.900328267444E-2,8.491911734829E-1,5.247789663395E-1));
#1026=VECTOR('',#1025,1.002341287533E0);
#1027=CARTESIAN_POINT('',(-3.827065241028E0,-2.730023939208E0,
7.408992375209E0));
#1028=LINE('',#1027,#1026);
#1029=CARTESIAN_POINT('',(-3.215619994442E0,-1.143423384520E0,6.285E0));
#1030=DIRECTION('',(0.E0,0.E0,1.E0));
#1031=DIRECTION('',(-3.712221041445E-1,9.285441020191E-1,0.E0));
#1032=AXIS2_PLACEMENT_3D('',#1029,#1030,#1031);
#1034=CARTESIAN_POINT('',(-3.215619994442E0,-1.143423384520E0,7.935E0));
#1035=DIRECTION('',(0.E0,0.E0,-1.E0));
#1036=DIRECTION('',(-9.975948487503E-1,6.931462866478E-2,0.E0));
#1037=AXIS2_PLACEMENT_3D('',#1034,#1035,#1036);
#1039=DIRECTION('',(0.E0,0.E0,1.E0));
#1040=VECTOR('',#1039,1.65E0);
#1041=CARTESIAN_POINT('',(-3.401231046514E0,-6.791513335107E-1,6.285E0));
#1042=LINE('',#1041,#1040);
#1043=DIRECTION('',(1.E0,0.E0,0.E0));
#1044=VECTOR('',#1043,2.546123812871E-1);
#1045=CARTESIAN_POINT('',(3.827065241028E0,-2.730023939208E0,6.811007624791E0));
#1046=LINE('',#1045,#1044);
#1047=DIRECTION('',(1.E0,0.E0,0.E0));
#1048=VECTOR('',#1047,2.546123812871E-1);
#1049=CARTESIAN_POINT('',(-4.081677622315E0,-2.730023939208E0,
6.811007624791E0));
#1050=LINE('',#1049,#1048);
#1051=DIRECTION('',(0.E0,0.E0,1.E0));
#1052=VECTOR('',#1051,1.65E0);
#1053=CARTESIAN_POINT('',(3.714417418817E0,-1.108766070188E0,6.285E0));
#1054=LINE('',#1053,#1052);
#1055=DIRECTION('',(-5.900328267444E-2,8.491911734829E-1,5.247789663395E-1));
#1056=VECTOR('',#1055,1.002341287533E0);
#1057=CARTESIAN_POINT('',(3.827065241028E0,-2.730023939208E0,7.408992375209E0));
#1058=LINE('',#1057,#1056);
#1059=DIRECTION('',(-6.931462866478E-2,9.975948487503E-1,0.E0));
#1060=VECTOR('',#1059,3.438269558325E0);
#1061=CARTESIAN_POINT('',(4.065387618713E0,-6.160023939208E0,7.408992375209E0));
#1062=LINE('',#1061,#1060);
#1063=DIRECTION('',(-6.931462866478E-2,9.975948487503E-1,0.E0));
#1064=VECTOR('',#1063,3.438269558325E0);
#1065=CARTESIAN_POINT('',(4.065387618713E0,-6.160023939208E0,6.811007624791E0));
#1066=LINE('',#1065,#1064);
#1067=DIRECTION('',(5.900328267444E-2,-8.491911734829E-1,5.247789663395E-1));
#1068=VECTOR('',#1067,1.002341287533E0);
#1069=CARTESIAN_POINT('',(3.767923814704E0,-1.878844565017E0,6.285E0));
#1070=LINE('',#1069,#1068);
#1071=CARTESIAN_POINT('',(3.215619994442E0,-1.143423384520E0,6.285E0));
#1072=DIRECTION('',(0.E0,0.E0,1.E0));
#1073=DIRECTION('',(9.975948487503E-1,6.931462866478E-2,0.E0));
#1074=AXIS2_PLACEMENT_3D('',#1071,#1072,#1073);
#1076=CARTESIAN_POINT('',(3.215619994442E0,-1.143423384520E0,7.935E0));
#1077=DIRECTION('',(0.E0,0.E0,-1.E0));
#1078=DIRECTION('',(3.712221041445E-1,9.285441020191E-1,0.E0));
#1079=AXIS2_PLACEMENT_3D('',#1076,#1077,#1078);
#1081=DIRECTION('',(0.E0,0.E0,1.E0));
#1082=VECTOR('',#1081,1.65E0);
#1083=CARTESIAN_POINT('',(3.401231046514E0,-6.791513335107E-1,6.285E0));
#1084=LINE('',#1083,#1082);
#1085=DIRECTION('',(1.E0,0.E0,0.E0));
#1086=VECTOR('',#1085,2.546123812871E-1);
#1087=CARTESIAN_POINT('',(4.065387618713E0,-6.160023939208E0,6.811007624791E0));
#1088=LINE('',#1087,#1086);
#1089=DIRECTION('',(0.E0,0.E0,1.E0));
#1090=VECTOR('',#1089,5.979847504179E-1);
#1091=CARTESIAN_POINT('',(4.065387618713E0,-6.160023939208E0,6.811007624791E0));
#1092=LINE('',#1091,#1090);
#1093=DIRECTION('',(1.E0,0.E0,0.E0));
#1094=VECTOR('',#1093,2.546123812871E-1);
#1095=CARTESIAN_POINT('',(4.065387618713E0,-6.160023939208E0,7.408992375209E0));
#1096=LINE('',#1095,#1094);
#1097=DIRECTION('',(1.E0,0.E0,0.E0));
#1098=VECTOR('',#1097,2.546123812871E-1);
#1099=CARTESIAN_POINT('',(-4.32E0,-6.160023939208E0,6.811007624791E0));
#1100=LINE('',#1099,#1098);
#1101=DIRECTION('',(0.E0,0.E0,1.E0));
#1102=VECTOR('',#1101,5.979847504179E-1);
#1103=CARTESIAN_POINT('',(-4.32E0,-6.160023939208E0,6.811007624791E0));
#1104=LINE('',#1103,#1102);
#1105=DIRECTION('',(1.E0,0.E0,0.E0));
#1106=VECTOR('',#1105,2.546123812871E-1);
#1107=CARTESIAN_POINT('',(-4.32E0,-6.160023939208E0,7.408992375209E0));
#1108=LINE('',#1107,#1106);
#1109=DIRECTION('',(0.E0,0.E0,-1.E0));
#1110=VECTOR('',#1109,1.65E0);
#1111=CARTESIAN_POINT('',(3.643568608068E0,-5.024888140569E-1,7.935E0));
#1112=LINE('',#1111,#1110);
#1113=CARTESIAN_POINT('',(3.457957555996E0,-9.667608650665E-1,8.825E0));
#1114=DIRECTION('',(0.E0,0.E0,-1.E0));
#1115=DIRECTION('',(3.712221041445E-1,9.285441020191E-1,0.E0));
#1116=AXIS2_PLACEMENT_3D('',#1113,#1114,#1115);
#1118=DIRECTION('',(-9.285441020191E-1,3.712221041445E-1,0.E0));
#1119=VECTOR('',#1118,3.163610119119E-1);
#1120=CARTESIAN_POINT('',(3.643568608068E0,-5.024888140569E-1,8.825E0));
#1121=LINE('',#1120,#1119);
#1122=DIRECTION('',(9.285441020191E-1,-3.712221041445E-1,0.E0));
#1123=VECTOR('',#1122,1.221758183882E-1);
#1124=CARTESIAN_POINT('',(3.287785410940E0,-6.337969691330E-1,8.825E0));
#1125=LINE('',#1124,#1123);
#1126=DIRECTION('',(6.931462866478E-2,-9.975948487503E-1,0.E0));
#1127=VECTOR('',#1126,7.719351155370E-1);
#1128=CARTESIAN_POINT('',(3.714417418817E0,-1.108766070188E0,8.825E0));
#1129=LINE('',#1128,#1127);
#1130=DIRECTION('',(1.E0,0.E0,0.E0));
#1131=VECTOR('',#1130,2.546123812871E-1);
#1132=CARTESIAN_POINT('',(3.767923814704E0,-1.878844565017E0,8.825E0));
#1133=LINE('',#1132,#1131);
#1134=DIRECTION('',(-6.931462866478E-2,9.975948487503E-1,0.E0));
#1135=VECTOR('',#1134,9.490235594831E-1);
#1136=CARTESIAN_POINT('',(4.022536195991E0,-1.878844565017E0,8.825E0));
#1137=LINE('',#1136,#1135);
#1138=CARTESIAN_POINT('',(-3.457957555996E0,-9.667608650665E-1,8.825E0));
#1139=DIRECTION('',(0.E0,0.E0,-1.E0));
#1140=DIRECTION('',(-9.975948487503E-1,6.931462866478E-2,0.E0));
#1141=AXIS2_PLACEMENT_3D('',#1138,#1139,#1140);
#1143=DIRECTION('',(-6.931462866478E-2,-9.975948487503E-1,0.E0));
#1144=VECTOR('',#1143,9.490235594831E-1);
#1145=CARTESIAN_POINT('',(-3.956754980371E0,-9.321035507341E-1,8.825E0));
#1146=LINE('',#1145,#1144);
#1147=DIRECTION('',(1.E0,0.E0,0.E0));
#1148=VECTOR('',#1147,2.546123812871E-1);
#1149=CARTESIAN_POINT('',(-4.022536195991E0,-1.878844565017E0,8.825E0));
#1150=LINE('',#1149,#1148);
#1151=DIRECTION('',(6.931462866478E-2,9.975948487503E-1,0.E0));
#1152=VECTOR('',#1151,7.719351155370E-1);
#1153=CARTESIAN_POINT('',(-3.767923814704E0,-1.878844565017E0,8.825E0));
#1154=LINE('',#1153,#1152);
#1155=DIRECTION('',(9.285441020191E-1,3.712221041445E-1,0.E0));
#1156=VECTOR('',#1155,1.221758183882E-1);
#1157=CARTESIAN_POINT('',(-3.401231046514E0,-6.791513335107E-1,8.825E0));
#1158=LINE('',#1157,#1156);
#1159=DIRECTION('',(-9.285441020191E-1,-3.712221041445E-1,0.E0));
#1160=VECTOR('',#1159,3.163610119119E-1);
#1161=CARTESIAN_POINT('',(-3.349813456349E0,-3.850486135457E-1,8.825E0));
#1162=LINE('',#1161,#1160);
#1163=DIRECTION('',(0.E0,0.E0,-1.E0));
#1164=VECTOR('',#1163,1.65E0);
#1165=CARTESIAN_POINT('',(3.956754980371E0,-9.321035507341E-1,1.0475E1));
#1166=LINE('',#1165,#1164);
#1167=DIRECTION('',(5.900328267444E-2,-8.491911734829E-1,5.247789663395E-1));
#1168=VECTOR('',#1167,1.002341287533E0);
#1169=CARTESIAN_POINT('',(4.022536195991E0,-1.878844565017E0,8.825E0));
#1170=LINE('',#1169,#1168);
#1171=DIRECTION('',(-6.931462866478E-2,9.975948487503E-1,0.E0));
#1172=VECTOR('',#1171,3.438269558325E0);
#1173=CARTESIAN_POINT('',(4.32E0,-6.160023939208E0,9.351007624791E0));
#1174=LINE('',#1173,#1172);
#1175=DIRECTION('',(0.E0,0.E0,1.E0));
#1176=VECTOR('',#1175,5.979847504179E-1);
#1177=CARTESIAN_POINT('',(4.32E0,-6.160023939208E0,9.351007624791E0));
#1178=LINE('',#1177,#1176);
#1179=DIRECTION('',(-6.931462866478E-2,9.975948487503E-1,0.E0));
#1180=VECTOR('',#1179,3.438269558325E0);
#1181=CARTESIAN_POINT('',(4.32E0,-6.160023939208E0,9.948992375209E0));
#1182=LINE('',#1181,#1180);
#1183=DIRECTION('',(-5.900328267444E-2,8.491911734829E-1,5.247789663395E-1));
#1184=VECTOR('',#1183,1.002341287533E0);
#1185=CARTESIAN_POINT('',(4.081677622315E0,-2.730023939208E0,9.948992375209E0));
#1186=LINE('',#1185,#1184);
#1187=DIRECTION('',(0.E0,0.E0,-1.E0));
#1188=VECTOR('',#1187,1.65E0);
#1189=CARTESIAN_POINT('',(-3.956754980371E0,-9.321035507341E-1,1.0475E1));
#1190=LINE('',#1189,#1188);
#1191=DIRECTION('',(5.900328267444E-2,8.491911734829E-1,5.247789663395E-1));
#1192=VECTOR('',#1191,1.002341287533E0);
#1193=CARTESIAN_POINT('',(-4.081677622315E0,-2.730023939208E0,
9.948992375209E0));
#1194=LINE('',#1193,#1192);
#1195=DIRECTION('',(6.931462866478E-2,9.975948487503E-1,0.E0));
#1196=VECTOR('',#1195,3.438269558325E0);
#1197=CARTESIAN_POINT('',(-4.32E0,-6.160023939208E0,9.948992375209E0));
#1198=LINE('',#1197,#1196);
#1199=DIRECTION('',(6.931462866478E-2,9.975948487503E-1,0.E0));
#1200=VECTOR('',#1199,3.438269558325E0);
#1201=CARTESIAN_POINT('',(-4.32E0,-6.160023939208E0,9.351007624791E0));
#1202=LINE('',#1201,#1200);
#1203=DIRECTION('',(-5.900328267444E-2,-8.491911734829E-1,5.247789663395E-1));
#1204=VECTOR('',#1203,1.002341287533E0);
#1205=CARTESIAN_POINT('',(-4.022536195991E0,-1.878844565017E0,8.825E0));
#1206=LINE('',#1205,#1204);
#1207=DIRECTION('',(0.E0,0.E0,-1.E0));
#1208=VECTOR('',#1207,1.65E0);
#1209=CARTESIAN_POINT('',(-3.643568608068E0,-5.024888140569E-1,1.0475E1));
#1210=LINE('',#1209,#1208);
#1211=CARTESIAN_POINT('',(3.457957555996E0,-9.667608650665E-1,1.0475E1));
#1212=DIRECTION('',(0.E0,0.E0,1.E0));
#1213=DIRECTION('',(9.975948487503E-1,6.931462866478E-2,0.E0));
#1214=AXIS2_PLACEMENT_3D('',#1211,#1212,#1213);
#1216=DIRECTION('',(-6.931462866478E-2,9.975948487503E-1,0.E0));
#1217=VECTOR('',#1216,9.490235594831E-1);
#1218=CARTESIAN_POINT('',(4.022536195991E0,-1.878844565017E0,1.0475E1));
#1219=LINE('',#1218,#1217);
#1220=DIRECTION('',(1.E0,0.E0,0.E0));
#1221=VECTOR('',#1220,2.546123812871E-1);
#1222=CARTESIAN_POINT('',(3.767923814704E0,-1.878844565017E0,1.0475E1));
#1223=LINE('',#1222,#1221);
#1224=DIRECTION('',(6.931462866478E-2,-9.975948487503E-1,0.E0));
#1225=VECTOR('',#1224,7.719351155370E-1);
#1226=CARTESIAN_POINT('',(3.714417418817E0,-1.108766070188E0,1.0475E1));
#1227=LINE('',#1226,#1225);
#1228=DIRECTION('',(9.285441020191E-1,-3.712221041445E-1,0.E0));
#1229=VECTOR('',#1228,1.221758183882E-1);
#1230=CARTESIAN_POINT('',(3.287785410940E0,-6.337969691330E-1,1.0475E1));
#1231=LINE('',#1230,#1229);
#1232=DIRECTION('',(-9.285441020191E-1,3.712221041445E-1,1.122993524812E-14));
#1233=VECTOR('',#1232,3.163610119119E-1);
#1234=CARTESIAN_POINT('',(3.643568608068E0,-5.024888140569E-1,1.0475E1));
#1235=LINE('',#1234,#1233);
#1236=CARTESIAN_POINT('',(-3.457957555996E0,-9.667608650665E-1,1.0475E1));
#1237=DIRECTION('',(0.E0,0.E0,1.E0));
#1238=DIRECTION('',(-3.712221041445E-1,9.285441020191E-1,0.E0));
#1239=AXIS2_PLACEMENT_3D('',#1236,#1237,#1238);
#1241=DIRECTION('',(-9.285441020191E-1,-3.712221041445E-1,0.E0));
#1242=VECTOR('',#1241,3.163610119119E-1);
#1243=CARTESIAN_POINT('',(-3.349813456349E0,-3.850486135457E-1,1.0475E1));
#1244=LINE('',#1243,#1242);
#1245=DIRECTION('',(9.285441020191E-1,3.712221041445E-1,0.E0));
#1246=VECTOR('',#1245,1.221758183882E-1);
#1247=CARTESIAN_POINT('',(-3.401231046514E0,-6.791513335107E-1,1.0475E1));
#1248=LINE('',#1247,#1246);
#1249=DIRECTION('',(6.931462866478E-2,9.975948487503E-1,0.E0));
#1250=VECTOR('',#1249,7.719351155370E-1);
#1251=CARTESIAN_POINT('',(-3.767923814704E0,-1.878844565017E0,1.0475E1));
#1252=LINE('',#1251,#1250);
#1253=DIRECTION('',(1.E0,0.E0,0.E0));
#1254=VECTOR('',#1253,2.546123812871E-1);
#1255=CARTESIAN_POINT('',(-4.022536195991E0,-1.878844565017E0,1.0475E1));
#1256=LINE('',#1255,#1254);
#1257=DIRECTION('',(-6.931462866478E-2,-9.975948487503E-1,0.E0));
#1258=VECTOR('',#1257,9.490235594831E-1);
#1259=CARTESIAN_POINT('',(-3.956754980371E0,-9.321035507341E-1,1.0475E1));
#1260=LINE('',#1259,#1258);
#1261=DIRECTION('',(1.E0,0.E0,0.E0));
#1262=VECTOR('',#1261,2.546123812871E-1);
#1263=CARTESIAN_POINT('',(-4.081677622315E0,-2.730023939208E0,
9.948992375209E0));
#1264=LINE('',#1263,#1262);
#1265=DIRECTION('',(1.E0,0.E0,0.E0));
#1266=VECTOR('',#1265,2.546123812871E-1);
#1267=CARTESIAN_POINT('',(3.827065241028E0,-2.730023939208E0,9.948992375209E0));
#1268=LINE('',#1267,#1266);
#1269=DIRECTION('',(0.E0,0.E0,1.E0));
#1270=VECTOR('',#1269,1.65E0);
#1271=CARTESIAN_POINT('',(-3.714417418817E0,-1.108766070188E0,8.825E0));
#1272=LINE('',#1271,#1270);
#1273=DIRECTION('',(-5.900328267444E-2,-8.491911734829E-1,5.247789663395E-1));
#1274=VECTOR('',#1273,1.002341287533E0);
#1275=CARTESIAN_POINT('',(-3.767923814704E0,-1.878844565017E0,8.825E0));
#1276=LINE('',#1275,#1274);
#1277=DIRECTION('',(6.931462866478E-2,9.975948487503E-1,0.E0));
#1278=VECTOR('',#1277,3.438269558325E0);
#1279=CARTESIAN_POINT('',(-4.065387618713E0,-6.160023939208E0,
9.351007624791E0));
#1280=LINE('',#1279,#1278);
#1281=DIRECTION('',(0.E0,0.E0,1.E0));
#1282=VECTOR('',#1281,5.979847504179E-1);
#1283=CARTESIAN_POINT('',(-4.065387618713E0,-6.160023939208E0,
9.351007624791E0));
#1284=LINE('',#1283,#1282);
#1285=DIRECTION('',(6.931462866478E-2,9.975948487503E-1,0.E0));
#1286=VECTOR('',#1285,3.438269558325E0);
#1287=CARTESIAN_POINT('',(-4.065387618713E0,-6.160023939208E0,
9.948992375209E0));
#1288=LINE('',#1287,#1286);
#1289=DIRECTION('',(5.900328267444E-2,8.491911734829E-1,5.247789663395E-1));
#1290=VECTOR('',#1289,1.002341287533E0);
#1291=CARTESIAN_POINT('',(-3.827065241028E0,-2.730023939208E0,
9.948992375209E0));
#1292=LINE('',#1291,#1290);
#1293=CARTESIAN_POINT('',(-3.215619994442E0,-1.143423384520E0,8.825E0));
#1294=DIRECTION('',(0.E0,0.E0,1.E0));
#1295=DIRECTION('',(-3.712221041445E-1,9.285441020191E-1,0.E0));
#1296=AXIS2_PLACEMENT_3D('',#1293,#1294,#1295);
#1298=CARTESIAN_POINT('',(-3.215619994442E0,-1.143423384520E0,1.0475E1));
#1299=DIRECTION('',(0.E0,0.E0,-1.E0));
#1300=DIRECTION('',(-9.975948487503E-1,6.931462866478E-2,0.E0));
#1301=AXIS2_PLACEMENT_3D('',#1298,#1299,#1300);
#1303=DIRECTION('',(0.E0,0.E0,1.E0));
#1304=VECTOR('',#1303,1.65E0);
#1305=CARTESIAN_POINT('',(-3.401231046514E0,-6.791513335107E-1,8.825E0));
#1306=LINE('',#1305,#1304);
#1307=DIRECTION('',(1.E0,0.E0,0.E0));
#1308=VECTOR('',#1307,2.546123812871E-1);
#1309=CARTESIAN_POINT('',(3.827065241028E0,-2.730023939208E0,9.351007624791E0));
#1310=LINE('',#1309,#1308);
#1311=DIRECTION('',(1.E0,0.E0,0.E0));
#1312=VECTOR('',#1311,2.546123812871E-1);
#1313=CARTESIAN_POINT('',(-4.081677622315E0,-2.730023939208E0,
9.351007624791E0));
#1314=LINE('',#1313,#1312);
#1315=DIRECTION('',(0.E0,0.E0,1.E0));
#1316=VECTOR('',#1315,1.65E0);
#1317=CARTESIAN_POINT('',(3.714417418817E0,-1.108766070188E0,8.825E0));
#1318=LINE('',#1317,#1316);
#1319=DIRECTION('',(-5.900328267444E-2,8.491911734829E-1,5.247789663395E-1));
#1320=VECTOR('',#1319,1.002341287533E0);
#1321=CARTESIAN_POINT('',(3.827065241028E0,-2.730023939208E0,9.948992375209E0));
#1322=LINE('',#1321,#1320);
#1323=DIRECTION('',(-6.931462866478E-2,9.975948487503E-1,0.E0));
#1324=VECTOR('',#1323,3.438269558325E0);
#1325=CARTESIAN_POINT('',(4.065387618713E0,-6.160023939208E0,9.948992375209E0));
#1326=LINE('',#1325,#1324);
#1327=DIRECTION('',(-6.931462866478E-2,9.975948487503E-1,0.E0));
#1328=VECTOR('',#1327,3.438269558325E0);
#1329=CARTESIAN_POINT('',(4.065387618713E0,-6.160023939208E0,9.351007624791E0));
#1330=LINE('',#1329,#1328);
#1331=DIRECTION('',(5.900328267444E-2,-8.491911734829E-1,5.247789663395E-1));
#1332=VECTOR('',#1331,1.002341287533E0);
#1333=CARTESIAN_POINT('',(3.767923814704E0,-1.878844565017E0,8.825E0));
#1334=LINE('',#1333,#1332);
#1335=CARTESIAN_POINT('',(3.215619994442E0,-1.143423384520E0,8.825E0));
#1336=DIRECTION('',(0.E0,0.E0,1.E0));
#1337=DIRECTION('',(9.975948487503E-1,6.931462866478E-2,0.E0));
#1338=AXIS2_PLACEMENT_3D('',#1335,#1336,#1337);
#1340=CARTESIAN_POINT('',(3.215619994442E0,-1.143423384520E0,1.0475E1));
#1341=DIRECTION('',(0.E0,0.E0,-1.E0));
#1342=DIRECTION('',(3.712221041445E-1,9.285441020191E-1,0.E0));
#1343=AXIS2_PLACEMENT_3D('',#1340,#1341,#1342);
#1345=DIRECTION('',(0.E0,0.E0,1.E0));
#1346=VECTOR('',#1345,1.65E0);
#1347=CARTESIAN_POINT('',(3.401231046514E0,-6.791513335107E-1,8.825E0));
#1348=LINE('',#1347,#1346);
#1349=DIRECTION('',(1.E0,0.E0,0.E0));
#1350=VECTOR('',#1349,2.546123812871E-1);
#1351=CARTESIAN_POINT('',(4.065387618713E0,-6.160023939208E0,9.351007624791E0));
#1352=LINE('',#1351,#1350);
#1353=DIRECTION('',(0.E0,0.E0,1.E0));
#1354=VECTOR('',#1353,5.979847504179E-1);
#1355=CARTESIAN_POINT('',(4.065387618713E0,-6.160023939208E0,9.351007624791E0));
#1356=LINE('',#1355,#1354);
#1357=DIRECTION('',(1.E0,0.E0,0.E0));
#1358=VECTOR('',#1357,2.546123812871E-1);
#1359=CARTESIAN_POINT('',(4.065387618713E0,-6.160023939208E0,9.948992375209E0));
#1360=LINE('',#1359,#1358);
#1361=DIRECTION('',(1.E0,0.E0,0.E0));
#1362=VECTOR('',#1361,2.546123812871E-1);
#1363=CARTESIAN_POINT('',(-4.32E0,-6.160023939208E0,9.351007624791E0));
#1364=LINE('',#1363,#1362);
#1365=DIRECTION('',(0.E0,0.E0,1.E0));
#1366=VECTOR('',#1365,5.979847504179E-1);
#1367=CARTESIAN_POINT('',(-4.32E0,-6.160023939208E0,9.351007624791E0));
#1368=LINE('',#1367,#1366);
#1369=DIRECTION('',(1.E0,0.E0,0.E0));
#1370=VECTOR('',#1369,2.546123812871E-1);
#1371=CARTESIAN_POINT('',(-4.32E0,-6.160023939208E0,9.948992375209E0));
#1372=LINE('',#1371,#1370);
#1373=DIRECTION('',(0.E0,0.E0,-1.E0));
#1374=VECTOR('',#1373,1.65E0);
#1375=CARTESIAN_POINT('',(3.643568608068E0,-5.024888140569E-1,1.0475E1));
#1376=LINE('',#1375,#1374);
#1377=CARTESIAN_POINT('',(3.457957555996E0,-9.667608650665E-1,1.1365E1));
#1378=DIRECTION('',(0.E0,0.E0,-1.E0));
#1379=DIRECTION('',(3.712221041445E-1,9.285441020191E-1,0.E0));
#1380=AXIS2_PLACEMENT_3D('',#1377,#1378,#1379);
#1382=DIRECTION('',(-9.285441020191E-1,3.712221041445E-1,0.E0));
#1383=VECTOR('',#1382,3.163610119119E-1);
#1384=CARTESIAN_POINT('',(3.643568608068E0,-5.024888140569E-1,1.1365E1));
#1385=LINE('',#1384,#1383);
#1386=DIRECTION('',(9.285441020191E-1,-3.712221041445E-1,0.E0));
#1387=VECTOR('',#1386,1.221758183882E-1);
#1388=CARTESIAN_POINT('',(3.287785410940E0,-6.337969691330E-1,1.1365E1));
#1389=LINE('',#1388,#1387);
#1390=DIRECTION('',(6.931462866478E-2,-9.975948487503E-1,0.E0));
#1391=VECTOR('',#1390,7.719351155370E-1);
#1392=CARTESIAN_POINT('',(3.714417418817E0,-1.108766070188E0,1.1365E1));
#1393=LINE('',#1392,#1391);
#1394=DIRECTION('',(1.E0,0.E0,0.E0));
#1395=VECTOR('',#1394,2.546123812871E-1);
#1396=CARTESIAN_POINT('',(3.767923814704E0,-1.878844565017E0,1.1365E1));
#1397=LINE('',#1396,#1395);
#1398=DIRECTION('',(-6.931462866478E-2,9.975948487503E-1,0.E0));
#1399=VECTOR('',#1398,9.490235594831E-1);
#1400=CARTESIAN_POINT('',(4.022536195991E0,-1.878844565017E0,1.1365E1));
#1401=LINE('',#1400,#1399);
#1402=CARTESIAN_POINT('',(-3.457957555996E0,-9.667608650665E-1,1.1365E1));
#1403=DIRECTION('',(0.E0,0.E0,-1.E0));
#1404=DIRECTION('',(-9.975948487503E-1,6.931462866478E-2,0.E0));
#1405=AXIS2_PLACEMENT_3D('',#1402,#1403,#1404);
#1407=DIRECTION('',(-6.931462866478E-2,-9.975948487503E-1,0.E0));
#1408=VECTOR('',#1407,9.490235594831E-1);
#1409=CARTESIAN_POINT('',(-3.956754980371E0,-9.321035507341E-1,1.1365E1));
#1410=LINE('',#1409,#1408);
#1411=DIRECTION('',(1.E0,0.E0,0.E0));
#1412=VECTOR('',#1411,2.546123812871E-1);
#1413=CARTESIAN_POINT('',(-4.022536195991E0,-1.878844565017E0,1.1365E1));
#1414=LINE('',#1413,#1412);
#1415=DIRECTION('',(6.931462866478E-2,9.975948487503E-1,0.E0));
#1416=VECTOR('',#1415,7.719351155370E-1);
#1417=CARTESIAN_POINT('',(-3.767923814704E0,-1.878844565017E0,1.1365E1));
#1418=LINE('',#1417,#1416);
#1419=DIRECTION('',(9.285441020191E-1,3.712221041445E-1,0.E0));
#1420=VECTOR('',#1419,1.221758183882E-1);
#1421=CARTESIAN_POINT('',(-3.401231046514E0,-6.791513335107E-1,1.1365E1));
#1422=LINE('',#1421,#1420);
#1423=DIRECTION('',(-9.285441020191E-1,-3.712221041445E-1,0.E0));
#1424=VECTOR('',#1423,3.163610119119E-1);
#1425=CARTESIAN_POINT('',(-3.349813456349E0,-3.850486135457E-1,1.1365E1));
#1426=LINE('',#1425,#1424);
#1427=DIRECTION('',(0.E0,0.E0,-1.E0));
#1428=VECTOR('',#1427,1.65E0);
#1429=CARTESIAN_POINT('',(3.956754980371E0,-9.321035507341E-1,1.3015E1));
#1430=LINE('',#1429,#1428);
#1431=DIRECTION('',(5.900328267444E-2,-8.491911734829E-1,5.247789663395E-1));
#1432=VECTOR('',#1431,1.002341287533E0);
#1433=CARTESIAN_POINT('',(4.022536195991E0,-1.878844565017E0,1.1365E1));
#1434=LINE('',#1433,#1432);
#1435=DIRECTION('',(-6.931462866478E-2,9.975948487503E-1,0.E0));
#1436=VECTOR('',#1435,3.438269558325E0);
#1437=CARTESIAN_POINT('',(4.32E0,-6.160023939208E0,1.189100762479E1));
#1438=LINE('',#1437,#1436);
#1439=DIRECTION('',(0.E0,0.E0,1.E0));
#1440=VECTOR('',#1439,5.979847504179E-1);
#1441=CARTESIAN_POINT('',(4.32E0,-6.160023939208E0,1.189100762479E1));
#1442=LINE('',#1441,#1440);
#1443=DIRECTION('',(-6.931462866478E-2,9.975948487503E-1,0.E0));
#1444=VECTOR('',#1443,3.438269558325E0);
#1445=CARTESIAN_POINT('',(4.32E0,-6.160023939208E0,1.248899237521E1));
#1446=LINE('',#1445,#1444);
#1447=DIRECTION('',(-5.900328267444E-2,8.491911734829E-1,5.247789663395E-1));
#1448=VECTOR('',#1447,1.002341287533E0);
#1449=CARTESIAN_POINT('',(4.081677622315E0,-2.730023939208E0,1.248899237521E1));
#1450=LINE('',#1449,#1448);
#1451=DIRECTION('',(0.E0,0.E0,-1.E0));
#1452=VECTOR('',#1451,1.65E0);
#1453=CARTESIAN_POINT('',(-3.956754980371E0,-9.321035507341E-1,1.3015E1));
#1454=LINE('',#1453,#1452);
#1455=DIRECTION('',(5.900328267444E-2,8.491911734829E-1,5.247789663395E-1));
#1456=VECTOR('',#1455,1.002341287533E0);
#1457=CARTESIAN_POINT('',(-4.081677622315E0,-2.730023939208E0,
1.248899237521E1));
#1458=LINE('',#1457,#1456);
#1459=DIRECTION('',(6.931462866478E-2,9.975948487503E-1,0.E0));
#1460=VECTOR('',#1459,3.438269558325E0);
#1461=CARTESIAN_POINT('',(-4.32E0,-6.160023939208E0,1.248899237521E1));
#1462=LINE('',#1461,#1460);
#1463=DIRECTION('',(6.931462866478E-2,9.975948487503E-1,0.E0));
#1464=VECTOR('',#1463,3.438269558325E0);
#1465=CARTESIAN_POINT('',(-4.32E0,-6.160023939208E0,1.189100762479E1));
#1466=LINE('',#1465,#1464);
#1467=DIRECTION('',(-5.900328267444E-2,-8.491911734829E-1,5.247789663395E-1));
#1468=VECTOR('',#1467,1.002341287533E0);
#1469=CARTESIAN_POINT('',(-4.022536195991E0,-1.878844565017E0,1.1365E1));
#1470=LINE('',#1469,#1468);
#1471=DIRECTION('',(0.E0,0.E0,-1.E0));
#1472=VECTOR('',#1471,1.65E0);
#1473=CARTESIAN_POINT('',(-3.643568608068E0,-5.024888140569E-1,1.3015E1));
#1474=LINE('',#1473,#1472);
#1475=CARTESIAN_POINT('',(3.457957555996E0,-9.667608650665E-1,1.3015E1));
#1476=DIRECTION('',(0.E0,0.E0,1.E0));
#1477=DIRECTION('',(9.975948487503E-1,6.931462866478E-2,0.E0));
#1478=AXIS2_PLACEMENT_3D('',#1475,#1476,#1477);
#1480=DIRECTION('',(-6.931462866478E-2,9.975948487503E-1,0.E0));
#1481=VECTOR('',#1480,9.490235594831E-1);
#1482=CARTESIAN_POINT('',(4.022536195991E0,-1.878844565017E0,1.3015E1));
#1483=LINE('',#1482,#1481);
#1484=DIRECTION('',(1.E0,0.E0,0.E0));
#1485=VECTOR('',#1484,2.546123812871E-1);
#1486=CARTESIAN_POINT('',(3.767923814704E0,-1.878844565017E0,1.3015E1));
#1487=LINE('',#1486,#1485);
#1488=DIRECTION('',(6.931462866478E-2,-9.975948487503E-1,0.E0));
#1489=VECTOR('',#1488,7.719351155370E-1);
#1490=CARTESIAN_POINT('',(3.714417418817E0,-1.108766070188E0,1.3015E1));
#1491=LINE('',#1490,#1489);
#1492=DIRECTION('',(9.285441020191E-1,-3.712221041445E-1,0.E0));
#1493=VECTOR('',#1492,1.221758183882E-1);
#1494=CARTESIAN_POINT('',(3.287785410940E0,-6.337969691330E-1,1.3015E1));
#1495=LINE('',#1494,#1493);
#1496=DIRECTION('',(-9.285441020191E-1,3.712221041445E-1,1.684490287218E-14));
#1497=VECTOR('',#1496,3.163610119119E-1);
#1498=CARTESIAN_POINT('',(3.643568608068E0,-5.024888140569E-1,1.3015E1));
#1499=LINE('',#1498,#1497);
#1500=CARTESIAN_POINT('',(-3.457957555996E0,-9.667608650665E-1,1.3015E1));
#1501=DIRECTION('',(0.E0,0.E0,1.E0));
#1502=DIRECTION('',(-3.712221041445E-1,9.285441020191E-1,0.E0));
#1503=AXIS2_PLACEMENT_3D('',#1500,#1501,#1502);
#1505=DIRECTION('',(-9.285441020191E-1,-3.712221041445E-1,0.E0));
#1506=VECTOR('',#1505,3.163610119119E-1);
#1507=CARTESIAN_POINT('',(-3.349813456349E0,-3.850486135457E-1,1.3015E1));
#1508=LINE('',#1507,#1506);
#1509=DIRECTION('',(9.285441020191E-1,3.712221041445E-1,0.E0));
#1510=VECTOR('',#1509,1.221758183882E-1);
#1511=CARTESIAN_POINT('',(-3.401231046514E0,-6.791513335107E-1,1.3015E1));
#1512=LINE('',#1511,#1510);
#1513=DIRECTION('',(6.931462866478E-2,9.975948487503E-1,0.E0));
#1514=VECTOR('',#1513,7.719351155370E-1);
#1515=CARTESIAN_POINT('',(-3.767923814704E0,-1.878844565017E0,1.3015E1));
#1516=LINE('',#1515,#1514);
#1517=DIRECTION('',(1.E0,0.E0,0.E0));
#1518=VECTOR('',#1517,2.546123812871E-1);
#1519=CARTESIAN_POINT('',(-4.022536195991E0,-1.878844565017E0,1.3015E1));
#1520=LINE('',#1519,#1518);
#1521=DIRECTION('',(-6.931462866478E-2,-9.975948487503E-1,0.E0));
#1522=VECTOR('',#1521,9.490235594831E-1);
#1523=CARTESIAN_POINT('',(-3.956754980371E0,-9.321035507341E-1,1.3015E1));
#1524=LINE('',#1523,#1522);
#1525=DIRECTION('',(1.E0,0.E0,0.E0));
#1526=VECTOR('',#1525,2.546123812871E-1);
#1527=CARTESIAN_POINT('',(-4.081677622315E0,-2.730023939208E0,
1.248899237521E1));
#1528=LINE('',#1527,#1526);
#1529=DIRECTION('',(1.E0,0.E0,0.E0));
#1530=VECTOR('',#1529,2.546123812871E-1);
#1531=CARTESIAN_POINT('',(3.827065241028E0,-2.730023939208E0,1.248899237521E1));
#1532=LINE('',#1531,#1530);
#1533=DIRECTION('',(0.E0,0.E0,1.E0));
#1534=VECTOR('',#1533,1.65E0);
#1535=CARTESIAN_POINT('',(-3.714417418817E0,-1.108766070188E0,1.1365E1));
#1536=LINE('',#1535,#1534);
#1537=DIRECTION('',(-5.900328267444E-2,-8.491911734829E-1,5.247789663395E-1));
#1538=VECTOR('',#1537,1.002341287533E0);
#1539=CARTESIAN_POINT('',(-3.767923814704E0,-1.878844565017E0,1.1365E1));
#1540=LINE('',#1539,#1538);
#1541=DIRECTION('',(6.931462866478E-2,9.975948487503E-1,0.E0));
#1542=VECTOR('',#1541,3.438269558325E0);
#1543=CARTESIAN_POINT('',(-4.065387618713E0,-6.160023939208E0,
1.189100762479E1));
#1544=LINE('',#1543,#1542);
#1545=DIRECTION('',(0.E0,0.E0,1.E0));
#1546=VECTOR('',#1545,5.979847504179E-1);
#1547=CARTESIAN_POINT('',(-4.065387618713E0,-6.160023939208E0,
1.189100762479E1));
#1548=LINE('',#1547,#1546);
#1549=DIRECTION('',(6.931462866478E-2,9.975948487503E-1,0.E0));
#1550=VECTOR('',#1549,3.438269558325E0);
#1551=CARTESIAN_POINT('',(-4.065387618713E0,-6.160023939208E0,
1.248899237521E1));
#1552=LINE('',#1551,#1550);
#1553=DIRECTION('',(5.900328267444E-2,8.491911734829E-1,5.247789663395E-1));
#1554=VECTOR('',#1553,1.002341287533E0);
#1555=CARTESIAN_POINT('',(-3.827065241028E0,-2.730023939208E0,
1.248899237521E1));
#1556=LINE('',#1555,#1554);
#1557=CARTESIAN_POINT('',(-3.215619994442E0,-1.143423384520E0,1.1365E1));
#1558=DIRECTION('',(0.E0,0.E0,1.E0));
#1559=DIRECTION('',(-3.712221041445E-1,9.285441020191E-1,0.E0));
#1560=AXIS2_PLACEMENT_3D('',#1557,#1558,#1559);
#1562=CARTESIAN_POINT('',(-3.215619994442E0,-1.143423384520E0,1.3015E1));
#1563=DIRECTION('',(0.E0,0.E0,-1.E0));
#1564=DIRECTION('',(-9.975948487503E-1,6.931462866478E-2,0.E0));
#1565=AXIS2_PLACEMENT_3D('',#1562,#1563,#1564);
#1567=DIRECTION('',(0.E0,0.E0,1.E0));
#1568=VECTOR('',#1567,1.65E0);
#1569=CARTESIAN_POINT('',(-3.401231046514E0,-6.791513335107E-1,1.1365E1));
#1570=LINE('',#1569,#1568);
#1571=DIRECTION('',(1.E0,0.E0,0.E0));
#1572=VECTOR('',#1571,2.546123812871E-1);
#1573=CARTESIAN_POINT('',(3.827065241028E0,-2.730023939208E0,1.189100762479E1));
#1574=LINE('',#1573,#1572);
#1575=DIRECTION('',(1.E0,0.E0,0.E0));
#1576=VECTOR('',#1575,2.546123812871E-1);
#1577=CARTESIAN_POINT('',(-4.081677622315E0,-2.730023939208E0,
1.189100762479E1));
#1578=LINE('',#1577,#1576);
#1579=DIRECTION('',(0.E0,0.E0,1.E0));
#1580=VECTOR('',#1579,1.65E0);
#1581=CARTESIAN_POINT('',(3.714417418817E0,-1.108766070188E0,1.1365E1));
#1582=LINE('',#1581,#1580);
#1583=DIRECTION('',(-5.900328267444E-2,8.491911734829E-1,5.247789663395E-1));
#1584=VECTOR('',#1583,1.002341287533E0);
#1585=CARTESIAN_POINT('',(3.827065241028E0,-2.730023939208E0,1.248899237521E1));
#1586=LINE('',#1585,#1584);
#1587=DIRECTION('',(-6.931462866478E-2,9.975948487503E-1,0.E0));
#1588=VECTOR('',#1587,3.438269558325E0);
#1589=CARTESIAN_POINT('',(4.065387618713E0,-6.160023939208E0,1.248899237521E1));
#1590=LINE('',#1589,#1588);
#1591=DIRECTION('',(-6.931462866478E-2,9.975948487503E-1,0.E0));
#1592=VECTOR('',#1591,3.438269558325E0);
#1593=CARTESIAN_POINT('',(4.065387618713E0,-6.160023939208E0,1.189100762479E1));
#1594=LINE('',#1593,#1592);
#1595=DIRECTION('',(5.900328267444E-2,-8.491911734829E-1,5.247789663395E-1));
#1596=VECTOR('',#1595,1.002341287533E0);
#1597=CARTESIAN_POINT('',(3.767923814704E0,-1.878844565017E0,1.1365E1));
#1598=LINE('',#1597,#1596);
#1599=CARTESIAN_POINT('',(3.215619994442E0,-1.143423384520E0,1.1365E1));
#1600=DIRECTION('',(0.E0,0.E0,1.E0));
#1601=DIRECTION('',(9.975948487503E-1,6.931462866478E-2,0.E0));
#1602=AXIS2_PLACEMENT_3D('',#1599,#1600,#1601);
#1604=CARTESIAN_POINT('',(3.215619994442E0,-1.143423384520E0,1.3015E1));
#1605=DIRECTION('',(0.E0,0.E0,-1.E0));
#1606=DIRECTION('',(3.712221041445E-1,9.285441020191E-1,0.E0));
#1607=AXIS2_PLACEMENT_3D('',#1604,#1605,#1606);
#1609=DIRECTION('',(0.E0,0.E0,1.E0));
#1610=VECTOR('',#1609,1.65E0);
#1611=CARTESIAN_POINT('',(3.401231046514E0,-6.791513335107E-1,1.1365E1));
#1612=LINE('',#1611,#1610);
#1613=DIRECTION('',(1.E0,0.E0,0.E0));
#1614=VECTOR('',#1613,2.546123812871E-1);
#1615=CARTESIAN_POINT('',(4.065387618713E0,-6.160023939208E0,1.189100762479E1));
#1616=LINE('',#1615,#1614);
#1617=DIRECTION('',(0.E0,0.E0,1.E0));
#1618=VECTOR('',#1617,5.979847504179E-1);
#1619=CARTESIAN_POINT('',(4.065387618713E0,-6.160023939208E0,1.189100762479E1));
#1620=LINE('',#1619,#1618);
#1621=DIRECTION('',(1.E0,0.E0,0.E0));
#1622=VECTOR('',#1621,2.546123812871E-1);
#1623=CARTESIAN_POINT('',(4.065387618713E0,-6.160023939208E0,1.248899237521E1));
#1624=LINE('',#1623,#1622);
#1625=DIRECTION('',(1.E0,0.E0,0.E0));
#1626=VECTOR('',#1625,2.546123812871E-1);
#1627=CARTESIAN_POINT('',(-4.32E0,-6.160023939208E0,1.189100762479E1));
#1628=LINE('',#1627,#1626);
#1629=DIRECTION('',(0.E0,0.E0,1.E0));
#1630=VECTOR('',#1629,5.979847504179E-1);
#1631=CARTESIAN_POINT('',(-4.32E0,-6.160023939208E0,1.189100762479E1));
#1632=LINE('',#1631,#1630);
#1633=DIRECTION('',(1.E0,0.E0,0.E0));
#1634=VECTOR('',#1633,2.546123812871E-1);
#1635=CARTESIAN_POINT('',(-4.32E0,-6.160023939208E0,1.248899237521E1));
#1636=LINE('',#1635,#1634);
#1637=DIRECTION('',(0.E0,0.E0,-1.E0));
#1638=VECTOR('',#1637,1.65E0);
#1639=CARTESIAN_POINT('',(3.643568608068E0,-5.024888140569E-1,1.3015E1));
#1640=LINE('',#1639,#1638);
#1641=CARTESIAN_POINT('',(3.457957555996E0,-9.667608650665E-1,1.3905E1));
#1642=DIRECTION('',(0.E0,0.E0,-1.E0));
#1643=DIRECTION('',(3.712221041445E-1,9.285441020191E-1,0.E0));
#1644=AXIS2_PLACEMENT_3D('',#1641,#1642,#1643);
#1646=DIRECTION('',(-9.285441020191E-1,3.712221041445E-1,1.122993524812E-14));
#1647=VECTOR('',#1646,3.163610119119E-1);
#1648=CARTESIAN_POINT('',(3.643568608068E0,-5.024888140569E-1,1.3905E1));
#1649=LINE('',#1648,#1647);
#1650=DIRECTION('',(9.285441020191E-1,-3.712221041445E-1,2.907869761519E-14));
#1651=VECTOR('',#1650,1.221758183882E-1);
#1652=CARTESIAN_POINT('',(3.287785410940E0,-6.337969691330E-1,1.3905E1));
#1653=LINE('',#1652,#1651);
#1654=DIRECTION('',(6.931462866478E-2,-9.975948487503E-1,0.E0));
#1655=VECTOR('',#1654,7.719351155370E-1);
#1656=CARTESIAN_POINT('',(3.714417418817E0,-1.108766070188E0,1.3905E1));
#1657=LINE('',#1656,#1655);
#1658=DIRECTION('',(1.E0,0.E0,0.E0));
#1659=VECTOR('',#1658,2.546123812871E-1);
#1660=CARTESIAN_POINT('',(3.767923814704E0,-1.878844565017E0,1.3905E1));
#1661=LINE('',#1660,#1659);
#1662=DIRECTION('',(-6.931462866478E-2,9.975948487503E-1,0.E0));
#1663=VECTOR('',#1662,9.490235594831E-1);
#1664=CARTESIAN_POINT('',(4.022536195991E0,-1.878844565017E0,1.3905E1));
#1665=LINE('',#1664,#1663);
#1666=CARTESIAN_POINT('',(-3.457957555996E0,-9.667608650665E-1,1.3905E1));
#1667=DIRECTION('',(0.E0,0.E0,-1.E0));
#1668=DIRECTION('',(-9.975948487503E-1,6.931462866478E-2,0.E0));
#1669=AXIS2_PLACEMENT_3D('',#1666,#1667,#1668);
#1671=DIRECTION('',(-6.931462866478E-2,-9.975948487503E-1,0.E0));
#1672=VECTOR('',#1671,9.490235594831E-1);
#1673=CARTESIAN_POINT('',(-3.956754980371E0,-9.321035507341E-1,1.3905E1));
#1674=LINE('',#1673,#1672);
#1675=DIRECTION('',(1.E0,0.E0,0.E0));
#1676=VECTOR('',#1675,2.546123812871E-1);
#1677=CARTESIAN_POINT('',(-4.022536195991E0,-1.878844565017E0,1.3905E1));
#1678=LINE('',#1677,#1676);
#1679=DIRECTION('',(6.931462866478E-2,9.975948487503E-1,0.E0));
#1680=VECTOR('',#1679,7.719351155370E-1);
#1681=CARTESIAN_POINT('',(-3.767923814704E0,-1.878844565017E0,1.3905E1));
#1682=LINE('',#1681,#1680);
#1683=DIRECTION('',(9.285441020191E-1,3.712221041445E-1,-2.907869761519E-14));
#1684=VECTOR('',#1683,1.221758183882E-1);
#1685=CARTESIAN_POINT('',(-3.401231046514E0,-6.791513335107E-1,1.3905E1));
#1686=LINE('',#1685,#1684);
#1687=DIRECTION('',(-9.285441020191E-1,-3.712221041445E-1,0.E0));
#1688=VECTOR('',#1687,3.163610119119E-1);
#1689=CARTESIAN_POINT('',(-3.349813456349E0,-3.850486135457E-1,1.3905E1));
#1690=LINE('',#1689,#1688);
#1691=DIRECTION('',(0.E0,0.E0,-1.E0));
#1692=VECTOR('',#1691,1.65E0);
#1693=CARTESIAN_POINT('',(3.956754980371E0,-9.321035507341E-1,1.5555E1));
#1694=LINE('',#1693,#1692);
#1695=DIRECTION('',(5.900328267444E-2,-8.491911734829E-1,5.247789663395E-1));
#1696=VECTOR('',#1695,1.002341287533E0);
#1697=CARTESIAN_POINT('',(4.022536195991E0,-1.878844565017E0,1.3905E1));
#1698=LINE('',#1697,#1696);
#1699=DIRECTION('',(-6.931462866478E-2,9.975948487503E-1,0.E0));
#1700=VECTOR('',#1699,3.438269558325E0);
#1701=CARTESIAN_POINT('',(4.32E0,-6.160023939208E0,1.443100762479E1));
#1702=LINE('',#1701,#1700);
#1703=DIRECTION('',(0.E0,0.E0,1.E0));
#1704=VECTOR('',#1703,5.979847504179E-1);
#1705=CARTESIAN_POINT('',(4.32E0,-6.160023939208E0,1.443100762479E1));
#1706=LINE('',#1705,#1704);
#1707=DIRECTION('',(-6.931462866478E-2,9.975948487503E-1,0.E0));
#1708=VECTOR('',#1707,3.438269558325E0);
#1709=CARTESIAN_POINT('',(4.32E0,-6.160023939208E0,1.502899237521E1));
#1710=LINE('',#1709,#1708);
#1711=DIRECTION('',(-5.900328267444E-2,8.491911734829E-1,5.247789663395E-1));
#1712=VECTOR('',#1711,1.002341287533E0);
#1713=CARTESIAN_POINT('',(4.081677622315E0,-2.730023939208E0,1.502899237521E1));
#1714=LINE('',#1713,#1712);
#1715=DIRECTION('',(0.E0,0.E0,-1.E0));
#1716=VECTOR('',#1715,1.65E0);
#1717=CARTESIAN_POINT('',(-3.956754980371E0,-9.321035507341E-1,1.5555E1));
#1718=LINE('',#1717,#1716);
#1719=DIRECTION('',(5.900328267444E-2,8.491911734829E-1,5.247789663395E-1));
#1720=VECTOR('',#1719,1.002341287533E0);
#1721=CARTESIAN_POINT('',(-4.081677622315E0,-2.730023939208E0,
1.502899237521E1));
#1722=LINE('',#1721,#1720);
#1723=DIRECTION('',(6.931462866478E-2,9.975948487503E-1,0.E0));
#1724=VECTOR('',#1723,3.438269558325E0);
#1725=CARTESIAN_POINT('',(-4.32E0,-6.160023939208E0,1.502899237521E1));
#1726=LINE('',#1725,#1724);
#1727=DIRECTION('',(6.931462866478E-2,9.975948487503E-1,0.E0));
#1728=VECTOR('',#1727,3.438269558325E0);
#1729=CARTESIAN_POINT('',(-4.32E0,-6.160023939208E0,1.443100762479E1));
#1730=LINE('',#1729,#1728);
#1731=DIRECTION('',(-5.900328267444E-2,-8.491911734829E-1,5.247789663395E-1));
#1732=VECTOR('',#1731,1.002341287533E0);
#1733=CARTESIAN_POINT('',(-4.022536195991E0,-1.878844565017E0,1.3905E1));
#1734=LINE('',#1733,#1732);
#1735=DIRECTION('',(0.E0,0.E0,-1.E0));
#1736=VECTOR('',#1735,1.65E0);
#1737=CARTESIAN_POINT('',(-3.643568608068E0,-5.024888140569E-1,1.5555E1));
#1738=LINE('',#1737,#1736);
#1739=CARTESIAN_POINT('',(3.457957555996E0,-9.667608650665E-1,1.5555E1));
#1740=DIRECTION('',(0.E0,0.E0,1.E0));
#1741=DIRECTION('',(9.975948487503E-1,6.931462866478E-2,0.E0));
#1742=AXIS2_PLACEMENT_3D('',#1739,#1740,#1741);
#1744=DIRECTION('',(-6.931462866478E-2,9.975948487503E-1,0.E0));
#1745=VECTOR('',#1744,9.490235594831E-1);
#1746=CARTESIAN_POINT('',(4.022536195991E0,-1.878844565017E0,1.5555E1));
#1747=LINE('',#1746,#1745);
#1748=DIRECTION('',(1.E0,0.E0,0.E0));
#1749=VECTOR('',#1748,2.546123812871E-1);
#1750=CARTESIAN_POINT('',(3.767923814704E0,-1.878844565017E0,1.5555E1));
#1751=LINE('',#1750,#1749);
#1752=DIRECTION('',(6.931462866478E-2,-9.975948487503E-1,0.E0));
#1753=VECTOR('',#1752,7.719351155370E-1);
#1754=CARTESIAN_POINT('',(3.714417418817E0,-1.108766070188E0,1.5555E1));
#1755=LINE('',#1754,#1753);
#1756=DIRECTION('',(9.285441020191E-1,-3.712221041445E-1,0.E0));
#1757=VECTOR('',#1756,1.221758183882E-1);
#1758=CARTESIAN_POINT('',(3.287785410940E0,-6.337969691330E-1,1.5555E1));
#1759=LINE('',#1758,#1757);
#1760=DIRECTION('',(-9.285441020191E-1,3.712221041445E-1,2.807483812031E-14));
#1761=VECTOR('',#1760,3.163610119119E-1);
#1762=CARTESIAN_POINT('',(3.643568608068E0,-5.024888140569E-1,1.5555E1));
#1763=LINE('',#1762,#1761);
#1764=CARTESIAN_POINT('',(-3.457957555996E0,-9.667608650665E-1,1.5555E1));
#1765=DIRECTION('',(0.E0,0.E0,1.E0));
#1766=DIRECTION('',(-3.712221041445E-1,9.285441020191E-1,0.E0));
#1767=AXIS2_PLACEMENT_3D('',#1764,#1765,#1766);
#1769=DIRECTION('',(-9.285441020191E-1,-3.712221041445E-1,0.E0));
#1770=VECTOR('',#1769,3.163610119119E-1);
#1771=CARTESIAN_POINT('',(-3.349813456349E0,-3.850486135457E-1,1.5555E1));
#1772=LINE('',#1771,#1770);
#1773=DIRECTION('',(9.285441020191E-1,3.712221041445E-1,0.E0));
#1774=VECTOR('',#1773,1.221758183882E-1);
#1775=CARTESIAN_POINT('',(-3.401231046514E0,-6.791513335107E-1,1.5555E1));
#1776=LINE('',#1775,#1774);
#1777=DIRECTION('',(6.931462866478E-2,9.975948487503E-1,0.E0));
#1778=VECTOR('',#1777,7.719351155370E-1);
#1779=CARTESIAN_POINT('',(-3.767923814704E0,-1.878844565017E0,1.5555E1));
#1780=LINE('',#1779,#1778);
#1781=DIRECTION('',(1.E0,0.E0,0.E0));
#1782=VECTOR('',#1781,2.546123812871E-1);
#1783=CARTESIAN_POINT('',(-4.022536195991E0,-1.878844565017E0,1.5555E1));
#1784=LINE('',#1783,#1782);
#1785=DIRECTION('',(-6.931462866478E-2,-9.975948487503E-1,0.E0));
#1786=VECTOR('',#1785,9.490235594831E-1);
#1787=CARTESIAN_POINT('',(-3.956754980371E0,-9.321035507341E-1,1.5555E1));
#1788=LINE('',#1787,#1786);
#1789=DIRECTION('',(1.E0,0.E0,0.E0));
#1790=VECTOR('',#1789,2.546123812871E-1);
#1791=CARTESIAN_POINT('',(-4.081677622315E0,-2.730023939208E0,
1.502899237521E1));
#1792=LINE('',#1791,#1790);
#1793=DIRECTION('',(1.E0,0.E0,0.E0));
#1794=VECTOR('',#1793,2.546123812871E-1);
#1795=CARTESIAN_POINT('',(3.827065241028E0,-2.730023939208E0,1.502899237521E1));
#1796=LINE('',#1795,#1794);
#1797=DIRECTION('',(0.E0,0.E0,1.E0));
#1798=VECTOR('',#1797,1.65E0);
#1799=CARTESIAN_POINT('',(-3.714417418817E0,-1.108766070188E0,1.3905E1));
#1800=LINE('',#1799,#1798);
#1801=DIRECTION('',(-5.900328267444E-2,-8.491911734829E-1,5.247789663395E-1));
#1802=VECTOR('',#1801,1.002341287533E0);
#1803=CARTESIAN_POINT('',(-3.767923814704E0,-1.878844565017E0,1.3905E1));
#1804=LINE('',#1803,#1802);
#1805=DIRECTION('',(6.931462866478E-2,9.975948487503E-1,0.E0));
#1806=VECTOR('',#1805,3.438269558325E0);
#1807=CARTESIAN_POINT('',(-4.065387618713E0,-6.160023939208E0,
1.443100762479E1));
#1808=LINE('',#1807,#1806);
#1809=DIRECTION('',(0.E0,0.E0,1.E0));
#1810=VECTOR('',#1809,5.979847504179E-1);
#1811=CARTESIAN_POINT('',(-4.065387618713E0,-6.160023939208E0,
1.443100762479E1));
#1812=LINE('',#1811,#1810);
#1813=DIRECTION('',(6.931462866478E-2,9.975948487503E-1,0.E0));
#1814=VECTOR('',#1813,3.438269558325E0);
#1815=CARTESIAN_POINT('',(-4.065387618713E0,-6.160023939208E0,
1.502899237521E1));
#1816=LINE('',#1815,#1814);
#1817=DIRECTION('',(5.900328267444E-2,8.491911734829E-1,5.247789663395E-1));
#1818=VECTOR('',#1817,1.002341287533E0);
#1819=CARTESIAN_POINT('',(-3.827065241028E0,-2.730023939208E0,
1.502899237521E1));
#1820=LINE('',#1819,#1818);
#1821=CARTESIAN_POINT('',(-3.215619994442E0,-1.143423384520E0,1.3905E1));
#1822=DIRECTION('',(0.E0,0.E0,1.E0));
#1823=DIRECTION('',(-3.712221041445E-1,9.285441020191E-1,0.E0));
#1824=AXIS2_PLACEMENT_3D('',#1821,#1822,#1823);
#1826=CARTESIAN_POINT('',(-3.215619994442E0,-1.143423384520E0,1.5555E1));
#1827=DIRECTION('',(0.E0,0.E0,-1.E0));
#1828=DIRECTION('',(-9.975948487503E-1,6.931462866478E-2,0.E0));
#1829=AXIS2_PLACEMENT_3D('',#1826,#1827,#1828);
#1831=DIRECTION('',(0.E0,0.E0,1.E0));
#1832=VECTOR('',#1831,1.65E0);
#1833=CARTESIAN_POINT('',(-3.401231046514E0,-6.791513335107E-1,1.3905E1));
#1834=LINE('',#1833,#1832);
#1835=DIRECTION('',(1.E0,0.E0,0.E0));
#1836=VECTOR('',#1835,2.546123812871E-1);
#1837=CARTESIAN_POINT('',(3.827065241028E0,-2.730023939208E0,1.443100762479E1));
#1838=LINE('',#1837,#1836);
#1839=DIRECTION('',(1.E0,0.E0,0.E0));
#1840=VECTOR('',#1839,2.546123812871E-1);
#1841=CARTESIAN_POINT('',(-4.081677622315E0,-2.730023939208E0,
1.443100762479E1));
#1842=LINE('',#1841,#1840);
#1843=DIRECTION('',(0.E0,0.E0,1.E0));
#1844=VECTOR('',#1843,1.65E0);
#1845=CARTESIAN_POINT('',(3.714417418817E0,-1.108766070188E0,1.3905E1));
#1846=LINE('',#1845,#1844);
#1847=DIRECTION('',(-5.900328267444E-2,8.491911734829E-1,5.247789663395E-1));
#1848=VECTOR('',#1847,1.002341287533E0);
#1849=CARTESIAN_POINT('',(3.827065241028E0,-2.730023939208E0,1.502899237521E1));
#1850=LINE('',#1849,#1848);
#1851=DIRECTION('',(-6.931462866478E-2,9.975948487503E-1,0.E0));
#1852=VECTOR('',#1851,3.438269558325E0);
#1853=CARTESIAN_POINT('',(4.065387618713E0,-6.160023939208E0,1.502899237521E1));
#1854=LINE('',#1853,#1852);
#1855=DIRECTION('',(-6.931462866478E-2,9.975948487503E-1,0.E0));
#1856=VECTOR('',#1855,3.438269558325E0);
#1857=CARTESIAN_POINT('',(4.065387618713E0,-6.160023939208E0,1.443100762479E1));
#1858=LINE('',#1857,#1856);
#1859=DIRECTION('',(5.900328267444E-2,-8.491911734829E-1,5.247789663395E-1));
#1860=VECTOR('',#1859,1.002341287533E0);
#1861=CARTESIAN_POINT('',(3.767923814704E0,-1.878844565017E0,1.3905E1));
#1862=LINE('',#1861,#1860);
#1863=CARTESIAN_POINT('',(3.215619994442E0,-1.143423384520E0,1.3905E1));
#1864=DIRECTION('',(0.E0,0.E0,1.E0));
#1865=DIRECTION('',(9.975948487503E-1,6.931462866478E-2,0.E0));
#1866=AXIS2_PLACEMENT_3D('',#1863,#1864,#1865);
#1868=CARTESIAN_POINT('',(3.215619994442E0,-1.143423384520E0,1.5555E1));
#1869=DIRECTION('',(0.E0,0.E0,-1.E0));
#1870=DIRECTION('',(3.712221041445E-1,9.285441020191E-1,0.E0));
#1871=AXIS2_PLACEMENT_3D('',#1868,#1869,#1870);
#1873=DIRECTION('',(0.E0,0.E0,1.E0));
#1874=VECTOR('',#1873,1.65E0);
#1875=CARTESIAN_POINT('',(3.401231046514E0,-6.791513335107E-1,1.3905E1));
#1876=LINE('',#1875,#1874);
#1877=DIRECTION('',(1.E0,0.E0,0.E0));
#1878=VECTOR('',#1877,2.546123812871E-1);
#1879=CARTESIAN_POINT('',(4.065387618713E0,-6.160023939208E0,1.443100762479E1));
#1880=LINE('',#1879,#1878);
#1881=DIRECTION('',(0.E0,0.E0,1.E0));
#1882=VECTOR('',#1881,5.979847504179E-1);
#1883=CARTESIAN_POINT('',(4.065387618713E0,-6.160023939208E0,1.443100762479E1));
#1884=LINE('',#1883,#1882);
#1885=DIRECTION('',(1.E0,0.E0,0.E0));
#1886=VECTOR('',#1885,2.546123812871E-1);
#1887=CARTESIAN_POINT('',(4.065387618713E0,-6.160023939208E0,1.502899237521E1));
#1888=LINE('',#1887,#1886);
#1889=DIRECTION('',(1.E0,0.E0,0.E0));
#1890=VECTOR('',#1889,2.546123812871E-1);
#1891=CARTESIAN_POINT('',(-4.32E0,-6.160023939208E0,1.443100762479E1));
#1892=LINE('',#1891,#1890);
#1893=DIRECTION('',(0.E0,0.E0,1.E0));
#1894=VECTOR('',#1893,5.979847504179E-1);
#1895=CARTESIAN_POINT('',(-4.32E0,-6.160023939208E0,1.443100762479E1));
#1896=LINE('',#1895,#1894);
#1897=DIRECTION('',(1.E0,0.E0,0.E0));
#1898=VECTOR('',#1897,2.546123812871E-1);
#1899=CARTESIAN_POINT('',(-4.32E0,-6.160023939208E0,1.502899237521E1));
#1900=LINE('',#1899,#1898);
#1901=DIRECTION('',(0.E0,0.E0,-1.E0));
#1902=VECTOR('',#1901,1.65E0);
#1903=CARTESIAN_POINT('',(3.643568608068E0,-5.024888140569E-1,1.5555E1));
#1904=LINE('',#1903,#1902);
#1905=CARTESIAN_POINT('',(3.457957555996E0,-9.667608650665E-1,1.6445E1));
#1906=DIRECTION('',(0.E0,0.E0,-1.E0));
#1907=DIRECTION('',(3.712221041445E-1,9.285441020191E-1,0.E0));
#1908=AXIS2_PLACEMENT_3D('',#1905,#1906,#1907);
#1910=DIRECTION('',(-9.285441020191E-1,3.712221041445E-1,0.E0));
#1911=VECTOR('',#1910,3.163610119119E-1);
#1912=CARTESIAN_POINT('',(3.643568608068E0,-5.024888140569E-1,1.6445E1));
#1913=LINE('',#1912,#1911);
#1914=DIRECTION('',(9.285441020191E-1,-3.712221041445E-1,0.E0));
#1915=VECTOR('',#1914,1.221758183882E-1);
#1916=CARTESIAN_POINT('',(3.287785410940E0,-6.337969691330E-1,1.6445E1));
#1917=LINE('',#1916,#1915);
#1918=DIRECTION('',(6.931462866478E-2,-9.975948487503E-1,0.E0));
#1919=VECTOR('',#1918,7.719351155370E-1);
#1920=CARTESIAN_POINT('',(3.714417418817E0,-1.108766070188E0,1.6445E1));
#1921=LINE('',#1920,#1919);
#1922=DIRECTION('',(1.E0,0.E0,0.E0));
#1923=VECTOR('',#1922,2.546123812871E-1);
#1924=CARTESIAN_POINT('',(3.767923814704E0,-1.878844565017E0,1.6445E1));
#1925=LINE('',#1924,#1923);
#1926=DIRECTION('',(-6.931462866478E-2,9.975948487503E-1,0.E0));
#1927=VECTOR('',#1926,9.490235594831E-1);
#1928=CARTESIAN_POINT('',(4.022536195991E0,-1.878844565017E0,1.6445E1));
#1929=LINE('',#1928,#1927);
#1930=CARTESIAN_POINT('',(-3.457957555996E0,-9.667608650665E-1,1.6445E1));
#1931=DIRECTION('',(0.E0,0.E0,-1.E0));
#1932=DIRECTION('',(-9.975948487503E-1,6.931462866478E-2,0.E0));
#1933=AXIS2_PLACEMENT_3D('',#1930,#1931,#1932);
#1935=DIRECTION('',(-6.931462866478E-2,-9.975948487503E-1,0.E0));
#1936=VECTOR('',#1935,9.490235594831E-1);
#1937=CARTESIAN_POINT('',(-3.956754980371E0,-9.321035507341E-1,1.6445E1));
#1938=LINE('',#1937,#1936);
#1939=DIRECTION('',(1.E0,0.E0,0.E0));
#1940=VECTOR('',#1939,2.546123812871E-1);
#1941=CARTESIAN_POINT('',(-4.022536195991E0,-1.878844565017E0,1.6445E1));
#1942=LINE('',#1941,#1940);
#1943=DIRECTION('',(6.931462866478E-2,9.975948487503E-1,0.E0));
#1944=VECTOR('',#1943,7.719351155370E-1);
#1945=CARTESIAN_POINT('',(-3.767923814704E0,-1.878844565017E0,1.6445E1));
#1946=LINE('',#1945,#1944);
#1947=DIRECTION('',(9.285441020191E-1,3.712221041445E-1,0.E0));
#1948=VECTOR('',#1947,1.221758183882E-1);
#1949=CARTESIAN_POINT('',(-3.401231046514E0,-6.791513335107E-1,1.6445E1));
#1950=LINE('',#1949,#1948);
#1951=DIRECTION('',(-9.285441020191E-1,-3.712221041445E-1,0.E0));
#1952=VECTOR('',#1951,3.163610119119E-1);
#1953=CARTESIAN_POINT('',(-3.349813456349E0,-3.850486135457E-1,1.6445E1));
#1954=LINE('',#1953,#1952);
#1955=DIRECTION('',(0.E0,0.E0,-1.E0));
#1956=VECTOR('',#1955,1.65E0);
#1957=CARTESIAN_POINT('',(3.956754980371E0,-9.321035507341E-1,1.8095E1));
#1958=LINE('',#1957,#1956);
#1959=DIRECTION('',(5.900328267444E-2,-8.491911734829E-1,5.247789663395E-1));
#1960=VECTOR('',#1959,1.002341287533E0);
#1961=CARTESIAN_POINT('',(4.022536195991E0,-1.878844565017E0,1.6445E1));
#1962=LINE('',#1961,#1960);
#1963=DIRECTION('',(-6.931462866478E-2,9.975948487503E-1,0.E0));
#1964=VECTOR('',#1963,3.438269558325E0);
#1965=CARTESIAN_POINT('',(4.32E0,-6.160023939208E0,1.697100762479E1));
#1966=LINE('',#1965,#1964);
#1967=DIRECTION('',(0.E0,0.E0,1.E0));
#1968=VECTOR('',#1967,5.979847504179E-1);
#1969=CARTESIAN_POINT('',(4.32E0,-6.160023939208E0,1.697100762479E1));
#1970=LINE('',#1969,#1968);
#1971=DIRECTION('',(-6.931462866478E-2,9.975948487503E-1,0.E0));
#1972=VECTOR('',#1971,3.438269558325E0);
#1973=CARTESIAN_POINT('',(4.32E0,-6.160023939208E0,1.756899237521E1));
#1974=LINE('',#1973,#1972);
#1975=DIRECTION('',(-5.900328267444E-2,8.491911734829E-1,5.247789663395E-1));
#1976=VECTOR('',#1975,1.002341287533E0);
#1977=CARTESIAN_POINT('',(4.081677622315E0,-2.730023939208E0,1.756899237521E1));
#1978=LINE('',#1977,#1976);
#1979=DIRECTION('',(0.E0,0.E0,-1.E0));
#1980=VECTOR('',#1979,1.65E0);
#1981=CARTESIAN_POINT('',(-3.956754980371E0,-9.321035507341E-1,1.8095E1));
#1982=LINE('',#1981,#1980);
#1983=DIRECTION('',(5.900328267444E-2,8.491911734829E-1,5.247789663395E-1));
#1984=VECTOR('',#1983,1.002341287533E0);
#1985=CARTESIAN_POINT('',(-4.081677622315E0,-2.730023939208E0,
1.756899237521E1));
#1986=LINE('',#1985,#1984);
#1987=DIRECTION('',(6.931462866478E-2,9.975948487503E-1,0.E0));
#1988=VECTOR('',#1987,3.438269558325E0);
#1989=CARTESIAN_POINT('',(-4.32E0,-6.160023939208E0,1.756899237521E1));
#1990=LINE('',#1989,#1988);
#1991=DIRECTION('',(6.931462866478E-2,9.975948487503E-1,0.E0));
#1992=VECTOR('',#1991,3.438269558325E0);
#1993=CARTESIAN_POINT('',(-4.32E0,-6.160023939208E0,1.697100762479E1));
#1994=LINE('',#1993,#1992);
#1995=DIRECTION('',(-5.900328267444E-2,-8.491911734829E-1,5.247789663395E-1));
#1996=VECTOR('',#1995,1.002341287533E0);
#1997=CARTESIAN_POINT('',(-4.022536195991E0,-1.878844565017E0,1.6445E1));
#1998=LINE('',#1997,#1996);
#1999=DIRECTION('',(0.E0,0.E0,-1.E0));
#2000=VECTOR('',#1999,1.65E0);
#2001=CARTESIAN_POINT('',(-3.643568608068E0,-5.024888140569E-1,1.8095E1));
#2002=LINE('',#2001,#2000);
#2003=CARTESIAN_POINT('',(3.457957555996E0,-9.667608650665E-1,1.8095E1));
#2004=DIRECTION('',(0.E0,0.E0,1.E0));
#2005=DIRECTION('',(9.975948487503E-1,6.931462866478E-2,0.E0));
#2006=AXIS2_PLACEMENT_3D('',#2003,#2004,#2005);
#2008=DIRECTION('',(-6.931462866478E-2,9.975948487503E-1,0.E0));
#2009=VECTOR('',#2008,9.490235594831E-1);
#2010=CARTESIAN_POINT('',(4.022536195991E0,-1.878844565017E0,1.8095E1));
#2011=LINE('',#2010,#2009);
#2012=DIRECTION('',(1.E0,0.E0,0.E0));
#2013=VECTOR('',#2012,2.546123812871E-1);
#2014=CARTESIAN_POINT('',(3.767923814704E0,-1.878844565017E0,1.8095E1));
#2015=LINE('',#2014,#2013);
#2016=DIRECTION('',(6.931462866478E-2,-9.975948487503E-1,0.E0));
#2017=VECTOR('',#2016,7.719351155370E-1);
#2018=CARTESIAN_POINT('',(3.714417418817E0,-1.108766070188E0,1.8095E1));
#2019=LINE('',#2018,#2017);
#2020=DIRECTION('',(9.285441020191E-1,-3.712221041445E-1,0.E0));
#2021=VECTOR('',#2020,1.221758183882E-1);
#2022=CARTESIAN_POINT('',(3.287785410940E0,-6.337969691330E-1,1.8095E1));
#2023=LINE('',#2022,#2021);
#2024=DIRECTION('',(-9.285441020191E-1,3.712221041445E-1,0.E0));
#2025=VECTOR('',#2024,3.163610119119E-1);
#2026=CARTESIAN_POINT('',(3.643568608068E0,-5.024888140569E-1,1.8095E1));
#2027=LINE('',#2026,#2025);
#2028=CARTESIAN_POINT('',(-3.457957555996E0,-9.667608650665E-1,1.8095E1));
#2029=DIRECTION('',(0.E0,0.E0,1.E0));
#2030=DIRECTION('',(-3.712221041445E-1,9.285441020191E-1,0.E0));
#2031=AXIS2_PLACEMENT_3D('',#2028,#2029,#2030);
#2033=DIRECTION('',(-9.285441020191E-1,-3.712221041445E-1,0.E0));
#2034=VECTOR('',#2033,3.163610119119E-1);
#2035=CARTESIAN_POINT('',(-3.349813456349E0,-3.850486135457E-1,1.8095E1));
#2036=LINE('',#2035,#2034);
#2037=DIRECTION('',(9.285441020191E-1,3.712221041445E-1,0.E0));
#2038=VECTOR('',#2037,1.221758183882E-1);
#2039=CARTESIAN_POINT('',(-3.401231046514E0,-6.791513335107E-1,1.8095E1));
#2040=LINE('',#2039,#2038);
#2041=DIRECTION('',(6.931462866478E-2,9.975948487503E-1,0.E0));
#2042=VECTOR('',#2041,7.719351155370E-1);
#2043=CARTESIAN_POINT('',(-3.767923814704E0,-1.878844565017E0,1.8095E1));
#2044=LINE('',#2043,#2042);
#2045=DIRECTION('',(1.E0,0.E0,0.E0));
#2046=VECTOR('',#2045,2.546123812871E-1);
#2047=CARTESIAN_POINT('',(-4.022536195991E0,-1.878844565017E0,1.8095E1));
#2048=LINE('',#2047,#2046);
#2049=DIRECTION('',(-6.931462866478E-2,-9.975948487503E-1,0.E0));
#2050=VECTOR('',#2049,9.490235594831E-1);
#2051=CARTESIAN_POINT('',(-3.956754980371E0,-9.321035507341E-1,1.8095E1));
#2052=LINE('',#2051,#2050);
#2053=DIRECTION('',(1.E0,0.E0,0.E0));
#2054=VECTOR('',#2053,2.546123812871E-1);
#2055=CARTESIAN_POINT('',(-4.081677622315E0,-2.730023939208E0,
1.756899237521E1));
#2056=LINE('',#2055,#2054);
#2057=DIRECTION('',(1.E0,0.E0,0.E0));
#2058=VECTOR('',#2057,2.546123812871E-1);
#2059=CARTESIAN_POINT('',(3.827065241028E0,-2.730023939208E0,1.756899237521E1));
#2060=LINE('',#2059,#2058);
#2061=DIRECTION('',(0.E0,0.E0,1.E0));
#2062=VECTOR('',#2061,1.65E0);
#2063=CARTESIAN_POINT('',(-3.714417418817E0,-1.108766070188E0,1.6445E1));
#2064=LINE('',#2063,#2062);
#2065=DIRECTION('',(-5.900328267444E-2,-8.491911734829E-1,5.247789663395E-1));
#2066=VECTOR('',#2065,1.002341287533E0);
#2067=CARTESIAN_POINT('',(-3.767923814704E0,-1.878844565017E0,1.6445E1));
#2068=LINE('',#2067,#2066);
#2069=DIRECTION('',(6.931462866478E-2,9.975948487503E-1,0.E0));
#2070=VECTOR('',#2069,3.438269558325E0);
#2071=CARTESIAN_POINT('',(-4.065387618713E0,-6.160023939208E0,
1.697100762479E1));
#2072=LINE('',#2071,#2070);
#2073=DIRECTION('',(0.E0,0.E0,1.E0));
#2074=VECTOR('',#2073,5.979847504179E-1);
#2075=CARTESIAN_POINT('',(-4.065387618713E0,-6.160023939208E0,
1.697100762479E1));
#2076=LINE('',#2075,#2074);
#2077=DIRECTION('',(6.931462866478E-2,9.975948487503E-1,0.E0));
#2078=VECTOR('',#2077,3.438269558325E0);
#2079=CARTESIAN_POINT('',(-4.065387618713E0,-6.160023939208E0,
1.756899237521E1));
#2080=LINE('',#2079,#2078);
#2081=DIRECTION('',(5.900328267444E-2,8.491911734829E-1,5.247789663395E-1));
#2082=VECTOR('',#2081,1.002341287533E0);
#2083=CARTESIAN_POINT('',(-3.827065241028E0,-2.730023939208E0,
1.756899237521E1));
#2084=LINE('',#2083,#2082);
#2085=CARTESIAN_POINT('',(-3.215619994442E0,-1.143423384520E0,1.6445E1));
#2086=DIRECTION('',(0.E0,0.E0,1.E0));
#2087=DIRECTION('',(-3.712221041445E-1,9.285441020191E-1,0.E0));
#2088=AXIS2_PLACEMENT_3D('',#2085,#2086,#2087);
#2090=CARTESIAN_POINT('',(-3.215619994442E0,-1.143423384520E0,1.8095E1));
#2091=DIRECTION('',(0.E0,0.E0,-1.E0));
#2092=DIRECTION('',(-9.975948487503E-1,6.931462866478E-2,0.E0));
#2093=AXIS2_PLACEMENT_3D('',#2090,#2091,#2092);
#2095=DIRECTION('',(0.E0,0.E0,1.E0));
#2096=VECTOR('',#2095,1.65E0);
#2097=CARTESIAN_POINT('',(-3.401231046514E0,-6.791513335107E-1,1.6445E1));
#2098=LINE('',#2097,#2096);
#2099=DIRECTION('',(1.E0,0.E0,0.E0));
#2100=VECTOR('',#2099,2.546123812871E-1);
#2101=CARTESIAN_POINT('',(3.827065241028E0,-2.730023939208E0,1.697100762479E1));
#2102=LINE('',#2101,#2100);
#2103=DIRECTION('',(1.E0,0.E0,0.E0));
#2104=VECTOR('',#2103,2.546123812871E-1);
#2105=CARTESIAN_POINT('',(-4.081677622315E0,-2.730023939208E0,
1.697100762479E1));
#2106=LINE('',#2105,#2104);
#2107=DIRECTION('',(0.E0,0.E0,1.E0));
#2108=VECTOR('',#2107,1.65E0);
#2109=CARTESIAN_POINT('',(3.714417418817E0,-1.108766070188E0,1.6445E1));
#2110=LINE('',#2109,#2108);
#2111=DIRECTION('',(-5.900328267444E-2,8.491911734829E-1,5.247789663395E-1));
#2112=VECTOR('',#2111,1.002341287533E0);
#2113=CARTESIAN_POINT('',(3.827065241028E0,-2.730023939208E0,1.756899237521E1));
#2114=LINE('',#2113,#2112);
#2115=DIRECTION('',(-6.931462866478E-2,9.975948487503E-1,0.E0));
#2116=VECTOR('',#2115,3.438269558325E0);
#2117=CARTESIAN_POINT('',(4.065387618713E0,-6.160023939208E0,1.756899237521E1));
#2118=LINE('',#2117,#2116);
#2119=DIRECTION('',(-6.931462866478E-2,9.975948487503E-1,0.E0));
#2120=VECTOR('',#2119,3.438269558325E0);
#2121=CARTESIAN_POINT('',(4.065387618713E0,-6.160023939208E0,1.697100762479E1));
#2122=LINE('',#2121,#2120);
#2123=DIRECTION('',(5.900328267444E-2,-8.491911734829E-1,5.247789663395E-1));
#2124=VECTOR('',#2123,1.002341287533E0);
#2125=CARTESIAN_POINT('',(3.767923814704E0,-1.878844565017E0,1.6445E1));
#2126=LINE('',#2125,#2124);
#2127=CARTESIAN_POINT('',(3.215619994442E0,-1.143423384520E0,1.6445E1));
#2128=DIRECTION('',(0.E0,0.E0,1.E0));
#2129=DIRECTION('',(9.975948487503E-1,6.931462866478E-2,0.E0));
#2130=AXIS2_PLACEMENT_3D('',#2127,#2128,#2129);
#2132=CARTESIAN_POINT('',(3.215619994442E0,-1.143423384520E0,1.8095E1));
#2133=DIRECTION('',(0.E0,0.E0,-1.E0));
#2134=DIRECTION('',(3.712221041445E-1,9.285441020191E-1,0.E0));
#2135=AXIS2_PLACEMENT_3D('',#2132,#2133,#2134);
#2137=DIRECTION('',(0.E0,0.E0,1.E0));
#2138=VECTOR('',#2137,1.65E0);
#2139=CARTESIAN_POINT('',(3.401231046514E0,-6.791513335107E-1,1.6445E1));
#2140=LINE('',#2139,#2138);
#2141=DIRECTION('',(1.E0,0.E0,0.E0));
#2142=VECTOR('',#2141,2.546123812871E-1);
#2143=CARTESIAN_POINT('',(4.065387618713E0,-6.160023939208E0,1.697100762479E1));
#2144=LINE('',#2143,#2142);
#2145=DIRECTION('',(0.E0,0.E0,1.E0));
#2146=VECTOR('',#2145,5.979847504179E-1);
#2147=CARTESIAN_POINT('',(4.065387618713E0,-6.160023939208E0,1.697100762479E1));
#2148=LINE('',#2147,#2146);
#2149=DIRECTION('',(1.E0,0.E0,0.E0));
#2150=VECTOR('',#2149,2.546123812871E-1);
#2151=CARTESIAN_POINT('',(4.065387618713E0,-6.160023939208E0,1.756899237521E1));
#2152=LINE('',#2151,#2150);
#2153=DIRECTION('',(1.E0,0.E0,0.E0));
#2154=VECTOR('',#2153,2.546123812871E-1);
#2155=CARTESIAN_POINT('',(-4.32E0,-6.160023939208E0,1.697100762479E1));
#2156=LINE('',#2155,#2154);
#2157=DIRECTION('',(0.E0,0.E0,1.E0));
#2158=VECTOR('',#2157,5.979847504179E-1);
#2159=CARTESIAN_POINT('',(-4.32E0,-6.160023939208E0,1.697100762479E1));
#2160=LINE('',#2159,#2158);
#2161=DIRECTION('',(1.E0,0.E0,0.E0));
#2162=VECTOR('',#2161,2.546123812871E-1);
#2163=CARTESIAN_POINT('',(-4.32E0,-6.160023939208E0,1.756899237521E1));
#2164=LINE('',#2163,#2162);
#2165=DIRECTION('',(0.E0,0.E0,-1.E0));
#2166=VECTOR('',#2165,1.65E0);
#2167=CARTESIAN_POINT('',(3.643568608068E0,-5.024888140569E-1,1.8095E1));
#2168=LINE('',#2167,#2166);
#2169=CARTESIAN_POINT('',(3.457957555996E0,-9.667608650665E-1,1.8985E1));
#2170=DIRECTION('',(0.E0,0.E0,-1.E0));
#2171=DIRECTION('',(3.712221041445E-1,9.285441020191E-1,0.E0));
#2172=AXIS2_PLACEMENT_3D('',#2169,#2170,#2171);
#2174=DIRECTION('',(-9.285441020191E-1,3.712221041445E-1,0.E0));
#2175=VECTOR('',#2174,3.163610119119E-1);
#2176=CARTESIAN_POINT('',(3.643568608068E0,-5.024888140569E-1,1.8985E1));
#2177=LINE('',#2176,#2175);
#2178=DIRECTION('',(9.285441020191E-1,-3.712221041445E-1,0.E0));
#2179=VECTOR('',#2178,1.221758183882E-1);
#2180=CARTESIAN_POINT('',(3.287785410940E0,-6.337969691330E-1,1.8985E1));
#2181=LINE('',#2180,#2179);
#2182=DIRECTION('',(6.931462866478E-2,-9.975948487503E-1,0.E0));
#2183=VECTOR('',#2182,7.719351155370E-1);
#2184=CARTESIAN_POINT('',(3.714417418817E0,-1.108766070188E0,1.8985E1));
#2185=LINE('',#2184,#2183);
#2186=DIRECTION('',(1.E0,0.E0,0.E0));
#2187=VECTOR('',#2186,2.546123812871E-1);
#2188=CARTESIAN_POINT('',(3.767923814704E0,-1.878844565017E0,1.8985E1));
#2189=LINE('',#2188,#2187);
#2190=DIRECTION('',(-6.931462866478E-2,9.975948487503E-1,0.E0));
#2191=VECTOR('',#2190,9.490235594831E-1);
#2192=CARTESIAN_POINT('',(4.022536195991E0,-1.878844565017E0,1.8985E1));
#2193=LINE('',#2192,#2191);
#2194=CARTESIAN_POINT('',(-3.457957555996E0,-9.667608650665E-1,1.8985E1));
#2195=DIRECTION('',(0.E0,0.E0,-1.E0));
#2196=DIRECTION('',(-9.975948487503E-1,6.931462866478E-2,0.E0));
#2197=AXIS2_PLACEMENT_3D('',#2194,#2195,#2196);
#2199=DIRECTION('',(-6.931462866478E-2,-9.975948487503E-1,0.E0));
#2200=VECTOR('',#2199,9.490235594831E-1);
#2201=CARTESIAN_POINT('',(-3.956754980371E0,-9.321035507341E-1,1.8985E1));
#2202=LINE('',#2201,#2200);
#2203=DIRECTION('',(1.E0,0.E0,0.E0));
#2204=VECTOR('',#2203,2.546123812871E-1);
#2205=CARTESIAN_POINT('',(-4.022536195991E0,-1.878844565017E0,1.8985E1));
#2206=LINE('',#2205,#2204);
#2207=DIRECTION('',(6.931462866478E-2,9.975948487503E-1,0.E0));
#2208=VECTOR('',#2207,7.719351155370E-1);
#2209=CARTESIAN_POINT('',(-3.767923814704E0,-1.878844565017E0,1.8985E1));
#2210=LINE('',#2209,#2208);
#2211=DIRECTION('',(9.285441020191E-1,3.712221041445E-1,0.E0));
#2212=VECTOR('',#2211,1.221758183882E-1);
#2213=CARTESIAN_POINT('',(-3.401231046514E0,-6.791513335107E-1,1.8985E1));
#2214=LINE('',#2213,#2212);
#2215=DIRECTION('',(-9.285441020191E-1,-3.712221041445E-1,0.E0));
#2216=VECTOR('',#2215,3.163610119119E-1);
#2217=CARTESIAN_POINT('',(-3.349813456349E0,-3.850486135457E-1,1.8985E1));
#2218=LINE('',#2217,#2216);
#2219=DIRECTION('',(0.E0,0.E0,-1.E0));
#2220=VECTOR('',#2219,1.65E0);
#2221=CARTESIAN_POINT('',(3.956754980371E0,-9.321035507341E-1,2.0635E1));
#2222=LINE('',#2221,#2220);
#2223=DIRECTION('',(5.900328267444E-2,-8.491911734829E-1,5.247789663395E-1));
#2224=VECTOR('',#2223,1.002341287533E0);
#2225=CARTESIAN_POINT('',(4.022536195991E0,-1.878844565017E0,1.8985E1));
#2226=LINE('',#2225,#2224);
#2227=DIRECTION('',(-6.931462866478E-2,9.975948487503E-1,0.E0));
#2228=VECTOR('',#2227,3.438269558325E0);
#2229=CARTESIAN_POINT('',(4.32E0,-6.160023939208E0,1.951100762479E1));
#2230=LINE('',#2229,#2228);
#2231=DIRECTION('',(0.E0,0.E0,1.E0));
#2232=VECTOR('',#2231,5.979847504179E-1);
#2233=CARTESIAN_POINT('',(4.32E0,-6.160023939208E0,1.951100762479E1));
#2234=LINE('',#2233,#2232);
#2235=DIRECTION('',(-6.931462866478E-2,9.975948487503E-1,0.E0));
#2236=VECTOR('',#2235,3.438269558325E0);
#2237=CARTESIAN_POINT('',(4.32E0,-6.160023939208E0,2.010899237521E1));
#2238=LINE('',#2237,#2236);
#2239=DIRECTION('',(-5.900328267444E-2,8.491911734829E-1,5.247789663395E-1));
#2240=VECTOR('',#2239,1.002341287533E0);
#2241=CARTESIAN_POINT('',(4.081677622315E0,-2.730023939208E0,2.010899237521E1));
#2242=LINE('',#2241,#2240);
#2243=DIRECTION('',(1.E0,0.E0,0.E0));
#2244=VECTOR('',#2243,2.546123812871E-1);
#2245=CARTESIAN_POINT('',(-4.081677622315E0,-2.730023939208E0,
1.951100762479E1));
#2246=LINE('',#2245,#2244);
#2247=DIRECTION('',(1.E0,0.E0,0.E0));
#2248=VECTOR('',#2247,2.546123812871E-1);
#2249=CARTESIAN_POINT('',(3.827065241028E0,-2.730023939208E0,1.951100762479E1));
#2250=LINE('',#2249,#2248);
#2251=DIRECTION('',(0.E0,0.E0,-1.E0));
#2252=VECTOR('',#2251,1.65E0);
#2253=CARTESIAN_POINT('',(-3.956754980371E0,-9.321035507341E-1,2.0635E1));
#2254=LINE('',#2253,#2252);
#2255=DIRECTION('',(5.900328267444E-2,8.491911734829E-1,5.247789663395E-1));
#2256=VECTOR('',#2255,1.002341287533E0);
#2257=CARTESIAN_POINT('',(-4.081677622315E0,-2.730023939208E0,
2.010899237521E1));
#2258=LINE('',#2257,#2256);
#2259=DIRECTION('',(6.931462866478E-2,9.975948487503E-1,0.E0));
#2260=VECTOR('',#2259,3.438269558325E0);
#2261=CARTESIAN_POINT('',(-4.32E0,-6.160023939208E0,2.010899237521E1));
#2262=LINE('',#2261,#2260);
#2263=DIRECTION('',(6.931462866478E-2,9.975948487503E-1,0.E0));
#2264=VECTOR('',#2263,3.438269558325E0);
#2265=CARTESIAN_POINT('',(-4.32E0,-6.160023939208E0,1.951100762479E1));
#2266=LINE('',#2265,#2264);
#2267=DIRECTION('',(-5.900328267444E-2,-8.491911734829E-1,5.247789663395E-1));
#2268=VECTOR('',#2267,1.002341287533E0);
#2269=CARTESIAN_POINT('',(-4.022536195991E0,-1.878844565017E0,1.8985E1));
#2270=LINE('',#2269,#2268);
#2271=DIRECTION('',(0.E0,0.E0,-1.E0));
#2272=VECTOR('',#2271,1.65E0);
#2273=CARTESIAN_POINT('',(-3.643568608068E0,-5.024888140569E-1,2.0635E1));
#2274=LINE('',#2273,#2272);
#2275=CARTESIAN_POINT('',(3.457957555996E0,-9.667608650665E-1,2.0635E1));
#2276=DIRECTION('',(0.E0,0.E0,1.E0));
#2277=DIRECTION('',(9.975948487503E-1,6.931462866478E-2,0.E0));
#2278=AXIS2_PLACEMENT_3D('',#2275,#2276,#2277);
#2280=DIRECTION('',(-6.931462866478E-2,9.975948487503E-1,0.E0));
#2281=VECTOR('',#2280,9.490235594831E-1);
#2282=CARTESIAN_POINT('',(4.022536195991E0,-1.878844565017E0,2.0635E1));
#2283=LINE('',#2282,#2281);
#2284=DIRECTION('',(1.E0,0.E0,0.E0));
#2285=VECTOR('',#2284,2.546123812871E-1);
#2286=CARTESIAN_POINT('',(3.767923814704E0,-1.878844565017E0,2.0635E1));
#2287=LINE('',#2286,#2285);
#2288=DIRECTION('',(6.931462866478E-2,-9.975948487503E-1,0.E0));
#2289=VECTOR('',#2288,7.719351155370E-1);
#2290=CARTESIAN_POINT('',(3.714417418817E0,-1.108766070188E0,2.0635E1));
#2291=LINE('',#2290,#2289);
#2292=DIRECTION('',(9.285441020191E-1,-3.712221041445E-1,-2.907869761519E-14));
#2293=VECTOR('',#2292,1.221758183882E-1);
#2294=CARTESIAN_POINT('',(3.287785410940E0,-6.337969691330E-1,2.0635E1));
#2295=LINE('',#2294,#2293);
#2296=DIRECTION('',(-9.285441020191E-1,3.712221041445E-1,0.E0));
#2297=VECTOR('',#2296,3.163610119119E-1);
#2298=CARTESIAN_POINT('',(3.643568608068E0,-5.024888140569E-1,2.0635E1));
#2299=LINE('',#2298,#2297);
#2300=CARTESIAN_POINT('',(-3.457957555996E0,-9.667608650665E-1,2.0635E1));
#2301=DIRECTION('',(0.E0,0.E0,1.E0));
#2302=DIRECTION('',(-3.712221041445E-1,9.285441020191E-1,0.E0));
#2303=AXIS2_PLACEMENT_3D('',#2300,#2301,#2302);
#2305=DIRECTION('',(-9.285441020191E-1,-3.712221041445E-1,0.E0));
#2306=VECTOR('',#2305,3.163610119119E-1);
#2307=CARTESIAN_POINT('',(-3.349813456349E0,-3.850486135457E-1,2.0635E1));
#2308=LINE('',#2307,#2306);
#2309=DIRECTION('',(9.285441020191E-1,3.712221041445E-1,0.E0));
#2310=VECTOR('',#2309,1.221758183882E-1);
#2311=CARTESIAN_POINT('',(-3.401231046514E0,-6.791513335107E-1,2.0635E1));
#2312=LINE('',#2311,#2310);
#2313=DIRECTION('',(6.931462866478E-2,9.975948487503E-1,0.E0));
#2314=VECTOR('',#2313,7.719351155370E-1);
#2315=CARTESIAN_POINT('',(-3.767923814704E0,-1.878844565017E0,2.0635E1));
#2316=LINE('',#2315,#2314);
#2317=DIRECTION('',(1.E0,0.E0,0.E0));
#2318=VECTOR('',#2317,2.546123812871E-1);
#2319=CARTESIAN_POINT('',(-4.022536195991E0,-1.878844565017E0,2.0635E1));
#2320=LINE('',#2319,#2318);
#2321=DIRECTION('',(-6.931462866478E-2,-9.975948487503E-1,0.E0));
#2322=VECTOR('',#2321,9.490235594831E-1);
#2323=CARTESIAN_POINT('',(-3.956754980371E0,-9.321035507341E-1,2.0635E1));
#2324=LINE('',#2323,#2322);
#2325=DIRECTION('',(1.E0,0.E0,0.E0));
#2326=VECTOR('',#2325,2.546123812871E-1);
#2327=CARTESIAN_POINT('',(-4.081677622315E0,-2.730023939208E0,
2.010899237521E1));
#2328=LINE('',#2327,#2326);
#2329=DIRECTION('',(1.E0,0.E0,0.E0));
#2330=VECTOR('',#2329,2.546123812871E-1);
#2331=CARTESIAN_POINT('',(3.827065241028E0,-2.730023939208E0,2.010899237521E1));
#2332=LINE('',#2331,#2330);
#2333=DIRECTION('',(0.E0,0.E0,1.E0));
#2334=VECTOR('',#2333,1.65E0);
#2335=CARTESIAN_POINT('',(-3.714417418817E0,-1.108766070188E0,1.8985E1));
#2336=LINE('',#2335,#2334);
#2337=DIRECTION('',(-5.900328267444E-2,-8.491911734829E-1,5.247789663395E-1));
#2338=VECTOR('',#2337,1.002341287533E0);
#2339=CARTESIAN_POINT('',(-3.767923814704E0,-1.878844565017E0,1.8985E1));
#2340=LINE('',#2339,#2338);
#2341=DIRECTION('',(6.931462866478E-2,9.975948487503E-1,0.E0));
#2342=VECTOR('',#2341,3.438269558325E0);
#2343=CARTESIAN_POINT('',(-4.065387618713E0,-6.160023939208E0,
1.951100762479E1));
#2344=LINE('',#2343,#2342);
#2345=DIRECTION('',(0.E0,0.E0,1.E0));
#2346=VECTOR('',#2345,5.979847504179E-1);
#2347=CARTESIAN_POINT('',(-4.065387618713E0,-6.160023939208E0,
1.951100762479E1));
#2348=LINE('',#2347,#2346);
#2349=DIRECTION('',(6.931462866478E-2,9.975948487503E-1,0.E0));
#2350=VECTOR('',#2349,3.438269558325E0);
#2351=CARTESIAN_POINT('',(-4.065387618713E0,-6.160023939208E0,
2.010899237521E1));
#2352=LINE('',#2351,#2350);
#2353=DIRECTION('',(5.900328267444E-2,8.491911734829E-1,5.247789663395E-1));
#2354=VECTOR('',#2353,1.002341287533E0);
#2355=CARTESIAN_POINT('',(-3.827065241028E0,-2.730023939208E0,
2.010899237521E1));
#2356=LINE('',#2355,#2354);
#2357=CARTESIAN_POINT('',(-3.215619994442E0,-1.143423384520E0,1.8985E1));
#2358=DIRECTION('',(0.E0,0.E0,1.E0));
#2359=DIRECTION('',(-3.712221041445E-1,9.285441020191E-1,0.E0));
#2360=AXIS2_PLACEMENT_3D('',#2357,#2358,#2359);
#2362=CARTESIAN_POINT('',(-3.215619994442E0,-1.143423384520E0,2.0635E1));
#2363=DIRECTION('',(0.E0,0.E0,-1.E0));
#2364=DIRECTION('',(-9.975948487503E-1,6.931462866478E-2,0.E0));
#2365=AXIS2_PLACEMENT_3D('',#2362,#2363,#2364);
#2367=DIRECTION('',(0.E0,0.E0,1.E0));
#2368=VECTOR('',#2367,1.65E0);
#2369=CARTESIAN_POINT('',(-3.401231046514E0,-6.791513335107E-1,1.8985E1));
#2370=LINE('',#2369,#2368);
#2371=DIRECTION('',(1.E0,0.E0,0.E0));
#2372=VECTOR('',#2371,2.546123812871E-1);
#2373=CARTESIAN_POINT('',(-4.32E0,-6.160023939208E0,1.951100762479E1));
#2374=LINE('',#2373,#2372);
#2375=DIRECTION('',(0.E0,0.E0,1.E0));
#2376=VECTOR('',#2375,5.979847504179E-1);
#2377=CARTESIAN_POINT('',(-4.32E0,-6.160023939208E0,1.951100762479E1));
#2378=LINE('',#2377,#2376);
#2379=DIRECTION('',(1.E0,0.E0,0.E0));
#2380=VECTOR('',#2379,2.546123812871E-1);
#2381=CARTESIAN_POINT('',(-4.32E0,-6.160023939208E0,2.010899237521E1));
#2382=LINE('',#2381,#2380);
#2383=DIRECTION('',(1.E0,0.E0,0.E0));
#2384=VECTOR('',#2383,2.546123812871E-1);
#2385=CARTESIAN_POINT('',(4.065387618713E0,-6.160023939208E0,1.951100762479E1));
#2386=LINE('',#2385,#2384);
#2387=DIRECTION('',(0.E0,0.E0,1.E0));
#2388=VECTOR('',#2387,5.979847504179E-1);
#2389=CARTESIAN_POINT('',(4.065387618713E0,-6.160023939208E0,1.951100762479E1));
#2390=LINE('',#2389,#2388);
#2391=DIRECTION('',(1.E0,0.E0,0.E0));
#2392=VECTOR('',#2391,2.546123812871E-1);
#2393=CARTESIAN_POINT('',(4.065387618713E0,-6.160023939208E0,2.010899237521E1));
#2394=LINE('',#2393,#2392);
#2395=DIRECTION('',(0.E0,0.E0,1.E0));
#2396=VECTOR('',#2395,1.65E0);
#2397=CARTESIAN_POINT('',(3.714417418817E0,-1.108766070188E0,1.8985E1));
#2398=LINE('',#2397,#2396);
#2399=DIRECTION('',(-5.900328267444E-2,8.491911734829E-1,5.247789663395E-1));
#2400=VECTOR('',#2399,1.002341287533E0);
#2401=CARTESIAN_POINT('',(3.827065241028E0,-2.730023939208E0,2.010899237521E1));
#2402=LINE('',#2401,#2400);
#2403=DIRECTION('',(-6.931462866478E-2,9.975948487503E-1,0.E0));
#2404=VECTOR('',#2403,3.438269558325E0);
#2405=CARTESIAN_POINT('',(4.065387618713E0,-6.160023939208E0,2.010899237521E1));
#2406=LINE('',#2405,#2404);
#2407=DIRECTION('',(-6.931462866478E-2,9.975948487503E-1,0.E0));
#2408=VECTOR('',#2407,3.438269558325E0);
#2409=CARTESIAN_POINT('',(4.065387618713E0,-6.160023939208E0,1.951100762479E1));
#2410=LINE('',#2409,#2408);
#2411=DIRECTION('',(5.900328267444E-2,-8.491911734829E-1,5.247789663395E-1));
#2412=VECTOR('',#2411,1.002341287533E0);
#2413=CARTESIAN_POINT('',(3.767923814704E0,-1.878844565017E0,1.8985E1));
#2414=LINE('',#2413,#2412);
#2415=CARTESIAN_POINT('',(3.215619994442E0,-1.143423384520E0,1.8985E1));
#2416=DIRECTION('',(0.E0,0.E0,1.E0));
#2417=DIRECTION('',(9.975948487503E-1,6.931462866478E-2,0.E0));
#2418=AXIS2_PLACEMENT_3D('',#2415,#2416,#2417);
#2420=CARTESIAN_POINT('',(3.215619994442E0,-1.143423384520E0,2.0635E1));
#2421=DIRECTION('',(0.E0,0.E0,-1.E0));
#2422=DIRECTION('',(3.712221041445E-1,9.285441020191E-1,0.E0));
#2423=AXIS2_PLACEMENT_3D('',#2420,#2421,#2422);
#2425=DIRECTION('',(0.E0,0.E0,1.E0));
#2426=VECTOR('',#2425,1.65E0);
#2427=CARTESIAN_POINT('',(3.401231046514E0,-6.791513335107E-1,1.8985E1));
#2428=LINE('',#2427,#2426);
#2429=DIRECTION('',(0.E0,0.E0,-1.E0));
#2430=VECTOR('',#2429,1.65E0);
#2431=CARTESIAN_POINT('',(3.643568608068E0,-5.024888140569E-1,2.0635E1));
#2432=LINE('',#2431,#2430);
#2433=DIRECTION('',(1.E0,0.E0,0.E0));
#2434=VECTOR('',#2433,5.974001572414E0);
#2435=CARTESIAN_POINT('',(-2.987000786207E0,-1.840020384619E0,2.197E1));
#2436=LINE('',#2435,#2434);
#2437=DIRECTION('',(0.E0,0.E0,1.E0));
#2438=VECTOR('',#2437,2.197E1);
#2439=CARTESIAN_POINT('',(-2.987000786207E0,-1.840020384619E0,0.E0));
#2440=LINE('',#2439,#2438);
#2441=CARTESIAN_POINT('',(-2.8055E0,1.839976060792E0,0.E0));
#2442=CARTESIAN_POINT('',(-3.355073499852E0,-3.639544913105E-1,0.E0));
#2443=VERTEX_POINT('',#2441);
#2444=VERTEX_POINT('',#2442);
#2445=CARTESIAN_POINT('',(-2.987000786207E0,-1.840020384619E0,0.E0));
#2446=VERTEX_POINT('',#2445);
#2447=CARTESIAN_POINT('',(2.987000786207E0,-1.840020384619E0,0.E0));
#2448=CARTESIAN_POINT('',(3.355073499852E0,-3.639544913105E-1,0.E0));
#2449=VERTEX_POINT('',#2447);
#2450=VERTEX_POINT('',#2448);
#2451=CARTESIAN_POINT('',(2.8055E0,1.839976060792E0,0.E0));
#2452=VERTEX_POINT('',#2451);
#2453=CARTESIAN_POINT('',(-3.349813456349E0,-3.850486135457E-1,1.205E0));
#2454=CARTESIAN_POINT('',(-3.287785410940E0,-6.337969691330E-1,1.205E0));
#2455=VERTEX_POINT('',#2453);
#2456=VERTEX_POINT('',#2454);
#2457=CARTESIAN_POINT('',(-3.349813456349E0,-3.850486135457E-1,2.855E0));
#2458=CARTESIAN_POINT('',(-3.287785410940E0,-6.337969691330E-1,2.855E0));
#2459=VERTEX_POINT('',#2457);
#2460=VERTEX_POINT('',#2458);
#2461=CARTESIAN_POINT('',(3.287785410940E0,-6.337969691330E-1,1.205E0));
#2462=CARTESIAN_POINT('',(3.349813456349E0,-3.850486135457E-1,1.205E0));
#2463=VERTEX_POINT('',#2461);
#2464=VERTEX_POINT('',#2462);
#2465=CARTESIAN_POINT('',(3.287785410940E0,-6.337969691330E-1,2.855E0));
#2466=CARTESIAN_POINT('',(3.349813456349E0,-3.850486135457E-1,2.855E0));
#2467=VERTEX_POINT('',#2465);
#2468=VERTEX_POINT('',#2466);
#2469=CARTESIAN_POINT('',(-3.349813456349E0,-3.850486135457E-1,3.745E0));
#2470=CARTESIAN_POINT('',(-3.287785410940E0,-6.337969691330E-1,3.745E0));
#2471=VERTEX_POINT('',#2469);
#2472=VERTEX_POINT('',#2470);
#2473=CARTESIAN_POINT('',(-3.349813456349E0,-3.850486135457E-1,5.395E0));
#2474=CARTESIAN_POINT('',(-3.287785410940E0,-6.337969691330E-1,5.395E0));
#2475=VERTEX_POINT('',#2473);
#2476=VERTEX_POINT('',#2474);
#2477=CARTESIAN_POINT('',(3.287785410940E0,-6.337969691330E-1,3.745E0));
#2478=CARTESIAN_POINT('',(3.349813456349E0,-3.850486135457E-1,3.745E0));
#2479=VERTEX_POINT('',#2477);
#2480=VERTEX_POINT('',#2478);
#2481=CARTESIAN_POINT('',(3.287785410940E0,-6.337969691330E-1,5.395E0));
#2482=CARTESIAN_POINT('',(3.349813456349E0,-3.850486135457E-1,5.395E0));
#2483=VERTEX_POINT('',#2481);
#2484=VERTEX_POINT('',#2482);
#2485=CARTESIAN_POINT('',(-3.349813456349E0,-3.850486135457E-1,6.285E0));
#2486=CARTESIAN_POINT('',(-3.287785410940E0,-6.337969691330E-1,6.285E0));
#2487=VERTEX_POINT('',#2485);
#2488=VERTEX_POINT('',#2486);
#2489=CARTESIAN_POINT('',(-3.349813456349E0,-3.850486135457E-1,7.935E0));
#2490=CARTESIAN_POINT('',(-3.287785410940E0,-6.337969691330E-1,7.935E0));
#2491=VERTEX_POINT('',#2489);
#2492=VERTEX_POINT('',#2490);
#2493=CARTESIAN_POINT('',(3.287785410940E0,-6.337969691330E-1,6.285E0));
#2494=CARTESIAN_POINT('',(3.349813456349E0,-3.850486135457E-1,6.285E0));
#2495=VERTEX_POINT('',#2493);
#2496=VERTEX_POINT('',#2494);
#2497=CARTESIAN_POINT('',(3.287785410940E0,-6.337969691330E-1,7.935E0));
#2498=CARTESIAN_POINT('',(3.349813456349E0,-3.850486135457E-1,7.935E0));
#2499=VERTEX_POINT('',#2497);
#2500=VERTEX_POINT('',#2498);
#2501=CARTESIAN_POINT('',(-3.349813456349E0,-3.850486135457E-1,8.825E0));
#2502=CARTESIAN_POINT('',(-3.287785410940E0,-6.337969691330E-1,8.825E0));
#2503=VERTEX_POINT('',#2501);
#2504=VERTEX_POINT('',#2502);
#2505=CARTESIAN_POINT('',(-3.349813456349E0,-3.850486135457E-1,1.0475E1));
#2506=CARTESIAN_POINT('',(-3.287785410940E0,-6.337969691330E-1,1.0475E1));
#2507=VERTEX_POINT('',#2505);
#2508=VERTEX_POINT('',#2506);
#2509=CARTESIAN_POINT('',(3.287785410940E0,-6.337969691330E-1,8.825E0));
#2510=CARTESIAN_POINT('',(3.349813456349E0,-3.850486135457E-1,8.825E0));
#2511=VERTEX_POINT('',#2509);
#2512=VERTEX_POINT('',#2510);
#2513=CARTESIAN_POINT('',(3.287785410940E0,-6.337969691330E-1,1.0475E1));
#2514=CARTESIAN_POINT('',(3.349813456349E0,-3.850486135457E-1,1.0475E1));
#2515=VERTEX_POINT('',#2513);
#2516=VERTEX_POINT('',#2514);
#2517=CARTESIAN_POINT('',(-3.349813456349E0,-3.850486135457E-1,1.1365E1));
#2518=CARTESIAN_POINT('',(-3.287785410940E0,-6.337969691330E-1,1.1365E1));
#2519=VERTEX_POINT('',#2517);
#2520=VERTEX_POINT('',#2518);
#2521=CARTESIAN_POINT('',(-3.349813456349E0,-3.850486135457E-1,1.3015E1));
#2522=CARTESIAN_POINT('',(-3.287785410940E0,-6.337969691330E-1,1.3015E1));
#2523=VERTEX_POINT('',#2521);
#2524=VERTEX_POINT('',#2522);
#2525=CARTESIAN_POINT('',(3.287785410940E0,-6.337969691330E-1,1.1365E1));
#2526=CARTESIAN_POINT('',(3.349813456349E0,-3.850486135457E-1,1.1365E1));
#2527=VERTEX_POINT('',#2525);
#2528=VERTEX_POINT('',#2526);
#2529=CARTESIAN_POINT('',(3.287785410940E0,-6.337969691330E-1,1.3015E1));
#2530=CARTESIAN_POINT('',(3.349813456349E0,-3.850486135457E-1,1.3015E1));
#2531=VERTEX_POINT('',#2529);
#2532=VERTEX_POINT('',#2530);
#2533=CARTESIAN_POINT('',(-3.349813456349E0,-3.850486135457E-1,1.3905E1));
#2534=CARTESIAN_POINT('',(-3.287785410940E0,-6.337969691330E-1,1.3905E1));
#2535=VERTEX_POINT('',#2533);
#2536=VERTEX_POINT('',#2534);
#2537=CARTESIAN_POINT('',(-3.349813456349E0,-3.850486135457E-1,1.5555E1));
#2538=CARTESIAN_POINT('',(-3.287785410940E0,-6.337969691330E-1,1.5555E1));
#2539=VERTEX_POINT('',#2537);
#2540=VERTEX_POINT('',#2538);
#2541=CARTESIAN_POINT('',(3.287785410940E0,-6.337969691330E-1,1.3905E1));
#2542=CARTESIAN_POINT('',(3.349813456349E0,-3.850486135457E-1,1.3905E1));
#2543=VERTEX_POINT('',#2541);
#2544=VERTEX_POINT('',#2542);
#2545=CARTESIAN_POINT('',(3.287785410940E0,-6.337969691330E-1,1.5555E1));
#2546=CARTESIAN_POINT('',(3.349813456349E0,-3.850486135457E-1,1.5555E1));
#2547=VERTEX_POINT('',#2545);
#2548=VERTEX_POINT('',#2546);
#2549=CARTESIAN_POINT('',(-3.349813456349E0,-3.850486135457E-1,1.6445E1));
#2550=CARTESIAN_POINT('',(-3.287785410940E0,-6.337969691330E-1,1.6445E1));
#2551=VERTEX_POINT('',#2549);
#2552=VERTEX_POINT('',#2550);
#2553=CARTESIAN_POINT('',(-3.349813456349E0,-3.850486135457E-1,1.8095E1));
#2554=CARTESIAN_POINT('',(-3.287785410940E0,-6.337969691330E-1,1.8095E1));
#2555=VERTEX_POINT('',#2553);
#2556=VERTEX_POINT('',#2554);
#2557=CARTESIAN_POINT('',(3.287785410940E0,-6.337969691330E-1,1.6445E1));
#2558=CARTESIAN_POINT('',(3.349813456349E0,-3.850486135457E-1,1.6445E1));
#2559=VERTEX_POINT('',#2557);
#2560=VERTEX_POINT('',#2558);
#2561=CARTESIAN_POINT('',(3.287785410940E0,-6.337969691330E-1,1.8095E1));
#2562=CARTESIAN_POINT('',(3.349813456349E0,-3.850486135457E-1,1.8095E1));
#2563=VERTEX_POINT('',#2561);
#2564=VERTEX_POINT('',#2562);
#2565=CARTESIAN_POINT('',(-4.022536195991E0,-1.878844565017E0,1.205E0));
#2566=CARTESIAN_POINT('',(-3.767923814704E0,-1.878844565017E0,1.205E0));
#2567=VERTEX_POINT('',#2565);
#2568=VERTEX_POINT('',#2566);
#2569=CARTESIAN_POINT('',(3.767923814704E0,-1.878844565017E0,1.205E0));
#2570=CARTESIAN_POINT('',(4.022536195991E0,-1.878844565017E0,1.205E0));
#2571=VERTEX_POINT('',#2569);
#2572=VERTEX_POINT('',#2570);
#2573=CARTESIAN_POINT('',(-4.022536195991E0,-1.878844565017E0,2.855E0));
#2574=CARTESIAN_POINT('',(-3.767923814704E0,-1.878844565017E0,2.855E0));
#2575=VERTEX_POINT('',#2573);
#2576=VERTEX_POINT('',#2574);
#2577=CARTESIAN_POINT('',(3.767923814704E0,-1.878844565017E0,2.855E0));
#2578=CARTESIAN_POINT('',(4.022536195991E0,-1.878844565017E0,2.855E0));
#2579=VERTEX_POINT('',#2577);
#2580=VERTEX_POINT('',#2578);
#2581=CARTESIAN_POINT('',(3.827065241028E0,-2.730023939208E0,1.731007624791E0));
#2582=VERTEX_POINT('',#2581);
#2583=CARTESIAN_POINT('',(4.065387618713E0,-6.160023939208E0,1.731007624791E0));
#2584=VERTEX_POINT('',#2583);
#2585=CARTESIAN_POINT('',(4.065387618713E0,-6.160023939208E0,2.328992375209E0));
#2586=CARTESIAN_POINT('',(3.827065241028E0,-2.730023939208E0,2.328992375209E0));
#2587=VERTEX_POINT('',#2585);
#2588=VERTEX_POINT('',#2586);
#2589=CARTESIAN_POINT('',(4.32E0,-6.160023939208E0,1.731007624791E0));
#2590=VERTEX_POINT('',#2589);
#2591=CARTESIAN_POINT('',(4.32E0,-6.160023939208E0,2.328992375209E0));
#2592=VERTEX_POINT('',#2591);
#2593=CARTESIAN_POINT('',(4.081677622315E0,-2.730023939208E0,1.731007624791E0));
#2594=VERTEX_POINT('',#2593);
#2595=CARTESIAN_POINT('',(4.081677622315E0,-2.730023939208E0,2.328992375209E0));
#2596=VERTEX_POINT('',#2595);
#2597=CARTESIAN_POINT('',(-4.081677622315E0,-2.730023939208E0,
1.731007624791E0));
#2598=VERTEX_POINT('',#2597);
#2599=CARTESIAN_POINT('',(-4.32E0,-6.160023939208E0,1.731007624791E0));
#2600=VERTEX_POINT('',#2599);
#2601=CARTESIAN_POINT('',(-4.32E0,-6.160023939208E0,2.328992375209E0));
#2602=CARTESIAN_POINT('',(-4.081677622315E0,-2.730023939208E0,
2.328992375209E0));
#2603=VERTEX_POINT('',#2601);
#2604=VERTEX_POINT('',#2602);
#2605=CARTESIAN_POINT('',(-4.065387618713E0,-6.160023939208E0,
1.731007624791E0));
#2606=VERTEX_POINT('',#2605);
#2607=CARTESIAN_POINT('',(-4.065387618713E0,-6.160023939208E0,
2.328992375209E0));
#2608=VERTEX_POINT('',#2607);
#2609=CARTESIAN_POINT('',(-3.827065241028E0,-2.730023939208E0,
1.731007624791E0));
#2610=VERTEX_POINT('',#2609);
#2611=CARTESIAN_POINT('',(-3.827065241028E0,-2.730023939208E0,
2.328992375209E0));
#2612=VERTEX_POINT('',#2611);
#2613=CARTESIAN_POINT('',(-4.022536195991E0,-1.878844565017E0,3.745E0));
#2614=CARTESIAN_POINT('',(-3.767923814704E0,-1.878844565017E0,3.745E0));
#2615=VERTEX_POINT('',#2613);
#2616=VERTEX_POINT('',#2614);
#2617=CARTESIAN_POINT('',(3.767923814704E0,-1.878844565017E0,3.745E0));
#2618=CARTESIAN_POINT('',(4.022536195991E0,-1.878844565017E0,3.745E0));
#2619=VERTEX_POINT('',#2617);
#2620=VERTEX_POINT('',#2618);
#2621=CARTESIAN_POINT('',(-4.022536195991E0,-1.878844565017E0,5.395E0));
#2622=CARTESIAN_POINT('',(-3.767923814704E0,-1.878844565017E0,5.395E0));
#2623=VERTEX_POINT('',#2621);
#2624=VERTEX_POINT('',#2622);
#2625=CARTESIAN_POINT('',(3.767923814704E0,-1.878844565017E0,5.395E0));
#2626=CARTESIAN_POINT('',(4.022536195991E0,-1.878844565017E0,5.395E0));
#2627=VERTEX_POINT('',#2625);
#2628=VERTEX_POINT('',#2626);
#2629=CARTESIAN_POINT('',(3.827065241028E0,-2.730023939208E0,4.271007624791E0));
#2630=VERTEX_POINT('',#2629);
#2631=CARTESIAN_POINT('',(4.065387618713E0,-6.160023939208E0,4.271007624791E0));
#2632=VERTEX_POINT('',#2631);
#2633=CARTESIAN_POINT('',(4.065387618713E0,-6.160023939208E0,4.868992375209E0));
#2634=CARTESIAN_POINT('',(3.827065241028E0,-2.730023939208E0,4.868992375209E0));
#2635=VERTEX_POINT('',#2633);
#2636=VERTEX_POINT('',#2634);
#2637=CARTESIAN_POINT('',(4.32E0,-6.160023939208E0,4.271007624791E0));
#2638=VERTEX_POINT('',#2637);
#2639=CARTESIAN_POINT('',(4.32E0,-6.160023939208E0,4.868992375209E0));
#2640=VERTEX_POINT('',#2639);
#2641=CARTESIAN_POINT('',(4.081677622315E0,-2.730023939208E0,4.271007624791E0));
#2642=VERTEX_POINT('',#2641);
#2643=CARTESIAN_POINT('',(4.081677622315E0,-2.730023939208E0,4.868992375209E0));
#2644=VERTEX_POINT('',#2643);
#2645=CARTESIAN_POINT('',(-4.081677622315E0,-2.730023939208E0,
4.271007624791E0));
#2646=VERTEX_POINT('',#2645);
#2647=CARTESIAN_POINT('',(-4.32E0,-6.160023939208E0,4.271007624791E0));
#2648=VERTEX_POINT('',#2647);
#2649=CARTESIAN_POINT('',(-4.32E0,-6.160023939208E0,4.868992375209E0));
#2650=CARTESIAN_POINT('',(-4.081677622315E0,-2.730023939208E0,
4.868992375209E0));
#2651=VERTEX_POINT('',#2649);
#2652=VERTEX_POINT('',#2650);
#2653=CARTESIAN_POINT('',(-4.065387618713E0,-6.160023939208E0,
4.271007624791E0));
#2654=VERTEX_POINT('',#2653);
#2655=CARTESIAN_POINT('',(-4.065387618713E0,-6.160023939208E0,
4.868992375209E0));
#2656=VERTEX_POINT('',#2655);
#2657=CARTESIAN_POINT('',(-3.827065241028E0,-2.730023939208E0,
4.271007624791E0));
#2658=VERTEX_POINT('',#2657);
#2659=CARTESIAN_POINT('',(-3.827065241028E0,-2.730023939208E0,
4.868992375209E0));
#2660=VERTEX_POINT('',#2659);
#2661=CARTESIAN_POINT('',(-4.022536195991E0,-1.878844565017E0,6.285E0));
#2662=CARTESIAN_POINT('',(-3.767923814704E0,-1.878844565017E0,6.285E0));
#2663=VERTEX_POINT('',#2661);
#2664=VERTEX_POINT('',#2662);
#2665=CARTESIAN_POINT('',(3.767923814704E0,-1.878844565017E0,6.285E0));
#2666=CARTESIAN_POINT('',(4.022536195991E0,-1.878844565017E0,6.285E0));
#2667=VERTEX_POINT('',#2665);
#2668=VERTEX_POINT('',#2666);
#2669=CARTESIAN_POINT('',(-4.022536195991E0,-1.878844565017E0,7.935E0));
#2670=CARTESIAN_POINT('',(-3.767923814704E0,-1.878844565017E0,7.935E0));
#2671=VERTEX_POINT('',#2669);
#2672=VERTEX_POINT('',#2670);
#2673=CARTESIAN_POINT('',(3.767923814704E0,-1.878844565017E0,7.935E0));
#2674=CARTESIAN_POINT('',(4.022536195991E0,-1.878844565017E0,7.935E0));
#2675=VERTEX_POINT('',#2673);
#2676=VERTEX_POINT('',#2674);
#2677=CARTESIAN_POINT('',(3.827065241028E0,-2.730023939208E0,6.811007624791E0));
#2678=VERTEX_POINT('',#2677);
#2679=CARTESIAN_POINT('',(4.065387618713E0,-6.160023939208E0,6.811007624791E0));
#2680=VERTEX_POINT('',#2679);
#2681=CARTESIAN_POINT('',(4.065387618713E0,-6.160023939208E0,7.408992375209E0));
#2682=CARTESIAN_POINT('',(3.827065241028E0,-2.730023939208E0,7.408992375209E0));
#2683=VERTEX_POINT('',#2681);
#2684=VERTEX_POINT('',#2682);
#2685=CARTESIAN_POINT('',(4.32E0,-6.160023939208E0,6.811007624791E0));
#2686=VERTEX_POINT('',#2685);
#2687=CARTESIAN_POINT('',(4.32E0,-6.160023939208E0,7.408992375209E0));
#2688=VERTEX_POINT('',#2687);
#2689=CARTESIAN_POINT('',(4.081677622315E0,-2.730023939208E0,6.811007624791E0));
#2690=VERTEX_POINT('',#2689);
#2691=CARTESIAN_POINT('',(4.081677622315E0,-2.730023939208E0,7.408992375209E0));
#2692=VERTEX_POINT('',#2691);
#2693=CARTESIAN_POINT('',(-4.081677622315E0,-2.730023939208E0,
6.811007624791E0));
#2694=VERTEX_POINT('',#2693);
#2695=CARTESIAN_POINT('',(-4.32E0,-6.160023939208E0,6.811007624791E0));
#2696=VERTEX_POINT('',#2695);
#2697=CARTESIAN_POINT('',(-4.32E0,-6.160023939208E0,7.408992375209E0));
#2698=CARTESIAN_POINT('',(-4.081677622315E0,-2.730023939208E0,
7.408992375209E0));
#2699=VERTEX_POINT('',#2697);
#2700=VERTEX_POINT('',#2698);
#2701=CARTESIAN_POINT('',(-4.065387618713E0,-6.160023939208E0,
6.811007624791E0));
#2702=VERTEX_POINT('',#2701);
#2703=CARTESIAN_POINT('',(-4.065387618713E0,-6.160023939208E0,
7.408992375209E0));
#2704=VERTEX_POINT('',#2703);
#2705=CARTESIAN_POINT('',(-3.827065241028E0,-2.730023939208E0,
6.811007624791E0));
#2706=VERTEX_POINT('',#2705);
#2707=CARTESIAN_POINT('',(-3.827065241028E0,-2.730023939208E0,
7.408992375209E0));
#2708=VERTEX_POINT('',#2707);
#2709=CARTESIAN_POINT('',(-4.022536195991E0,-1.878844565017E0,8.825E0));
#2710=CARTESIAN_POINT('',(-3.767923814704E0,-1.878844565017E0,8.825E0));
#2711=VERTEX_POINT('',#2709);
#2712=VERTEX_POINT('',#2710);
#2713=CARTESIAN_POINT('',(3.767923814704E0,-1.878844565017E0,8.825E0));
#2714=CARTESIAN_POINT('',(4.022536195991E0,-1.878844565017E0,8.825E0));
#2715=VERTEX_POINT('',#2713);
#2716=VERTEX_POINT('',#2714);
#2717=CARTESIAN_POINT('',(-4.022536195991E0,-1.878844565017E0,1.0475E1));
#2718=CARTESIAN_POINT('',(-3.767923814704E0,-1.878844565017E0,1.0475E1));
#2719=VERTEX_POINT('',#2717);
#2720=VERTEX_POINT('',#2718);
#2721=CARTESIAN_POINT('',(3.767923814704E0,-1.878844565017E0,1.0475E1));
#2722=CARTESIAN_POINT('',(4.022536195991E0,-1.878844565017E0,1.0475E1));
#2723=VERTEX_POINT('',#2721);
#2724=VERTEX_POINT('',#2722);
#2725=CARTESIAN_POINT('',(3.827065241028E0,-2.730023939208E0,9.351007624791E0));
#2726=VERTEX_POINT('',#2725);
#2727=CARTESIAN_POINT('',(4.065387618713E0,-6.160023939208E0,9.351007624791E0));
#2728=VERTEX_POINT('',#2727);
#2729=CARTESIAN_POINT('',(4.065387618713E0,-6.160023939208E0,9.948992375209E0));
#2730=CARTESIAN_POINT('',(3.827065241028E0,-2.730023939208E0,9.948992375209E0));
#2731=VERTEX_POINT('',#2729);
#2732=VERTEX_POINT('',#2730);
#2733=CARTESIAN_POINT('',(4.32E0,-6.160023939208E0,9.351007624791E0));
#2734=VERTEX_POINT('',#2733);
#2735=CARTESIAN_POINT('',(4.32E0,-6.160023939208E0,9.948992375209E0));
#2736=VERTEX_POINT('',#2735);
#2737=CARTESIAN_POINT('',(4.081677622315E0,-2.730023939208E0,9.351007624791E0));
#2738=VERTEX_POINT('',#2737);
#2739=CARTESIAN_POINT('',(4.081677622315E0,-2.730023939208E0,9.948992375209E0));
#2740=VERTEX_POINT('',#2739);
#2741=CARTESIAN_POINT('',(-4.081677622315E0,-2.730023939208E0,
9.351007624791E0));
#2742=VERTEX_POINT('',#2741);
#2743=CARTESIAN_POINT('',(-4.32E0,-6.160023939208E0,9.351007624791E0));
#2744=VERTEX_POINT('',#2743);
#2745=CARTESIAN_POINT('',(-4.32E0,-6.160023939208E0,9.948992375209E0));
#2746=CARTESIAN_POINT('',(-4.081677622315E0,-2.730023939208E0,
9.948992375209E0));
#2747=VERTEX_POINT('',#2745);
#2748=VERTEX_POINT('',#2746);
#2749=CARTESIAN_POINT('',(-4.065387618713E0,-6.160023939208E0,
9.351007624791E0));
#2750=VERTEX_POINT('',#2749);
#2751=CARTESIAN_POINT('',(-4.065387618713E0,-6.160023939208E0,
9.948992375209E0));
#2752=VERTEX_POINT('',#2751);
#2753=CARTESIAN_POINT('',(-3.827065241028E0,-2.730023939208E0,
9.351007624791E0));
#2754=VERTEX_POINT('',#2753);
#2755=CARTESIAN_POINT('',(-3.827065241028E0,-2.730023939208E0,
9.948992375209E0));
#2756=VERTEX_POINT('',#2755);
#2757=CARTESIAN_POINT('',(-4.022536195991E0,-1.878844565017E0,1.1365E1));
#2758=CARTESIAN_POINT('',(-3.767923814704E0,-1.878844565017E0,1.1365E1));
#2759=VERTEX_POINT('',#2757);
#2760=VERTEX_POINT('',#2758);
#2761=CARTESIAN_POINT('',(3.767923814704E0,-1.878844565017E0,1.1365E1));
#2762=CARTESIAN_POINT('',(4.022536195991E0,-1.878844565017E0,1.1365E1));
#2763=VERTEX_POINT('',#2761);
#2764=VERTEX_POINT('',#2762);
#2765=CARTESIAN_POINT('',(-4.022536195991E0,-1.878844565017E0,1.3015E1));
#2766=CARTESIAN_POINT('',(-3.767923814704E0,-1.878844565017E0,1.3015E1));
#2767=VERTEX_POINT('',#2765);
#2768=VERTEX_POINT('',#2766);
#2769=CARTESIAN_POINT('',(3.767923814704E0,-1.878844565017E0,1.3015E1));
#2770=CARTESIAN_POINT('',(4.022536195991E0,-1.878844565017E0,1.3015E1));
#2771=VERTEX_POINT('',#2769);
#2772=VERTEX_POINT('',#2770);
#2773=CARTESIAN_POINT('',(3.827065241028E0,-2.730023939208E0,1.189100762479E1));
#2774=VERTEX_POINT('',#2773);
#2775=CARTESIAN_POINT('',(4.065387618713E0,-6.160023939208E0,1.189100762479E1));
#2776=VERTEX_POINT('',#2775);
#2777=CARTESIAN_POINT('',(4.065387618713E0,-6.160023939208E0,1.248899237521E1));
#2778=CARTESIAN_POINT('',(3.827065241028E0,-2.730023939208E0,1.248899237521E1));
#2779=VERTEX_POINT('',#2777);
#2780=VERTEX_POINT('',#2778);
#2781=CARTESIAN_POINT('',(4.32E0,-6.160023939208E0,1.189100762479E1));
#2782=VERTEX_POINT('',#2781);
#2783=CARTESIAN_POINT('',(4.32E0,-6.160023939208E0,1.248899237521E1));
#2784=VERTEX_POINT('',#2783);
#2785=CARTESIAN_POINT('',(4.081677622315E0,-2.730023939208E0,1.189100762479E1));
#2786=VERTEX_POINT('',#2785);
#2787=CARTESIAN_POINT('',(4.081677622315E0,-2.730023939208E0,1.248899237521E1));
#2788=VERTEX_POINT('',#2787);
#2789=CARTESIAN_POINT('',(-4.081677622315E0,-2.730023939208E0,
1.189100762479E1));
#2790=VERTEX_POINT('',#2789);
#2791=CARTESIAN_POINT('',(-4.32E0,-6.160023939208E0,1.189100762479E1));
#2792=VERTEX_POINT('',#2791);
#2793=CARTESIAN_POINT('',(-4.32E0,-6.160023939208E0,1.248899237521E1));
#2794=CARTESIAN_POINT('',(-4.081677622315E0,-2.730023939208E0,
1.248899237521E1));
#2795=VERTEX_POINT('',#2793);
#2796=VERTEX_POINT('',#2794);
#2797=CARTESIAN_POINT('',(-4.065387618713E0,-6.160023939208E0,
1.189100762479E1));
#2798=VERTEX_POINT('',#2797);
#2799=CARTESIAN_POINT('',(-4.065387618713E0,-6.160023939208E0,
1.248899237521E1));
#2800=VERTEX_POINT('',#2799);
#2801=CARTESIAN_POINT('',(-3.827065241028E0,-2.730023939208E0,
1.189100762479E1));
#2802=VERTEX_POINT('',#2801);
#2803=CARTESIAN_POINT('',(-3.827065241028E0,-2.730023939208E0,
1.248899237521E1));
#2804=VERTEX_POINT('',#2803);
#2805=CARTESIAN_POINT('',(-4.022536195991E0,-1.878844565017E0,1.3905E1));
#2806=CARTESIAN_POINT('',(-3.767923814704E0,-1.878844565017E0,1.3905E1));
#2807=VERTEX_POINT('',#2805);
#2808=VERTEX_POINT('',#2806);
#2809=CARTESIAN_POINT('',(3.767923814704E0,-1.878844565017E0,1.3905E1));
#2810=CARTESIAN_POINT('',(4.022536195991E0,-1.878844565017E0,1.3905E1));
#2811=VERTEX_POINT('',#2809);
#2812=VERTEX_POINT('',#2810);
#2813=CARTESIAN_POINT('',(-4.022536195991E0,-1.878844565017E0,1.5555E1));
#2814=CARTESIAN_POINT('',(-3.767923814704E0,-1.878844565017E0,1.5555E1));
#2815=VERTEX_POINT('',#2813);
#2816=VERTEX_POINT('',#2814);
#2817=CARTESIAN_POINT('',(3.767923814704E0,-1.878844565017E0,1.5555E1));
#2818=CARTESIAN_POINT('',(4.022536195991E0,-1.878844565017E0,1.5555E1));
#2819=VERTEX_POINT('',#2817);
#2820=VERTEX_POINT('',#2818);
#2821=CARTESIAN_POINT('',(3.827065241028E0,-2.730023939208E0,1.443100762479E1));
#2822=VERTEX_POINT('',#2821);
#2823=CARTESIAN_POINT('',(4.065387618713E0,-6.160023939208E0,1.443100762479E1));
#2824=VERTEX_POINT('',#2823);
#2825=CARTESIAN_POINT('',(4.065387618713E0,-6.160023939208E0,1.502899237521E1));
#2826=CARTESIAN_POINT('',(3.827065241028E0,-2.730023939208E0,1.502899237521E1));
#2827=VERTEX_POINT('',#2825);
#2828=VERTEX_POINT('',#2826);
#2829=CARTESIAN_POINT('',(4.32E0,-6.160023939208E0,1.443100762479E1));
#2830=VERTEX_POINT('',#2829);
#2831=CARTESIAN_POINT('',(4.32E0,-6.160023939208E0,1.502899237521E1));
#2832=VERTEX_POINT('',#2831);
#2833=CARTESIAN_POINT('',(4.081677622315E0,-2.730023939208E0,1.443100762479E1));
#2834=VERTEX_POINT('',#2833);
#2835=CARTESIAN_POINT('',(4.081677622315E0,-2.730023939208E0,1.502899237521E1));
#2836=VERTEX_POINT('',#2835);
#2837=CARTESIAN_POINT('',(-4.081677622315E0,-2.730023939208E0,
1.443100762479E1));
#2838=VERTEX_POINT('',#2837);
#2839=CARTESIAN_POINT('',(-4.32E0,-6.160023939208E0,1.443100762479E1));
#2840=VERTEX_POINT('',#2839);
#2841=CARTESIAN_POINT('',(-4.32E0,-6.160023939208E0,1.502899237521E1));
#2842=CARTESIAN_POINT('',(-4.081677622315E0,-2.730023939208E0,
1.502899237521E1));
#2843=VERTEX_POINT('',#2841);
#2844=VERTEX_POINT('',#2842);
#2845=CARTESIAN_POINT('',(-4.065387618713E0,-6.160023939208E0,
1.443100762479E1));
#2846=VERTEX_POINT('',#2845);
#2847=CARTESIAN_POINT('',(-4.065387618713E0,-6.160023939208E0,
1.502899237521E1));
#2848=VERTEX_POINT('',#2847);
#2849=CARTESIAN_POINT('',(-3.827065241028E0,-2.730023939208E0,
1.443100762479E1));
#2850=VERTEX_POINT('',#2849);
#2851=CARTESIAN_POINT('',(-3.827065241028E0,-2.730023939208E0,
1.502899237521E1));
#2852=VERTEX_POINT('',#2851);
#2853=CARTESIAN_POINT('',(-4.022536195991E0,-1.878844565017E0,1.6445E1));
#2854=CARTESIAN_POINT('',(-3.767923814704E0,-1.878844565017E0,1.6445E1));
#2855=VERTEX_POINT('',#2853);
#2856=VERTEX_POINT('',#2854);
#2857=CARTESIAN_POINT('',(3.767923814704E0,-1.878844565017E0,1.6445E1));
#2858=CARTESIAN_POINT('',(4.022536195991E0,-1.878844565017E0,1.6445E1));
#2859=VERTEX_POINT('',#2857);
#2860=VERTEX_POINT('',#2858);
#2861=CARTESIAN_POINT('',(-4.022536195991E0,-1.878844565017E0,1.8095E1));
#2862=CARTESIAN_POINT('',(-3.767923814704E0,-1.878844565017E0,1.8095E1));
#2863=VERTEX_POINT('',#2861);
#2864=VERTEX_POINT('',#2862);
#2865=CARTESIAN_POINT('',(3.767923814704E0,-1.878844565017E0,1.8095E1));
#2866=CARTESIAN_POINT('',(4.022536195991E0,-1.878844565017E0,1.8095E1));
#2867=VERTEX_POINT('',#2865);
#2868=VERTEX_POINT('',#2866);
#2869=CARTESIAN_POINT('',(3.827065241028E0,-2.730023939208E0,1.697100762479E1));
#2870=VERTEX_POINT('',#2869);
#2871=CARTESIAN_POINT('',(4.065387618713E0,-6.160023939208E0,1.697100762479E1));
#2872=VERTEX_POINT('',#2871);
#2873=CARTESIAN_POINT('',(4.065387618713E0,-6.160023939208E0,1.756899237521E1));
#2874=CARTESIAN_POINT('',(3.827065241028E0,-2.730023939208E0,1.756899237521E1));
#2875=VERTEX_POINT('',#2873);
#2876=VERTEX_POINT('',#2874);
#2877=CARTESIAN_POINT('',(4.32E0,-6.160023939208E0,1.697100762479E1));
#2878=VERTEX_POINT('',#2877);
#2879=CARTESIAN_POINT('',(4.32E0,-6.160023939208E0,1.756899237521E1));
#2880=VERTEX_POINT('',#2879);
#2881=CARTESIAN_POINT('',(4.081677622315E0,-2.730023939208E0,1.697100762479E1));
#2882=VERTEX_POINT('',#2881);
#2883=CARTESIAN_POINT('',(4.081677622315E0,-2.730023939208E0,1.756899237521E1));
#2884=VERTEX_POINT('',#2883);
#2885=CARTESIAN_POINT('',(-4.081677622315E0,-2.730023939208E0,
1.697100762479E1));
#2886=VERTEX_POINT('',#2885);
#2887=CARTESIAN_POINT('',(-4.32E0,-6.160023939208E0,1.697100762479E1));
#2888=VERTEX_POINT('',#2887);
#2889=CARTESIAN_POINT('',(-4.32E0,-6.160023939208E0,1.756899237521E1));
#2890=CARTESIAN_POINT('',(-4.081677622315E0,-2.730023939208E0,
1.756899237521E1));
#2891=VERTEX_POINT('',#2889);
#2892=VERTEX_POINT('',#2890);
#2893=CARTESIAN_POINT('',(-4.065387618713E0,-6.160023939208E0,
1.697100762479E1));
#2894=VERTEX_POINT('',#2893);
#2895=CARTESIAN_POINT('',(-4.065387618713E0,-6.160023939208E0,
1.756899237521E1));
#2896=VERTEX_POINT('',#2895);
#2897=CARTESIAN_POINT('',(-3.827065241028E0,-2.730023939208E0,
1.697100762479E1));
#2898=VERTEX_POINT('',#2897);
#2899=CARTESIAN_POINT('',(-3.827065241028E0,-2.730023939208E0,
1.756899237521E1));
#2900=VERTEX_POINT('',#2899);
#2901=CARTESIAN_POINT('',(-4.081677622315E0,-2.730023939208E0,
1.951100762479E1));
#2902=CARTESIAN_POINT('',(-3.827065241028E0,-2.730023939208E0,
1.951100762479E1));
#2903=VERTEX_POINT('',#2901);
#2904=VERTEX_POINT('',#2902);
#2905=CARTESIAN_POINT('',(3.827065241028E0,-2.730023939208E0,1.951100762479E1));
#2906=CARTESIAN_POINT('',(4.081677622315E0,-2.730023939208E0,1.951100762479E1));
#2907=VERTEX_POINT('',#2905);
#2908=VERTEX_POINT('',#2906);
#2909=CARTESIAN_POINT('',(-4.081677622315E0,-2.730023939208E0,
2.010899237521E1));
#2910=CARTESIAN_POINT('',(-3.827065241028E0,-2.730023939208E0,
2.010899237521E1));
#2911=VERTEX_POINT('',#2909);
#2912=VERTEX_POINT('',#2910);
#2913=CARTESIAN_POINT('',(3.827065241028E0,-2.730023939208E0,2.010899237521E1));
#2914=CARTESIAN_POINT('',(4.081677622315E0,-2.730023939208E0,2.010899237521E1));
#2915=VERTEX_POINT('',#2913);
#2916=VERTEX_POINT('',#2914);
#2917=CARTESIAN_POINT('',(3.714417418817E0,-1.108766070188E0,1.205E0));
#2918=CARTESIAN_POINT('',(3.714417418817E0,-1.108766070188E0,2.855E0));
#2919=VERTEX_POINT('',#2917);
#2920=VERTEX_POINT('',#2918);
#2921=CARTESIAN_POINT('',(3.401231046514E0,-6.791513335107E-1,1.205E0));
#2922=CARTESIAN_POINT('',(3.401231046514E0,-6.791513335107E-1,2.855E0));
#2923=VERTEX_POINT('',#2921);
#2924=VERTEX_POINT('',#2922);
#2925=CARTESIAN_POINT('',(-3.401231046514E0,-6.791513335107E-1,1.205E0));
#2926=CARTESIAN_POINT('',(-3.401231046514E0,-6.791513335107E-1,2.855E0));
#2927=VERTEX_POINT('',#2925);
#2928=VERTEX_POINT('',#2926);
#2929=CARTESIAN_POINT('',(-3.714417418817E0,-1.108766070188E0,1.205E0));
#2930=CARTESIAN_POINT('',(-3.714417418817E0,-1.108766070188E0,2.855E0));
#2931=VERTEX_POINT('',#2929);
#2932=VERTEX_POINT('',#2930);
#2933=CARTESIAN_POINT('',(3.643568608068E0,-5.024888140569E-1,1.205E0));
#2934=CARTESIAN_POINT('',(3.956754980371E0,-9.321035507341E-1,1.205E0));
#2935=VERTEX_POINT('',#2933);
#2936=VERTEX_POINT('',#2934);
#2937=CARTESIAN_POINT('',(3.956754980371E0,-9.321035507341E-1,2.855E0));
#2938=VERTEX_POINT('',#2937);
#2939=CARTESIAN_POINT('',(3.643568608068E0,-5.024888140569E-1,2.855E0));
#2940=VERTEX_POINT('',#2939);
#2941=CARTESIAN_POINT('',(-3.956754980371E0,-9.321035507341E-1,1.205E0));
#2942=CARTESIAN_POINT('',(-3.643568608068E0,-5.024888140569E-1,1.205E0));
#2943=VERTEX_POINT('',#2941);
#2944=VERTEX_POINT('',#2942);
#2945=CARTESIAN_POINT('',(-3.643568608068E0,-5.024888140569E-1,2.855E0));
#2946=VERTEX_POINT('',#2945);
#2947=CARTESIAN_POINT('',(-3.956754980371E0,-9.321035507341E-1,2.855E0));
#2948=VERTEX_POINT('',#2947);
#2949=CARTESIAN_POINT('',(3.714417418817E0,-1.108766070188E0,3.745E0));
#2950=CARTESIAN_POINT('',(3.714417418817E0,-1.108766070188E0,5.395E0));
#2951=VERTEX_POINT('',#2949);
#2952=VERTEX_POINT('',#2950);
#2953=CARTESIAN_POINT('',(3.401231046514E0,-6.791513335107E-1,3.745E0));
#2954=CARTESIAN_POINT('',(3.401231046514E0,-6.791513335107E-1,5.395E0));
#2955=VERTEX_POINT('',#2953);
#2956=VERTEX_POINT('',#2954);
#2957=CARTESIAN_POINT('',(-3.401231046514E0,-6.791513335107E-1,3.745E0));
#2958=CARTESIAN_POINT('',(-3.401231046514E0,-6.791513335107E-1,5.395E0));
#2959=VERTEX_POINT('',#2957);
#2960=VERTEX_POINT('',#2958);
#2961=CARTESIAN_POINT('',(-3.714417418817E0,-1.108766070188E0,3.745E0));
#2962=CARTESIAN_POINT('',(-3.714417418817E0,-1.108766070188E0,5.395E0));
#2963=VERTEX_POINT('',#2961);
#2964=VERTEX_POINT('',#2962);
#2965=CARTESIAN_POINT('',(3.643568608068E0,-5.024888140569E-1,3.745E0));
#2966=CARTESIAN_POINT('',(3.956754980371E0,-9.321035507341E-1,3.745E0));
#2967=VERTEX_POINT('',#2965);
#2968=VERTEX_POINT('',#2966);
#2969=CARTESIAN_POINT('',(3.956754980371E0,-9.321035507341E-1,5.395E0));
#2970=VERTEX_POINT('',#2969);
#2971=CARTESIAN_POINT('',(3.643568608068E0,-5.024888140569E-1,5.395E0));
#2972=VERTEX_POINT('',#2971);
#2973=CARTESIAN_POINT('',(-3.956754980371E0,-9.321035507341E-1,3.745E0));
#2974=CARTESIAN_POINT('',(-3.643568608068E0,-5.024888140569E-1,3.745E0));
#2975=VERTEX_POINT('',#2973);
#2976=VERTEX_POINT('',#2974);
#2977=CARTESIAN_POINT('',(-3.643568608068E0,-5.024888140569E-1,5.395E0));
#2978=VERTEX_POINT('',#2977);
#2979=CARTESIAN_POINT('',(-3.956754980371E0,-9.321035507341E-1,5.395E0));
#2980=VERTEX_POINT('',#2979);
#2981=CARTESIAN_POINT('',(3.714417418817E0,-1.108766070188E0,6.285E0));
#2982=CARTESIAN_POINT('',(3.714417418817E0,-1.108766070188E0,7.935E0));
#2983=VERTEX_POINT('',#2981);
#2984=VERTEX_POINT('',#2982);
#2985=CARTESIAN_POINT('',(3.401231046514E0,-6.791513335107E-1,6.285E0));
#2986=CARTESIAN_POINT('',(3.401231046514E0,-6.791513335107E-1,7.935E0));
#2987=VERTEX_POINT('',#2985);
#2988=VERTEX_POINT('',#2986);
#2989=CARTESIAN_POINT('',(-3.401231046514E0,-6.791513335107E-1,6.285E0));
#2990=CARTESIAN_POINT('',(-3.401231046514E0,-6.791513335107E-1,7.935E0));
#2991=VERTEX_POINT('',#2989);
#2992=VERTEX_POINT('',#2990);
#2993=CARTESIAN_POINT('',(-3.714417418817E0,-1.108766070188E0,6.285E0));
#2994=CARTESIAN_POINT('',(-3.714417418817E0,-1.108766070188E0,7.935E0));
#2995=VERTEX_POINT('',#2993);
#2996=VERTEX_POINT('',#2994);
#2997=CARTESIAN_POINT('',(3.643568608068E0,-5.024888140569E-1,6.285E0));
#2998=CARTESIAN_POINT('',(3.956754980371E0,-9.321035507341E-1,6.285E0));
#2999=VERTEX_POINT('',#2997);
#3000=VERTEX_POINT('',#2998);
#3001=CARTESIAN_POINT('',(3.956754980371E0,-9.321035507341E-1,7.935E0));
#3002=VERTEX_POINT('',#3001);
#3003=CARTESIAN_POINT('',(3.643568608068E0,-5.024888140569E-1,7.935E0));
#3004=VERTEX_POINT('',#3003);
#3005=CARTESIAN_POINT('',(-3.956754980371E0,-9.321035507341E-1,6.285E0));
#3006=CARTESIAN_POINT('',(-3.643568608068E0,-5.024888140569E-1,6.285E0));
#3007=VERTEX_POINT('',#3005);
#3008=VERTEX_POINT('',#3006);
#3009=CARTESIAN_POINT('',(-3.643568608068E0,-5.024888140569E-1,7.935E0));
#3010=VERTEX_POINT('',#3009);
#3011=CARTESIAN_POINT('',(-3.956754980371E0,-9.321035507341E-1,7.935E0));
#3012=VERTEX_POINT('',#3011);
#3013=CARTESIAN_POINT('',(3.714417418817E0,-1.108766070188E0,8.825E0));
#3014=CARTESIAN_POINT('',(3.714417418817E0,-1.108766070188E0,1.0475E1));
#3015=VERTEX_POINT('',#3013);
#3016=VERTEX_POINT('',#3014);
#3017=CARTESIAN_POINT('',(3.401231046514E0,-6.791513335107E-1,8.825E0));
#3018=CARTESIAN_POINT('',(3.401231046514E0,-6.791513335107E-1,1.0475E1));
#3019=VERTEX_POINT('',#3017);
#3020=VERTEX_POINT('',#3018);
#3021=CARTESIAN_POINT('',(-3.401231046514E0,-6.791513335107E-1,8.825E0));
#3022=CARTESIAN_POINT('',(-3.401231046514E0,-6.791513335107E-1,1.0475E1));
#3023=VERTEX_POINT('',#3021);
#3024=VERTEX_POINT('',#3022);
#3025=CARTESIAN_POINT('',(-3.714417418817E0,-1.108766070188E0,8.825E0));
#3026=CARTESIAN_POINT('',(-3.714417418817E0,-1.108766070188E0,1.0475E1));
#3027=VERTEX_POINT('',#3025);
#3028=VERTEX_POINT('',#3026);
#3029=CARTESIAN_POINT('',(3.643568608068E0,-5.024888140569E-1,8.825E0));
#3030=CARTESIAN_POINT('',(3.956754980371E0,-9.321035507341E-1,8.825E0));
#3031=VERTEX_POINT('',#3029);
#3032=VERTEX_POINT('',#3030);
#3033=CARTESIAN_POINT('',(3.956754980371E0,-9.321035507341E-1,1.0475E1));
#3034=VERTEX_POINT('',#3033);
#3035=CARTESIAN_POINT('',(3.643568608068E0,-5.024888140569E-1,1.0475E1));
#3036=VERTEX_POINT('',#3035);
#3037=CARTESIAN_POINT('',(-3.956754980371E0,-9.321035507341E-1,8.825E0));
#3038=CARTESIAN_POINT('',(-3.643568608068E0,-5.024888140569E-1,8.825E0));
#3039=VERTEX_POINT('',#3037);
#3040=VERTEX_POINT('',#3038);
#3041=CARTESIAN_POINT('',(-3.643568608068E0,-5.024888140569E-1,1.0475E1));
#3042=VERTEX_POINT('',#3041);
#3043=CARTESIAN_POINT('',(-3.956754980371E0,-9.321035507341E-1,1.0475E1));
#3044=VERTEX_POINT('',#3043);
#3045=CARTESIAN_POINT('',(3.714417418817E0,-1.108766070188E0,1.1365E1));
#3046=CARTESIAN_POINT('',(3.714417418817E0,-1.108766070188E0,1.3015E1));
#3047=VERTEX_POINT('',#3045);
#3048=VERTEX_POINT('',#3046);
#3049=CARTESIAN_POINT('',(3.401231046514E0,-6.791513335107E-1,1.1365E1));
#3050=CARTESIAN_POINT('',(3.401231046514E0,-6.791513335107E-1,1.3015E1));
#3051=VERTEX_POINT('',#3049);
#3052=VERTEX_POINT('',#3050);
#3053=CARTESIAN_POINT('',(-3.401231046514E0,-6.791513335107E-1,1.1365E1));
#3054=CARTESIAN_POINT('',(-3.401231046514E0,-6.791513335107E-1,1.3015E1));
#3055=VERTEX_POINT('',#3053);
#3056=VERTEX_POINT('',#3054);
#3057=CARTESIAN_POINT('',(-3.714417418817E0,-1.108766070188E0,1.1365E1));
#3058=CARTESIAN_POINT('',(-3.714417418817E0,-1.108766070188E0,1.3015E1));
#3059=VERTEX_POINT('',#3057);
#3060=VERTEX_POINT('',#3058);
#3061=CARTESIAN_POINT('',(3.643568608068E0,-5.024888140569E-1,1.1365E1));
#3062=CARTESIAN_POINT('',(3.956754980371E0,-9.321035507341E-1,1.1365E1));
#3063=VERTEX_POINT('',#3061);
#3064=VERTEX_POINT('',#3062);
#3065=CARTESIAN_POINT('',(3.956754980371E0,-9.321035507341E-1,1.3015E1));
#3066=VERTEX_POINT('',#3065);
#3067=CARTESIAN_POINT('',(3.643568608068E0,-5.024888140569E-1,1.3015E1));
#3068=VERTEX_POINT('',#3067);
#3069=CARTESIAN_POINT('',(-3.956754980371E0,-9.321035507341E-1,1.1365E1));
#3070=CARTESIAN_POINT('',(-3.643568608068E0,-5.024888140569E-1,1.1365E1));
#3071=VERTEX_POINT('',#3069);
#3072=VERTEX_POINT('',#3070);
#3073=CARTESIAN_POINT('',(-3.643568608068E0,-5.024888140569E-1,1.3015E1));
#3074=VERTEX_POINT('',#3073);
#3075=CARTESIAN_POINT('',(-3.956754980371E0,-9.321035507341E-1,1.3015E1));
#3076=VERTEX_POINT('',#3075);
#3077=CARTESIAN_POINT('',(3.714417418817E0,-1.108766070188E0,1.3905E1));
#3078=CARTESIAN_POINT('',(3.714417418817E0,-1.108766070188E0,1.5555E1));
#3079=VERTEX_POINT('',#3077);
#3080=VERTEX_POINT('',#3078);
#3081=CARTESIAN_POINT('',(3.401231046514E0,-6.791513335107E-1,1.3905E1));
#3082=CARTESIAN_POINT('',(3.401231046514E0,-6.791513335107E-1,1.5555E1));
#3083=VERTEX_POINT('',#3081);
#3084=VERTEX_POINT('',#3082);
#3085=CARTESIAN_POINT('',(-3.401231046514E0,-6.791513335107E-1,1.3905E1));
#3086=CARTESIAN_POINT('',(-3.401231046514E0,-6.791513335107E-1,1.5555E1));
#3087=VERTEX_POINT('',#3085);
#3088=VERTEX_POINT('',#3086);
#3089=CARTESIAN_POINT('',(-3.714417418817E0,-1.108766070188E0,1.3905E1));
#3090=CARTESIAN_POINT('',(-3.714417418817E0,-1.108766070188E0,1.5555E1));
#3091=VERTEX_POINT('',#3089);
#3092=VERTEX_POINT('',#3090);
#3093=CARTESIAN_POINT('',(3.643568608068E0,-5.024888140569E-1,1.3905E1));
#3094=CARTESIAN_POINT('',(3.956754980371E0,-9.321035507341E-1,1.3905E1));
#3095=VERTEX_POINT('',#3093);
#3096=VERTEX_POINT('',#3094);
#3097=CARTESIAN_POINT('',(3.956754980371E0,-9.321035507341E-1,1.5555E1));
#3098=VERTEX_POINT('',#3097);
#3099=CARTESIAN_POINT('',(3.643568608068E0,-5.024888140569E-1,1.5555E1));
#3100=VERTEX_POINT('',#3099);
#3101=CARTESIAN_POINT('',(-3.956754980371E0,-9.321035507341E-1,1.3905E1));
#3102=CARTESIAN_POINT('',(-3.643568608068E0,-5.024888140569E-1,1.3905E1));
#3103=VERTEX_POINT('',#3101);
#3104=VERTEX_POINT('',#3102);
#3105=CARTESIAN_POINT('',(-3.643568608068E0,-5.024888140569E-1,1.5555E1));
#3106=VERTEX_POINT('',#3105);
#3107=CARTESIAN_POINT('',(-3.956754980371E0,-9.321035507341E-1,1.5555E1));
#3108=VERTEX_POINT('',#3107);
#3109=CARTESIAN_POINT('',(3.714417418817E0,-1.108766070188E0,1.6445E1));
#3110=CARTESIAN_POINT('',(3.714417418817E0,-1.108766070188E0,1.8095E1));
#3111=VERTEX_POINT('',#3109);
#3112=VERTEX_POINT('',#3110);
#3113=CARTESIAN_POINT('',(3.401231046514E0,-6.791513335107E-1,1.6445E1));
#3114=CARTESIAN_POINT('',(3.401231046514E0,-6.791513335107E-1,1.8095E1));
#3115=VERTEX_POINT('',#3113);
#3116=VERTEX_POINT('',#3114);
#3117=CARTESIAN_POINT('',(-3.401231046514E0,-6.791513335107E-1,1.6445E1));
#3118=CARTESIAN_POINT('',(-3.401231046514E0,-6.791513335107E-1,1.8095E1));
#3119=VERTEX_POINT('',#3117);
#3120=VERTEX_POINT('',#3118);
#3121=CARTESIAN_POINT('',(-3.714417418817E0,-1.108766070188E0,1.6445E1));
#3122=CARTESIAN_POINT('',(-3.714417418817E0,-1.108766070188E0,1.8095E1));
#3123=VERTEX_POINT('',#3121);
#3124=VERTEX_POINT('',#3122);
#3125=CARTESIAN_POINT('',(3.643568608068E0,-5.024888140569E-1,1.6445E1));
#3126=CARTESIAN_POINT('',(3.956754980371E0,-9.321035507341E-1,1.6445E1));
#3127=VERTEX_POINT('',#3125);
#3128=VERTEX_POINT('',#3126);
#3129=CARTESIAN_POINT('',(3.956754980371E0,-9.321035507341E-1,1.8095E1));
#3130=VERTEX_POINT('',#3129);
#3131=CARTESIAN_POINT('',(3.643568608068E0,-5.024888140569E-1,1.8095E1));
#3132=VERTEX_POINT('',#3131);
#3133=CARTESIAN_POINT('',(-3.956754980371E0,-9.321035507341E-1,1.6445E1));
#3134=CARTESIAN_POINT('',(-3.643568608068E0,-5.024888140569E-1,1.6445E1));
#3135=VERTEX_POINT('',#3133);
#3136=VERTEX_POINT('',#3134);
#3137=CARTESIAN_POINT('',(-3.643568608068E0,-5.024888140569E-1,1.8095E1));
#3138=VERTEX_POINT('',#3137);
#3139=CARTESIAN_POINT('',(-3.956754980371E0,-9.321035507341E-1,1.8095E1));
#3140=VERTEX_POINT('',#3139);
#3141=CARTESIAN_POINT('',(3.714417418817E0,-1.108766070188E0,1.8985E1));
#3142=CARTESIAN_POINT('',(3.401231046514E0,-6.791513335107E-1,1.8985E1));
#3143=VERTEX_POINT('',#3141);
#3144=VERTEX_POINT('',#3142);
#3145=CARTESIAN_POINT('',(3.401231046514E0,-6.791513335107E-1,2.0635E1));
#3146=CARTESIAN_POINT('',(3.714417418817E0,-1.108766070188E0,2.0635E1));
#3147=VERTEX_POINT('',#3145);
#3148=VERTEX_POINT('',#3146);
#3149=CARTESIAN_POINT('',(-3.401231046514E0,-6.791513335107E-1,1.8985E1));
#3150=CARTESIAN_POINT('',(-3.714417418817E0,-1.108766070188E0,1.8985E1));
#3151=VERTEX_POINT('',#3149);
#3152=VERTEX_POINT('',#3150);
#3153=CARTESIAN_POINT('',(-3.714417418817E0,-1.108766070188E0,2.0635E1));
#3154=CARTESIAN_POINT('',(-3.401231046514E0,-6.791513335107E-1,2.0635E1));
#3155=VERTEX_POINT('',#3153);
#3156=VERTEX_POINT('',#3154);
#3157=CARTESIAN_POINT('',(-2.8055E0,1.839976060792E0,2.197E1));
#3158=CARTESIAN_POINT('',(-3.355073499852E0,-3.639544913105E-1,2.197E1));
#3159=VERTEX_POINT('',#3157);
#3160=VERTEX_POINT('',#3158);
#3161=CARTESIAN_POINT('',(-2.987000786207E0,-1.840020384619E0,2.197E1));
#3162=VERTEX_POINT('',#3161);
#3163=CARTESIAN_POINT('',(2.987000786207E0,-1.840020384619E0,2.197E1));
#3164=CARTESIAN_POINT('',(3.355073499852E0,-3.639544913105E-1,2.197E1));
#3165=VERTEX_POINT('',#3163);
#3166=VERTEX_POINT('',#3164);
#3167=CARTESIAN_POINT('',(2.8055E0,1.839976060792E0,2.197E1));
#3168=VERTEX_POINT('',#3167);
#3169=CARTESIAN_POINT('',(-3.349813456349E0,-3.850486135457E-1,1.8985E1));
#3170=CARTESIAN_POINT('',(-3.287785410940E0,-6.337969691330E-1,1.8985E1));
#3171=VERTEX_POINT('',#3169);
#3172=VERTEX_POINT('',#3170);
#3173=CARTESIAN_POINT('',(-3.349813456349E0,-3.850486135457E-1,2.0635E1));
#3174=CARTESIAN_POINT('',(-3.287785410940E0,-6.337969691330E-1,2.0635E1));
#3175=VERTEX_POINT('',#3173);
#3176=VERTEX_POINT('',#3174);
#3177=CARTESIAN_POINT('',(3.287785410940E0,-6.337969691330E-1,1.8985E1));
#3178=CARTESIAN_POINT('',(3.349813456349E0,-3.850486135457E-1,1.8985E1));
#3179=VERTEX_POINT('',#3177);
#3180=VERTEX_POINT('',#3178);
#3181=CARTESIAN_POINT('',(3.287785410940E0,-6.337969691330E-1,2.0635E1));
#3182=CARTESIAN_POINT('',(3.349813456349E0,-3.850486135457E-1,2.0635E1));
#3183=VERTEX_POINT('',#3181);
#3184=VERTEX_POINT('',#3182);
#3185=CARTESIAN_POINT('',(-4.022536195991E0,-1.878844565017E0,1.8985E1));
#3186=CARTESIAN_POINT('',(-3.767923814704E0,-1.878844565017E0,1.8985E1));
#3187=VERTEX_POINT('',#3185);
#3188=VERTEX_POINT('',#3186);
#3189=CARTESIAN_POINT('',(3.767923814704E0,-1.878844565017E0,1.8985E1));
#3190=CARTESIAN_POINT('',(4.022536195991E0,-1.878844565017E0,1.8985E1));
#3191=VERTEX_POINT('',#3189);
#3192=VERTEX_POINT('',#3190);
#3193=CARTESIAN_POINT('',(-4.022536195991E0,-1.878844565017E0,2.0635E1));
#3194=CARTESIAN_POINT('',(-3.767923814704E0,-1.878844565017E0,2.0635E1));
#3195=VERTEX_POINT('',#3193);
#3196=VERTEX_POINT('',#3194);
#3197=CARTESIAN_POINT('',(3.767923814704E0,-1.878844565017E0,2.0635E1));
#3198=CARTESIAN_POINT('',(4.022536195991E0,-1.878844565017E0,2.0635E1));
#3199=VERTEX_POINT('',#3197);
#3200=VERTEX_POINT('',#3198);
#3201=CARTESIAN_POINT('',(4.065387618713E0,-6.160023939208E0,1.951100762479E1));
#3202=VERTEX_POINT('',#3201);
#3203=CARTESIAN_POINT('',(4.065387618713E0,-6.160023939208E0,2.010899237521E1));
#3204=VERTEX_POINT('',#3203);
#3205=CARTESIAN_POINT('',(4.32E0,-6.160023939208E0,1.951100762479E1));
#3206=VERTEX_POINT('',#3205);
#3207=CARTESIAN_POINT('',(4.32E0,-6.160023939208E0,2.010899237521E1));
#3208=VERTEX_POINT('',#3207);
#3209=CARTESIAN_POINT('',(-4.32E0,-6.160023939208E0,1.951100762479E1));
#3210=VERTEX_POINT('',#3209);
#3211=CARTESIAN_POINT('',(-4.32E0,-6.160023939208E0,2.010899237521E1));
#3212=VERTEX_POINT('',#3211);
#3213=CARTESIAN_POINT('',(-4.065387618713E0,-6.160023939208E0,
1.951100762479E1));
#3214=VERTEX_POINT('',#3213);
#3215=CARTESIAN_POINT('',(-4.065387618713E0,-6.160023939208E0,
2.010899237521E1));
#3216=VERTEX_POINT('',#3215);
#3217=CARTESIAN_POINT('',(3.643568608068E0,-5.024888140569E-1,1.8985E1));
#3218=CARTESIAN_POINT('',(3.956754980371E0,-9.321035507341E-1,1.8985E1));
#3219=VERTEX_POINT('',#3217);
#3220=VERTEX_POINT('',#3218);
#3221=CARTESIAN_POINT('',(3.956754980371E0,-9.321035507341E-1,2.0635E1));
#3222=VERTEX_POINT('',#3221);
#3223=CARTESIAN_POINT('',(3.643568608068E0,-5.024888140569E-1,2.0635E1));
#3224=VERTEX_POINT('',#3223);
#3225=CARTESIAN_POINT('',(-3.956754980371E0,-9.321035507341E-1,1.8985E1));
#3226=CARTESIAN_POINT('',(-3.643568608068E0,-5.024888140569E-1,1.8985E1));
#3227=VERTEX_POINT('',#3225);
#3228=VERTEX_POINT('',#3226);
#3229=CARTESIAN_POINT('',(-3.643568608068E0,-5.024888140569E-1,2.0635E1));
#3230=VERTEX_POINT('',#3229);
#3231=CARTESIAN_POINT('',(-3.956754980371E0,-9.321035507341E-1,2.0635E1));
#3232=VERTEX_POINT('',#3231);
#3233=CARTESIAN_POINT('',(0.E0,0.E0,0.E0));
#3234=DIRECTION('',(0.E0,0.E0,1.E0));
#3235=DIRECTION('',(1.E0,0.E0,0.E0));
#3236=AXIS2_PLACEMENT_3D('',#3233,#3234,#3235);
#3237=PLANE('',#3236);
#3239=ORIENTED_EDGE('',*,*,#3238,.T.);
#3241=ORIENTED_EDGE('',*,*,#3240,.T.);
#3243=ORIENTED_EDGE('',*,*,#3242,.T.);
#3245=ORIENTED_EDGE('',*,*,#3244,.T.);
#3247=ORIENTED_EDGE('',*,*,#3246,.T.);
#3249=ORIENTED_EDGE('',*,*,#3248,.T.);
#3250=EDGE_LOOP('',(#3239,#3241,#3243,#3245,#3247,#3249));
#3251=FACE_OUTER_BOUND('',#3250,.F.);
#3253=CARTESIAN_POINT('',(-2.8055E0,1.839976060792E0,0.E0));
#3254=DIRECTION('',(-9.702882957588E-1,2.419516958268E-1,0.E0));
#3255=DIRECTION('',(-2.419516958268E-1,-9.702882957588E-1,0.E0));
#3256=AXIS2_PLACEMENT_3D('',#3253,#3254,#3255);
#3257=PLANE('',#3256);
#3259=ORIENTED_EDGE('',*,*,#3258,.T.);
#3261=ORIENTED_EDGE('',*,*,#3260,.F.);
#3262=ORIENTED_EDGE('',*,*,#3238,.F.);
#3264=ORIENTED_EDGE('',*,*,#3263,.T.);
#3265=EDGE_LOOP('',(#3259,#3261,#3262,#3264));
#3266=FACE_OUTER_BOUND('',#3265,.F.);
#3268=CARTESIAN_POINT('',(5.696E0,1.839976060792E0,2.197E1));
#3269=DIRECTION('',(0.E0,0.E0,-1.E0));
#3270=DIRECTION('',(-1.E0,0.E0,0.E0));
#3271=AXIS2_PLACEMENT_3D('',#3268,#3269,#3270);
#3272=PLANE('',#3271);
#3273=ORIENTED_EDGE('',*,*,#3258,.F.);
#3275=ORIENTED_EDGE('',*,*,#3274,.F.);
#3277=ORIENTED_EDGE('',*,*,#3276,.F.);
#3279=ORIENTED_EDGE('',*,*,#3278,.F.);
#3281=ORIENTED_EDGE('',*,*,#3280,.F.);
#3283=ORIENTED_EDGE('',*,*,#3282,.F.);
#3284=EDGE_LOOP('',(#3273,#3275,#3277,#3279,#3281,#3283));
#3285=FACE_OUTER_BOUND('',#3284,.F.);
#3287=CARTESIAN_POINT('',(2.8055E0,1.839976060792E0,0.E0));
#3288=DIRECTION('',(0.E0,1.E0,0.E0));
#3289=DIRECTION('',(-1.E0,0.E0,0.E0));
#3290=AXIS2_PLACEMENT_3D('',#3287,#3288,#3289);
#3291=PLANE('',#3290);
#3292=ORIENTED_EDGE('',*,*,#3274,.T.);
#3293=ORIENTED_EDGE('',*,*,#3263,.F.);
#3294=ORIENTED_EDGE('',*,*,#3248,.F.);
#3296=ORIENTED_EDGE('',*,*,#3295,.T.);
#3297=EDGE_LOOP('',(#3292,#3293,#3294,#3296));
#3298=FACE_OUTER_BOUND('',#3297,.F.);
#3300=CARTESIAN_POINT('',(3.355073499852E0,-3.639544913105E-1,0.E0));
#3301=DIRECTION('',(9.702882957588E-1,2.419516958268E-1,0.E0));
#3302=DIRECTION('',(-2.419516958268E-1,9.702882957588E-1,0.E0));
#3303=AXIS2_PLACEMENT_3D('',#3300,#3301,#3302);
#3304=PLANE('',#3303);
#3305=ORIENTED_EDGE('',*,*,#3276,.T.);
#3306=ORIENTED_EDGE('',*,*,#3295,.F.);
#3307=ORIENTED_EDGE('',*,*,#3246,.F.);
#3309=ORIENTED_EDGE('',*,*,#3308,.T.);
#3310=EDGE_LOOP('',(#3305,#3306,#3307,#3309));
#3311=FACE_OUTER_BOUND('',#3310,.F.);
#3313=CARTESIAN_POINT('',(2.987000786207E0,-1.840020384619E0,0.E0));
#3314=DIRECTION('',(9.702882957588E-1,-2.419516958268E-1,0.E0));
#3315=DIRECTION('',(2.419516958268E-1,9.702882957588E-1,0.E0));
#3316=AXIS2_PLACEMENT_3D('',#3313,#3314,#3315);
#3317=PLANE('',#3316);
#3318=ORIENTED_EDGE('',*,*,#3278,.T.);
#3319=ORIENTED_EDGE('',*,*,#3308,.F.);
#3320=ORIENTED_EDGE('',*,*,#3244,.F.);
#3322=ORIENTED_EDGE('',*,*,#3321,.T.);
#3323=EDGE_LOOP('',(#3318,#3319,#3320,#3322));
#3324=FACE_OUTER_BOUND('',#3323,.F.);
#3326=ORIENTED_EDGE('',*,*,#3325,.T.);
#3328=ORIENTED_EDGE('',*,*,#3327,.T.);
#3330=ORIENTED_EDGE('',*,*,#3329,.F.);
#3332=ORIENTED_EDGE('',*,*,#3331,.F.);
#3333=EDGE_LOOP('',(#3326,#3328,#3330,#3332));
#3334=FACE_BOUND('',#3333,.F.);
#3336=ORIENTED_EDGE('',*,*,#3335,.T.);
#3338=ORIENTED_EDGE('',*,*,#3337,.T.);
#3340=ORIENTED_EDGE('',*,*,#3339,.F.);
#3342=ORIENTED_EDGE('',*,*,#3341,.F.);
#3343=EDGE_LOOP('',(#3336,#3338,#3340,#3342));
#3344=FACE_BOUND('',#3343,.F.);
#3346=ORIENTED_EDGE('',*,*,#3345,.T.);
#3348=ORIENTED_EDGE('',*,*,#3347,.T.);
#3350=ORIENTED_EDGE('',*,*,#3349,.F.);
#3352=ORIENTED_EDGE('',*,*,#3351,.F.);
#3353=EDGE_LOOP('',(#3346,#3348,#3350,#3352));
#3354=FACE_BOUND('',#3353,.F.);
#3356=ORIENTED_EDGE('',*,*,#3355,.T.);
#3358=ORIENTED_EDGE('',*,*,#3357,.T.);
#3360=ORIENTED_EDGE('',*,*,#3359,.F.);
#3362=ORIENTED_EDGE('',*,*,#3361,.F.);
#3363=EDGE_LOOP('',(#3356,#3358,#3360,#3362));
#3364=FACE_BOUND('',#3363,.F.);
#3366=ORIENTED_EDGE('',*,*,#3365,.T.);
#3368=ORIENTED_EDGE('',*,*,#3367,.T.);
#3370=ORIENTED_EDGE('',*,*,#3369,.F.);
#3372=ORIENTED_EDGE('',*,*,#3371,.F.);
#3373=EDGE_LOOP('',(#3366,#3368,#3370,#3372));
#3374=FACE_BOUND('',#3373,.F.);
#3376=ORIENTED_EDGE('',*,*,#3375,.T.);
#3378=ORIENTED_EDGE('',*,*,#3377,.T.);
#3380=ORIENTED_EDGE('',*,*,#3379,.F.);
#3382=ORIENTED_EDGE('',*,*,#3381,.F.);
#3383=EDGE_LOOP('',(#3376,#3378,#3380,#3382));
#3384=FACE_BOUND('',#3383,.F.);
#3386=ORIENTED_EDGE('',*,*,#3385,.T.);
#3388=ORIENTED_EDGE('',*,*,#3387,.T.);
#3390=ORIENTED_EDGE('',*,*,#3389,.F.);
#3392=ORIENTED_EDGE('',*,*,#3391,.F.);
#3393=EDGE_LOOP('',(#3386,#3388,#3390,#3392));
#3394=FACE_BOUND('',#3393,.F.);
#3396=ORIENTED_EDGE('',*,*,#3395,.T.);
#3398=ORIENTED_EDGE('',*,*,#3397,.T.);
#3400=ORIENTED_EDGE('',*,*,#3399,.F.);
#3402=ORIENTED_EDGE('',*,*,#3401,.F.);
#3403=EDGE_LOOP('',(#3396,#3398,#3400,#3402));
#3404=FACE_BOUND('',#3403,.F.);
#3406=CARTESIAN_POINT('',(0.E0,0.E0,1.205E0));
#3407=DIRECTION('',(0.E0,0.E0,1.E0));
#3408=DIRECTION('',(1.E0,0.E0,0.E0));
#3409=AXIS2_PLACEMENT_3D('',#3406,#3407,#3408);
#3410=PLANE('',#3409);
#3412=ORIENTED_EDGE('',*,*,#3411,.F.);
#3414=ORIENTED_EDGE('',*,*,#3413,.T.);
#3415=ORIENTED_EDGE('',*,*,#3395,.F.);
#3417=ORIENTED_EDGE('',*,*,#3416,.T.);
#3419=ORIENTED_EDGE('',*,*,#3418,.F.);
#3421=ORIENTED_EDGE('',*,*,#3420,.T.);
#3423=ORIENTED_EDGE('',*,*,#3422,.T.);
#3425=ORIENTED_EDGE('',*,*,#3424,.T.);
#3426=EDGE_LOOP('',(#3412,#3414,#3415,#3417,#3419,#3421,#3423,#3425));
#3427=FACE_OUTER_BOUND('',#3426,.F.);
#3429=CARTESIAN_POINT('',(0.E0,0.E0,1.205E0));
#3430=DIRECTION('',(0.E0,0.E0,1.E0));
#3431=DIRECTION('',(1.E0,0.E0,0.E0));
#3432=AXIS2_PLACEMENT_3D('',#3429,#3430,#3431);
#3433=PLANE('',#3432);
#3435=ORIENTED_EDGE('',*,*,#3434,.F.);
#3437=ORIENTED_EDGE('',*,*,#3436,.T.);
#3439=ORIENTED_EDGE('',*,*,#3438,.T.);
#3441=ORIENTED_EDGE('',*,*,#3440,.T.);
#3443=ORIENTED_EDGE('',*,*,#3442,.F.);
#3445=ORIENTED_EDGE('',*,*,#3444,.T.);
#3447=ORIENTED_EDGE('',*,*,#3446,.F.);
#3449=ORIENTED_EDGE('',*,*,#3448,.T.);
#3450=EDGE_LOOP('',(#3435,#3437,#3439,#3441,#3443,#3445,#3447,#3449));
#3451=FACE_OUTER_BOUND('',#3450,.F.);
#3453=CARTESIAN_POINT('',(3.457957555996E0,-9.667608650665E-1,
5.516882931199E1));
#3454=DIRECTION('',(0.E0,0.E0,-1.E0));
#3455=DIRECTION('',(3.712221041445E-1,9.285441020191E-1,0.E0));
#3456=AXIS2_PLACEMENT_3D('',#3453,#3454,#3455);
#3457=CYLINDRICAL_SURFACE('',#3456,5.E-1);
#3458=ORIENTED_EDGE('',*,*,#3411,.T.);
#3460=ORIENTED_EDGE('',*,*,#3459,.F.);
#3462=ORIENTED_EDGE('',*,*,#3461,.T.);
#3464=ORIENTED_EDGE('',*,*,#3463,.T.);
#3465=EDGE_LOOP('',(#3458,#3460,#3462,#3464));
#3466=FACE_OUTER_BOUND('',#3465,.F.);
#3468=CARTESIAN_POINT('',(4.32E0,-6.160023939208E0,1.205E0));
#3469=DIRECTION('',(9.975948487503E-1,6.931462866478E-2,0.E0));
#3470=DIRECTION('',(-6.931462866478E-2,9.975948487503E-1,0.E0));
#3471=AXIS2_PLACEMENT_3D('',#3468,#3469,#3470);
#3472=PLANE('',#3471);
#3473=ORIENTED_EDGE('',*,*,#3459,.T.);
#3474=ORIENTED_EDGE('',*,*,#3424,.F.);
#3476=ORIENTED_EDGE('',*,*,#3475,.T.);
#3478=ORIENTED_EDGE('',*,*,#3477,.F.);
#3480=ORIENTED_EDGE('',*,*,#3479,.T.);
#3482=ORIENTED_EDGE('',*,*,#3481,.T.);
#3484=ORIENTED_EDGE('',*,*,#3483,.T.);
#3486=ORIENTED_EDGE('',*,*,#3485,.T.);
#3487=EDGE_LOOP('',(#3473,#3474,#3476,#3478,#3480,#3482,#3484,#3486));
#3488=FACE_OUTER_BOUND('',#3487,.F.);
#3490=CARTESIAN_POINT('',(-5.184E0,-1.840020384619E0,1.181007624791E0));
#3491=DIRECTION('',(0.E0,5.256948378438E-1,8.506732260183E-1));
#3492=DIRECTION('',(0.E0,-8.506732260183E-1,5.256948378438E-1));
#3493=AXIS2_PLACEMENT_3D('',#3490,#3491,#3492);
#3494=PLANE('',#3493);
#3495=ORIENTED_EDGE('',*,*,#3438,.F.);
#3497=ORIENTED_EDGE('',*,*,#3496,.T.);
#3499=ORIENTED_EDGE('',*,*,#3498,.T.);
#3501=ORIENTED_EDGE('',*,*,#3500,.F.);
#3502=EDGE_LOOP('',(#3495,#3497,#3499,#3501));
#3503=FACE_OUTER_BOUND('',#3502,.F.);
#3505=CARTESIAN_POINT('',(-5.184E0,-1.840020384619E0,1.181007624791E0));
#3506=DIRECTION('',(0.E0,5.256948378438E-1,8.506732260183E-1));
#3507=DIRECTION('',(0.E0,-8.506732260183E-1,5.256948378438E-1));
#3508=AXIS2_PLACEMENT_3D('',#3505,#3506,#3507);
#3509=PLANE('',#3508);
#3510=ORIENTED_EDGE('',*,*,#3422,.F.);
#3512=ORIENTED_EDGE('',*,*,#3511,.T.);
#3514=ORIENTED_EDGE('',*,*,#3513,.T.);
#3515=ORIENTED_EDGE('',*,*,#3475,.F.);
#3516=EDGE_LOOP('',(#3510,#3512,#3514,#3515));
#3517=FACE_OUTER_BOUND('',#3516,.F.);
#3519=CARTESIAN_POINT('',(-3.935E0,-6.19E-1,1.205E0));
#3520=DIRECTION('',(-9.975948487503E-1,6.931462866478E-2,0.E0));
#3521=DIRECTION('',(-6.931462866478E-2,-9.975948487503E-1,0.E0));
#3522=AXIS2_PLACEMENT_3D('',#3519,#3520,#3521);
#3523=PLANE('',#3522);
#3525=ORIENTED_EDGE('',*,*,#3524,.F.);
#3527=ORIENTED_EDGE('',*,*,#3526,.T.);
#3529=ORIENTED_EDGE('',*,*,#3528,.F.);
#3531=ORIENTED_EDGE('',*,*,#3530,.F.);
#3533=ORIENTED_EDGE('',*,*,#3532,.F.);
#3535=ORIENTED_EDGE('',*,*,#3534,.T.);
#3536=ORIENTED_EDGE('',*,*,#3496,.F.);
#3537=ORIENTED_EDGE('',*,*,#3436,.F.);
#3538=EDGE_LOOP('',(#3525,#3527,#3529,#3531,#3533,#3535,#3536,#3537));
#3539=FACE_OUTER_BOUND('',#3538,.F.);
#3541=CARTESIAN_POINT('',(-3.457957555996E0,-9.667608650665E-1,
5.837693716428E1));
#3542=DIRECTION('',(0.E0,0.E0,-1.E0));
#3543=DIRECTION('',(-9.975948487503E-1,6.931462866478E-2,0.E0));
#3544=AXIS2_PLACEMENT_3D('',#3541,#3542,#3543);
#3545=CYLINDRICAL_SURFACE('',#3544,5.E-1);
#3546=ORIENTED_EDGE('',*,*,#3434,.T.);
#3548=ORIENTED_EDGE('',*,*,#3547,.F.);
#3550=ORIENTED_EDGE('',*,*,#3549,.T.);
#3551=ORIENTED_EDGE('',*,*,#3524,.T.);
#3552=EDGE_LOOP('',(#3546,#3548,#3550,#3551));
#3553=FACE_OUTER_BOUND('',#3552,.F.);
#3555=CARTESIAN_POINT('',(-2.725483797091E0,-1.354482237686E-1,1.205E0));
#3556=DIRECTION('',(-3.712221041445E-1,9.285441020191E-1,0.E0));
#3557=DIRECTION('',(-9.285441020191E-1,-3.712221041445E-1,0.E0));
#3558=AXIS2_PLACEMENT_3D('',#3555,#3556,#3557);
#3559=PLANE('',#3558);
#3560=ORIENTED_EDGE('',*,*,#3547,.T.);
#3561=ORIENTED_EDGE('',*,*,#3448,.F.);
#3563=ORIENTED_EDGE('',*,*,#3562,.T.);
#3565=ORIENTED_EDGE('',*,*,#3564,.T.);
#3566=EDGE_LOOP('',(#3560,#3561,#3563,#3565));
#3567=FACE_OUTER_BOUND('',#3566,.F.);
#3569=CARTESIAN_POINT('',(-3.355073499852E0,-3.639544913105E-1,0.E0));
#3570=DIRECTION('',(-9.702882957588E-1,-2.419516958268E-1,0.E0));
#3571=DIRECTION('',(2.419516958268E-1,-9.702882957588E-1,0.E0));
#3572=AXIS2_PLACEMENT_3D('',#3569,#3570,#3571);
#3573=PLANE('',#3572);
#3574=ORIENTED_EDGE('',*,*,#3282,.T.);
#3576=ORIENTED_EDGE('',*,*,#3575,.F.);
#3577=ORIENTED_EDGE('',*,*,#3240,.F.);
#3578=ORIENTED_EDGE('',*,*,#3260,.T.);
#3579=EDGE_LOOP('',(#3574,#3576,#3577,#3578));
#3580=FACE_OUTER_BOUND('',#3579,.F.);
#3582=ORIENTED_EDGE('',*,*,#3581,.T.);
#3584=ORIENTED_EDGE('',*,*,#3583,.T.);
#3586=ORIENTED_EDGE('',*,*,#3585,.F.);
#3588=ORIENTED_EDGE('',*,*,#3587,.F.);
#3589=EDGE_LOOP('',(#3582,#3584,#3586,#3588));
#3590=FACE_BOUND('',#3589,.F.);
#3592=ORIENTED_EDGE('',*,*,#3591,.T.);
#3594=ORIENTED_EDGE('',*,*,#3593,.T.);
#3596=ORIENTED_EDGE('',*,*,#3595,.F.);
#3598=ORIENTED_EDGE('',*,*,#3597,.F.);
#3599=EDGE_LOOP('',(#3592,#3594,#3596,#3598));
#3600=FACE_BOUND('',#3599,.F.);
#3602=ORIENTED_EDGE('',*,*,#3601,.T.);
#3604=ORIENTED_EDGE('',*,*,#3603,.T.);
#3606=ORIENTED_EDGE('',*,*,#3605,.F.);
#3608=ORIENTED_EDGE('',*,*,#3607,.F.);
#3609=EDGE_LOOP('',(#3602,#3604,#3606,#3608));
#3610=FACE_BOUND('',#3609,.F.);
#3612=ORIENTED_EDGE('',*,*,#3611,.T.);
#3614=ORIENTED_EDGE('',*,*,#3613,.T.);
#3616=ORIENTED_EDGE('',*,*,#3615,.F.);
#3618=ORIENTED_EDGE('',*,*,#3617,.F.);
#3619=EDGE_LOOP('',(#3612,#3614,#3616,#3618));
#3620=FACE_BOUND('',#3619,.F.);
#3622=ORIENTED_EDGE('',*,*,#3621,.T.);
#3624=ORIENTED_EDGE('',*,*,#3623,.T.);
#3626=ORIENTED_EDGE('',*,*,#3625,.F.);
#3628=ORIENTED_EDGE('',*,*,#3627,.F.);
#3629=EDGE_LOOP('',(#3622,#3624,#3626,#3628));
#3630=FACE_BOUND('',#3629,.F.);
#3632=ORIENTED_EDGE('',*,*,#3631,.T.);
#3634=ORIENTED_EDGE('',*,*,#3633,.T.);
#3636=ORIENTED_EDGE('',*,*,#3635,.F.);
#3638=ORIENTED_EDGE('',*,*,#3637,.F.);
#3639=EDGE_LOOP('',(#3632,#3634,#3636,#3638));
#3640=FACE_BOUND('',#3639,.F.);
#3642=ORIENTED_EDGE('',*,*,#3641,.T.);
#3644=ORIENTED_EDGE('',*,*,#3643,.T.);
#3646=ORIENTED_EDGE('',*,*,#3645,.F.);
#3648=ORIENTED_EDGE('',*,*,#3647,.F.);
#3649=EDGE_LOOP('',(#3642,#3644,#3646,#3648));
#3650=FACE_BOUND('',#3649,.F.);
#3651=ORIENTED_EDGE('',*,*,#3446,.T.);
#3653=ORIENTED_EDGE('',*,*,#3652,.T.);
#3655=ORIENTED_EDGE('',*,*,#3654,.F.);
#3656=ORIENTED_EDGE('',*,*,#3562,.F.);
#3657=EDGE_LOOP('',(#3651,#3653,#3655,#3656));
#3658=FACE_BOUND('',#3657,.F.);
#3660=CARTESIAN_POINT('',(-3.692662438446E0,-7.956625194538E-1,1.205E0));
#3661=DIRECTION('',(3.712221041445E-1,-9.285441020191E-1,0.E0));
#3662=DIRECTION('',(9.285441020191E-1,3.712221041445E-1,0.E0));
#3663=AXIS2_PLACEMENT_3D('',#3660,#3661,#3662);
#3664=PLANE('',#3663);
#3666=ORIENTED_EDGE('',*,*,#3665,.T.);
#3668=ORIENTED_EDGE('',*,*,#3667,.T.);
#3669=ORIENTED_EDGE('',*,*,#3652,.F.);
#3670=ORIENTED_EDGE('',*,*,#3444,.F.);
#3671=EDGE_LOOP('',(#3666,#3668,#3669,#3670));
#3672=FACE_OUTER_BOUND('',#3671,.F.);
#3674=CARTESIAN_POINT('',(-3.215619994442E0,-1.143423384520E0,-3.526238E1));
#3675=DIRECTION('',(0.E0,0.E0,1.E0));
#3676=DIRECTION('',(-3.712221041445E-1,9.285441020191E-1,0.E0));
#3677=AXIS2_PLACEMENT_3D('',#3674,#3675,#3676);
#3678=CYLINDRICAL_SURFACE('',#3677,5.E-1);
#3679=ORIENTED_EDGE('',*,*,#3665,.F.);
#3680=ORIENTED_EDGE('',*,*,#3442,.T.);
#3682=ORIENTED_EDGE('',*,*,#3681,.T.);
#3684=ORIENTED_EDGE('',*,*,#3683,.T.);
#3685=EDGE_LOOP('',(#3679,#3680,#3682,#3684));
#3686=FACE_OUTER_BOUND('',#3685,.F.);
#3688=CARTESIAN_POINT('',(-4.065387618713E0,-6.160023939208E0,1.205E0));
#3689=DIRECTION('',(9.975948487503E-1,-6.931462866478E-2,0.E0));
#3690=DIRECTION('',(6.931462866478E-2,9.975948487503E-1,0.E0));
#3691=AXIS2_PLACEMENT_3D('',#3688,#3689,#3690);
#3692=PLANE('',#3691);
#3693=ORIENTED_EDGE('',*,*,#3681,.F.);
#3694=ORIENTED_EDGE('',*,*,#3440,.F.);
#3695=ORIENTED_EDGE('',*,*,#3500,.T.);
#3697=ORIENTED_EDGE('',*,*,#3696,.F.);
#3699=ORIENTED_EDGE('',*,*,#3698,.T.);
#3701=ORIENTED_EDGE('',*,*,#3700,.T.);
#3703=ORIENTED_EDGE('',*,*,#3702,.T.);
#3705=ORIENTED_EDGE('',*,*,#3704,.T.);
#3706=EDGE_LOOP('',(#3693,#3694,#3695,#3697,#3699,#3701,#3703,#3705));
#3707=FACE_OUTER_BOUND('',#3706,.F.);
#3709=CARTESIAN_POINT('',(-5.184E0,-2.730023939208E0,1.731007624791E0));
#3710=DIRECTION('',(0.E0,0.E0,1.E0));
#3711=DIRECTION('',(0.E0,-1.E0,0.E0));
#3712=AXIS2_PLACEMENT_3D('',#3709,#3710,#3711);
#3713=PLANE('',#3712);
#3715=ORIENTED_EDGE('',*,*,#3714,.F.);
#3717=ORIENTED_EDGE('',*,*,#3716,.T.);
#3718=ORIENTED_EDGE('',*,*,#3477,.T.);
#3719=ORIENTED_EDGE('',*,*,#3513,.F.);
#3720=EDGE_LOOP('',(#3715,#3717,#3718,#3719));
#3721=FACE_OUTER_BOUND('',#3720,.F.);
#3723=CARTESIAN_POINT('',(-5.184E0,-2.730023939208E0,1.731007624791E0));
#3724=DIRECTION('',(0.E0,0.E0,1.E0));
#3725=DIRECTION('',(0.E0,-1.E0,0.E0));
#3726=AXIS2_PLACEMENT_3D('',#3723,#3724,#3725);
#3727=PLANE('',#3726);
#3728=ORIENTED_EDGE('',*,*,#3534,.F.);
#3730=ORIENTED_EDGE('',*,*,#3729,.T.);
#3731=ORIENTED_EDGE('',*,*,#3696,.T.);
#3732=ORIENTED_EDGE('',*,*,#3498,.F.);
#3733=EDGE_LOOP('',(#3728,#3730,#3731,#3732));
#3734=FACE_OUTER_BOUND('',#3733,.F.);
#3736=CARTESIAN_POINT('',(3.692662438446E0,-7.956625194538E-1,1.205E0));
#3737=DIRECTION('',(-9.975948487503E-1,-6.931462866478E-2,0.E0));
#3738=DIRECTION('',(6.931462866478E-2,-9.975948487503E-1,0.E0));
#3739=AXIS2_PLACEMENT_3D('',#3736,#3737,#3738);
#3740=PLANE('',#3739);
#3742=ORIENTED_EDGE('',*,*,#3741,.T.);
#3744=ORIENTED_EDGE('',*,*,#3743,.T.);
#3746=ORIENTED_EDGE('',*,*,#3745,.F.);
#3748=ORIENTED_EDGE('',*,*,#3747,.F.);
#3750=ORIENTED_EDGE('',*,*,#3749,.F.);
#3751=ORIENTED_EDGE('',*,*,#3714,.T.);
#3752=ORIENTED_EDGE('',*,*,#3511,.F.);
#3753=ORIENTED_EDGE('',*,*,#3420,.F.);
#3754=EDGE_LOOP('',(#3742,#3744,#3746,#3748,#3750,#3751,#3752,#3753));
#3755=FACE_OUTER_BOUND('',#3754,.F.);
#3757=CARTESIAN_POINT('',(3.215619994442E0,-1.143423384520E0,-3.526238E1));
#3758=DIRECTION('',(0.E0,0.E0,1.E0));
#3759=DIRECTION('',(9.975948487503E-1,6.931462866478E-2,0.E0));
#3760=AXIS2_PLACEMENT_3D('',#3757,#3758,#3759);
#3761=CYLINDRICAL_SURFACE('',#3760,5.E-1);
#3762=ORIENTED_EDGE('',*,*,#3741,.F.);
#3763=ORIENTED_EDGE('',*,*,#3418,.T.);
#3765=ORIENTED_EDGE('',*,*,#3764,.T.);
#3767=ORIENTED_EDGE('',*,*,#3766,.T.);
#3768=EDGE_LOOP('',(#3762,#3763,#3765,#3767));
#3769=FACE_OUTER_BOUND('',#3768,.F.);
#3771=CARTESIAN_POINT('',(2.749129966793E0,-4.184482237686E-1,1.205E0));
#3772=DIRECTION('',(-3.712221041445E-1,-9.285441020191E-1,0.E0));
#3773=DIRECTION('',(9.285441020191E-1,-3.712221041445E-1,0.E0));
#3774=AXIS2_PLACEMENT_3D('',#3771,#3772,#3773);
#3775=PLANE('',#3774);
#3776=ORIENTED_EDGE('',*,*,#3764,.F.);
#3777=ORIENTED_EDGE('',*,*,#3416,.F.);
#3778=ORIENTED_EDGE('',*,*,#3401,.T.);
#3780=ORIENTED_EDGE('',*,*,#3779,.T.);
#3781=EDGE_LOOP('',(#3776,#3777,#3778,#3780));
#3782=FACE_OUTER_BOUND('',#3781,.F.);
#3784=CARTESIAN_POINT('',(0.E0,0.E0,2.855E0));
#3785=DIRECTION('',(0.E0,0.E0,1.E0));
#3786=DIRECTION('',(1.E0,0.E0,0.E0));
#3787=AXIS2_PLACEMENT_3D('',#3784,#3785,#3786);
#3788=PLANE('',#3787);
#3789=ORIENTED_EDGE('',*,*,#3461,.F.);
#3790=ORIENTED_EDGE('',*,*,#3485,.F.);
#3792=ORIENTED_EDGE('',*,*,#3791,.F.);
#3793=ORIENTED_EDGE('',*,*,#3743,.F.);
#3794=ORIENTED_EDGE('',*,*,#3766,.F.);
#3795=ORIENTED_EDGE('',*,*,#3779,.F.);
#3796=ORIENTED_EDGE('',*,*,#3399,.T.);
#3798=ORIENTED_EDGE('',*,*,#3797,.F.);
#3799=EDGE_LOOP('',(#3789,#3790,#3792,#3793,#3794,#3795,#3796,#3798));
#3800=FACE_OUTER_BOUND('',#3799,.F.);
#3802=CARTESIAN_POINT('',(0.E0,0.E0,2.855E0));
#3803=DIRECTION('',(0.E0,0.E0,1.E0));
#3804=DIRECTION('',(1.E0,0.E0,0.E0));
#3805=AXIS2_PLACEMENT_3D('',#3802,#3803,#3804);
#3806=PLANE('',#3805);
#3807=ORIENTED_EDGE('',*,*,#3549,.F.);
#3808=ORIENTED_EDGE('',*,*,#3564,.F.);
#3809=ORIENTED_EDGE('',*,*,#3654,.T.);
#3810=ORIENTED_EDGE('',*,*,#3667,.F.);
#3811=ORIENTED_EDGE('',*,*,#3683,.F.);
#3812=ORIENTED_EDGE('',*,*,#3704,.F.);
#3814=ORIENTED_EDGE('',*,*,#3813,.F.);
#3815=ORIENTED_EDGE('',*,*,#3526,.F.);
#3816=EDGE_LOOP('',(#3807,#3808,#3809,#3810,#3811,#3812,#3814,#3815));
#3817=FACE_OUTER_BOUND('',#3816,.F.);
#3819=CARTESIAN_POINT('',(-5.184E0,-2.730023939208E0,2.328992375209E0));
#3820=DIRECTION('',(0.E0,5.256948378438E-1,-8.506732260183E-1));
#3821=DIRECTION('',(0.E0,8.506732260183E-1,5.256948378438E-1));
#3822=AXIS2_PLACEMENT_3D('',#3819,#3820,#3821);
#3823=PLANE('',#3822);
#3824=ORIENTED_EDGE('',*,*,#3813,.T.);
#3825=ORIENTED_EDGE('',*,*,#3702,.F.);
#3827=ORIENTED_EDGE('',*,*,#3826,.F.);
#3828=ORIENTED_EDGE('',*,*,#3528,.T.);
#3829=EDGE_LOOP('',(#3824,#3825,#3827,#3828));
#3830=FACE_OUTER_BOUND('',#3829,.F.);
#3832=CARTESIAN_POINT('',(-5.184E0,-2.730023939208E0,2.328992375209E0));
#3833=DIRECTION('',(0.E0,5.256948378438E-1,-8.506732260183E-1));
#3834=DIRECTION('',(0.E0,8.506732260183E-1,5.256948378438E-1));
#3835=AXIS2_PLACEMENT_3D('',#3832,#3833,#3834);
#3836=PLANE('',#3835);
#3837=ORIENTED_EDGE('',*,*,#3791,.T.);
#3838=ORIENTED_EDGE('',*,*,#3483,.F.);
#3840=ORIENTED_EDGE('',*,*,#3839,.F.);
#3841=ORIENTED_EDGE('',*,*,#3745,.T.);
#3842=EDGE_LOOP('',(#3837,#3838,#3840,#3841));
#3843=FACE_OUTER_BOUND('',#3842,.F.);
#3845=CARTESIAN_POINT('',(-5.184E0,-6.160023939208E0,2.328992375209E0));
#3846=DIRECTION('',(0.E0,0.E0,-1.E0));
#3847=DIRECTION('',(0.E0,1.E0,0.E0));
#3848=AXIS2_PLACEMENT_3D('',#3845,#3846,#3847);
#3849=PLANE('',#3848);
#3850=ORIENTED_EDGE('',*,*,#3747,.T.);
#3851=ORIENTED_EDGE('',*,*,#3839,.T.);
#3852=ORIENTED_EDGE('',*,*,#3481,.F.);
#3854=ORIENTED_EDGE('',*,*,#3853,.F.);
#3855=EDGE_LOOP('',(#3850,#3851,#3852,#3854));
#3856=FACE_OUTER_BOUND('',#3855,.F.);
#3858=CARTESIAN_POINT('',(-5.184E0,-6.160023939208E0,2.328992375209E0));
#3859=DIRECTION('',(0.E0,0.E0,-1.E0));
#3860=DIRECTION('',(0.E0,1.E0,0.E0));
#3861=AXIS2_PLACEMENT_3D('',#3858,#3859,#3860);
#3862=PLANE('',#3861);
#3863=ORIENTED_EDGE('',*,*,#3530,.T.);
#3864=ORIENTED_EDGE('',*,*,#3826,.T.);
#3865=ORIENTED_EDGE('',*,*,#3700,.F.);
#3867=ORIENTED_EDGE('',*,*,#3866,.F.);
#3868=EDGE_LOOP('',(#3863,#3864,#3865,#3867));
#3869=FACE_OUTER_BOUND('',#3868,.F.);
#3871=CARTESIAN_POINT('',(4.065387618713E0,-6.160023939208E0,1.205E0));
#3872=DIRECTION('',(0.E0,-1.E0,0.E0));
#3873=DIRECTION('',(1.E0,0.E0,0.E0));
#3874=AXIS2_PLACEMENT_3D('',#3871,#3872,#3873);
#3875=PLANE('',#3874);
#3876=ORIENTED_EDGE('',*,*,#3716,.F.);
#3877=ORIENTED_EDGE('',*,*,#3749,.T.);
#3878=ORIENTED_EDGE('',*,*,#3853,.T.);
#3879=ORIENTED_EDGE('',*,*,#3479,.F.);
#3880=EDGE_LOOP('',(#3876,#3877,#3878,#3879));
#3881=FACE_OUTER_BOUND('',#3880,.F.);
#3883=CARTESIAN_POINT('',(-4.32E0,-6.160023939208E0,1.205E0));
#3884=DIRECTION('',(0.E0,-1.E0,0.E0));
#3885=DIRECTION('',(1.E0,0.E0,0.E0));
#3886=AXIS2_PLACEMENT_3D('',#3883,#3884,#3885);
#3887=PLANE('',#3886);
#3888=ORIENTED_EDGE('',*,*,#3729,.F.);
#3889=ORIENTED_EDGE('',*,*,#3532,.T.);
#3890=ORIENTED_EDGE('',*,*,#3866,.T.);
#3891=ORIENTED_EDGE('',*,*,#3698,.F.);
#3892=EDGE_LOOP('',(#3888,#3889,#3890,#3891));
#3893=FACE_OUTER_BOUND('',#3892,.F.);
#3895=CARTESIAN_POINT('',(3.935E0,-6.19E-1,1.205E0));
#3896=DIRECTION('',(3.712221041445E-1,9.285441020191E-1,0.E0));
#3897=DIRECTION('',(-9.285441020191E-1,3.712221041445E-1,0.E0));
#3898=AXIS2_PLACEMENT_3D('',#3895,#3896,#3897);
#3899=PLANE('',#3898);
#3900=ORIENTED_EDGE('',*,*,#3463,.F.);
#3901=ORIENTED_EDGE('',*,*,#3797,.T.);
#3902=ORIENTED_EDGE('',*,*,#3397,.F.);
#3903=ORIENTED_EDGE('',*,*,#3413,.F.);
#3904=EDGE_LOOP('',(#3900,#3901,#3902,#3903));
#3905=FACE_OUTER_BOUND('',#3904,.F.);
#3907=CARTESIAN_POINT('',(0.E0,0.E0,3.745E0));
#3908=DIRECTION('',(0.E0,0.E0,1.E0));
#3909=DIRECTION('',(1.E0,0.E0,0.E0));
#3910=AXIS2_PLACEMENT_3D('',#3907,#3908,#3909);
#3911=PLANE('',#3910);
#3913=ORIENTED_EDGE('',*,*,#3912,.F.);
#3915=ORIENTED_EDGE('',*,*,#3914,.T.);
#3916=ORIENTED_EDGE('',*,*,#3325,.F.);
#3918=ORIENTED_EDGE('',*,*,#3917,.T.);
#3920=ORIENTED_EDGE('',*,*,#3919,.F.);
#3922=ORIENTED_EDGE('',*,*,#3921,.T.);
#3924=ORIENTED_EDGE('',*,*,#3923,.T.);
#3926=ORIENTED_EDGE('',*,*,#3925,.T.);
#3927=EDGE_LOOP('',(#3913,#3915,#3916,#3918,#3920,#3922,#3924,#3926));
#3928=FACE_OUTER_BOUND('',#3927,.F.);
#3930=CARTESIAN_POINT('',(0.E0,0.E0,3.745E0));
#3931=DIRECTION('',(0.E0,0.E0,1.E0));
#3932=DIRECTION('',(1.E0,0.E0,0.E0));
#3933=AXIS2_PLACEMENT_3D('',#3930,#3931,#3932);
#3934=PLANE('',#3933);
#3936=ORIENTED_EDGE('',*,*,#3935,.F.);
#3938=ORIENTED_EDGE('',*,*,#3937,.T.);
#3940=ORIENTED_EDGE('',*,*,#3939,.T.);
#3942=ORIENTED_EDGE('',*,*,#3941,.T.);
#3944=ORIENTED_EDGE('',*,*,#3943,.F.);
#3946=ORIENTED_EDGE('',*,*,#3945,.T.);
#3947=ORIENTED_EDGE('',*,*,#3581,.F.);
#3949=ORIENTED_EDGE('',*,*,#3948,.T.);
#3950=EDGE_LOOP('',(#3936,#3938,#3940,#3942,#3944,#3946,#3947,#3949));
#3951=FACE_OUTER_BOUND('',#3950,.F.);
#3953=CARTESIAN_POINT('',(3.457957555996E0,-9.667608650665E-1,
5.266182352718E1));
#3954=DIRECTION('',(0.E0,0.E0,-1.E0));
#3955=DIRECTION('',(3.712221041445E-1,9.285441020191E-1,0.E0));
#3956=AXIS2_PLACEMENT_3D('',#3953,#3954,#3955);
#3957=CYLINDRICAL_SURFACE('',#3956,5.E-1);
#3958=ORIENTED_EDGE('',*,*,#3912,.T.);
#3960=ORIENTED_EDGE('',*,*,#3959,.F.);
#3962=ORIENTED_EDGE('',*,*,#3961,.T.);
#3964=ORIENTED_EDGE('',*,*,#3963,.T.);
#3965=EDGE_LOOP('',(#3958,#3960,#3962,#3964));
#3966=FACE_OUTER_BOUND('',#3965,.F.);
#3968=CARTESIAN_POINT('',(4.32E0,-6.160023939208E0,3.745E0));
#3969=DIRECTION('',(9.975948487503E-1,6.931462866478E-2,0.E0));
#3970=DIRECTION('',(-6.931462866478E-2,9.975948487503E-1,0.E0));
#3971=AXIS2_PLACEMENT_3D('',#3968,#3969,#3970);
#3972=PLANE('',#3971);
#3973=ORIENTED_EDGE('',*,*,#3959,.T.);
#3974=ORIENTED_EDGE('',*,*,#3925,.F.);
#3976=ORIENTED_EDGE('',*,*,#3975,.T.);
#3978=ORIENTED_EDGE('',*,*,#3977,.F.);
#3980=ORIENTED_EDGE('',*,*,#3979,.T.);
#3982=ORIENTED_EDGE('',*,*,#3981,.T.);
#3984=ORIENTED_EDGE('',*,*,#3983,.T.);
#3986=ORIENTED_EDGE('',*,*,#3985,.T.);
#3987=EDGE_LOOP('',(#3973,#3974,#3976,#3978,#3980,#3982,#3984,#3986));
#3988=FACE_OUTER_BOUND('',#3987,.F.);
#3990=CARTESIAN_POINT('',(-5.184E0,-1.840020384619E0,3.721007624791E0));
#3991=DIRECTION('',(0.E0,5.256948378438E-1,8.506732260183E-1));
#3992=DIRECTION('',(0.E0,-8.506732260183E-1,5.256948378438E-1));
#3993=AXIS2_PLACEMENT_3D('',#3990,#3991,#3992);
#3994=PLANE('',#3993);
#3995=ORIENTED_EDGE('',*,*,#3939,.F.);
#3997=ORIENTED_EDGE('',*,*,#3996,.T.);
#3999=ORIENTED_EDGE('',*,*,#3998,.T.);
#4001=ORIENTED_EDGE('',*,*,#4000,.F.);
#4002=EDGE_LOOP('',(#3995,#3997,#3999,#4001));
#4003=FACE_OUTER_BOUND('',#4002,.F.);
#4005=CARTESIAN_POINT('',(-5.184E0,-1.840020384619E0,3.721007624791E0));
#4006=DIRECTION('',(0.E0,5.256948378438E-1,8.506732260183E-1));
#4007=DIRECTION('',(0.E0,-8.506732260183E-1,5.256948378438E-1));
#4008=AXIS2_PLACEMENT_3D('',#4005,#4006,#4007);
#4009=PLANE('',#4008);
#4010=ORIENTED_EDGE('',*,*,#3923,.F.);
#4012=ORIENTED_EDGE('',*,*,#4011,.T.);
#4014=ORIENTED_EDGE('',*,*,#4013,.T.);
#4015=ORIENTED_EDGE('',*,*,#3975,.F.);
#4016=EDGE_LOOP('',(#4010,#4012,#4014,#4015));
#4017=FACE_OUTER_BOUND('',#4016,.F.);
#4019=CARTESIAN_POINT('',(-3.935E0,-6.19E-1,3.745E0));
#4020=DIRECTION('',(-9.975948487503E-1,6.931462866478E-2,0.E0));
#4021=DIRECTION('',(-6.931462866478E-2,-9.975948487503E-1,0.E0));
#4022=AXIS2_PLACEMENT_3D('',#4019,#4020,#4021);
#4023=PLANE('',#4022);
#4025=ORIENTED_EDGE('',*,*,#4024,.F.);
#4027=ORIENTED_EDGE('',*,*,#4026,.T.);
#4029=ORIENTED_EDGE('',*,*,#4028,.F.);
#4031=ORIENTED_EDGE('',*,*,#4030,.F.);
#4033=ORIENTED_EDGE('',*,*,#4032,.F.);
#4035=ORIENTED_EDGE('',*,*,#4034,.T.);
#4036=ORIENTED_EDGE('',*,*,#3996,.F.);
#4037=ORIENTED_EDGE('',*,*,#3937,.F.);
#4038=EDGE_LOOP('',(#4025,#4027,#4029,#4031,#4033,#4035,#4036,#4037));
#4039=FACE_OUTER_BOUND('',#4038,.F.);
#4041=CARTESIAN_POINT('',(-3.457957555996E0,-9.667608650665E-1,
5.619908992436E1));
#4042=DIRECTION('',(0.E0,0.E0,-1.E0));
#4043=DIRECTION('',(-9.975948487503E-1,6.931462866478E-2,0.E0));
#4044=AXIS2_PLACEMENT_3D('',#4041,#4042,#4043);
#4045=CYLINDRICAL_SURFACE('',#4044,5.E-1);
#4046=ORIENTED_EDGE('',*,*,#3935,.T.);
#4048=ORIENTED_EDGE('',*,*,#4047,.F.);
#4050=ORIENTED_EDGE('',*,*,#4049,.T.);
#4051=ORIENTED_EDGE('',*,*,#4024,.T.);
#4052=EDGE_LOOP('',(#4046,#4048,#4050,#4051));
#4053=FACE_OUTER_BOUND('',#4052,.F.);
#4055=CARTESIAN_POINT('',(-2.725483797091E0,-1.354482237686E-1,3.745E0));
#4056=DIRECTION('',(-3.712221041445E-1,9.285441020191E-1,0.E0));
#4057=DIRECTION('',(-9.285441020191E-1,-3.712221041445E-1,0.E0));
#4058=AXIS2_PLACEMENT_3D('',#4055,#4056,#4057);
#4059=PLANE('',#4058);
#4060=ORIENTED_EDGE('',*,*,#4047,.T.);
#4061=ORIENTED_EDGE('',*,*,#3948,.F.);
#4062=ORIENTED_EDGE('',*,*,#3587,.T.);
#4064=ORIENTED_EDGE('',*,*,#4063,.T.);
#4065=EDGE_LOOP('',(#4060,#4061,#4062,#4064));
#4066=FACE_OUTER_BOUND('',#4065,.F.);
#4068=CARTESIAN_POINT('',(0.E0,0.E0,5.395E0));
#4069=DIRECTION('',(0.E0,0.E0,1.E0));
#4070=DIRECTION('',(1.E0,0.E0,0.E0));
#4071=AXIS2_PLACEMENT_3D('',#4068,#4069,#4070);
#4072=PLANE('',#4071);
#4073=ORIENTED_EDGE('',*,*,#3961,.F.);
#4074=ORIENTED_EDGE('',*,*,#3985,.F.);
#4076=ORIENTED_EDGE('',*,*,#4075,.F.);
#4078=ORIENTED_EDGE('',*,*,#4077,.F.);
#4080=ORIENTED_EDGE('',*,*,#4079,.F.);
#4082=ORIENTED_EDGE('',*,*,#4081,.F.);
#4083=ORIENTED_EDGE('',*,*,#3329,.T.);
#4085=ORIENTED_EDGE('',*,*,#4084,.F.);
#4086=EDGE_LOOP('',(#4073,#4074,#4076,#4078,#4080,#4082,#4083,#4085));
#4087=FACE_OUTER_BOUND('',#4086,.F.);
#4089=CARTESIAN_POINT('',(0.E0,0.E0,5.395E0));
#4090=DIRECTION('',(0.E0,0.E0,1.E0));
#4091=DIRECTION('',(1.E0,0.E0,0.E0));
#4092=AXIS2_PLACEMENT_3D('',#4089,#4090,#4091);
#4093=PLANE('',#4092);
#4094=ORIENTED_EDGE('',*,*,#4049,.F.);
#4095=ORIENTED_EDGE('',*,*,#4063,.F.);
#4096=ORIENTED_EDGE('',*,*,#3585,.T.);
#4098=ORIENTED_EDGE('',*,*,#4097,.F.);
#4100=ORIENTED_EDGE('',*,*,#4099,.F.);
#4102=ORIENTED_EDGE('',*,*,#4101,.F.);
#4104=ORIENTED_EDGE('',*,*,#4103,.F.);
#4105=ORIENTED_EDGE('',*,*,#4026,.F.);
#4106=EDGE_LOOP('',(#4094,#4095,#4096,#4098,#4100,#4102,#4104,#4105));
#4107=FACE_OUTER_BOUND('',#4106,.F.);
#4109=CARTESIAN_POINT('',(-5.184E0,-2.730023939208E0,4.868992375209E0));
#4110=DIRECTION('',(0.E0,5.256948378438E-1,-8.506732260183E-1));
#4111=DIRECTION('',(0.E0,8.506732260183E-1,5.256948378438E-1));
#4112=AXIS2_PLACEMENT_3D('',#4109,#4110,#4111);
#4113=PLANE('',#4112);
#4114=ORIENTED_EDGE('',*,*,#4103,.T.);
#4116=ORIENTED_EDGE('',*,*,#4115,.F.);
#4118=ORIENTED_EDGE('',*,*,#4117,.F.);
#4119=ORIENTED_EDGE('',*,*,#4028,.T.);
#4120=EDGE_LOOP('',(#4114,#4116,#4118,#4119));
#4121=FACE_OUTER_BOUND('',#4120,.F.);
#4123=CARTESIAN_POINT('',(-5.184E0,-2.730023939208E0,4.868992375209E0));
#4124=DIRECTION('',(0.E0,5.256948378438E-1,-8.506732260183E-1));
#4125=DIRECTION('',(0.E0,8.506732260183E-1,5.256948378438E-1));
#4126=AXIS2_PLACEMENT_3D('',#4123,#4124,#4125);
#4127=PLANE('',#4126);
#4128=ORIENTED_EDGE('',*,*,#4075,.T.);
#4129=ORIENTED_EDGE('',*,*,#3983,.F.);
#4131=ORIENTED_EDGE('',*,*,#4130,.F.);
#4133=ORIENTED_EDGE('',*,*,#4132,.T.);
#4134=EDGE_LOOP('',(#4128,#4129,#4131,#4133));
#4135=FACE_OUTER_BOUND('',#4134,.F.);
#4137=CARTESIAN_POINT('',(-4.065387618713E0,-6.160023939208E0,3.745E0));
#4138=DIRECTION('',(9.975948487503E-1,-6.931462866478E-2,0.E0));
#4139=DIRECTION('',(6.931462866478E-2,9.975948487503E-1,0.E0));
#4140=AXIS2_PLACEMENT_3D('',#4137,#4138,#4139);
#4141=PLANE('',#4140);
#4143=ORIENTED_EDGE('',*,*,#4142,.F.);
#4144=ORIENTED_EDGE('',*,*,#3941,.F.);
#4145=ORIENTED_EDGE('',*,*,#4000,.T.);
#4147=ORIENTED_EDGE('',*,*,#4146,.F.);
#4149=ORIENTED_EDGE('',*,*,#4148,.T.);
#4151=ORIENTED_EDGE('',*,*,#4150,.T.);
#4152=ORIENTED_EDGE('',*,*,#4115,.T.);
#4153=ORIENTED_EDGE('',*,*,#4101,.T.);
#4154=EDGE_LOOP('',(#4143,#4144,#4145,#4147,#4149,#4151,#4152,#4153));
#4155=FACE_OUTER_BOUND('',#4154,.F.);
#4157=CARTESIAN_POINT('',(-3.215619994442E0,-1.143423384520E0,-3.526238E1));
#4158=DIRECTION('',(0.E0,0.E0,1.E0));
#4159=DIRECTION('',(-3.712221041445E-1,9.285441020191E-1,0.E0));
#4160=AXIS2_PLACEMENT_3D('',#4157,#4158,#4159);
#4161=CYLINDRICAL_SURFACE('',#4160,5.E-1);
#4163=ORIENTED_EDGE('',*,*,#4162,.F.);
#4164=ORIENTED_EDGE('',*,*,#3943,.T.);
#4165=ORIENTED_EDGE('',*,*,#4142,.T.);
#4166=ORIENTED_EDGE('',*,*,#4099,.T.);
#4167=EDGE_LOOP('',(#4163,#4164,#4165,#4166));
#4168=FACE_OUTER_BOUND('',#4167,.F.);
#4170=CARTESIAN_POINT('',(-3.692662438446E0,-7.956625194538E-1,3.745E0));
#4171=DIRECTION('',(3.712221041445E-1,-9.285441020191E-1,0.E0));
#4172=DIRECTION('',(9.285441020191E-1,3.712221041445E-1,0.E0));
#4173=AXIS2_PLACEMENT_3D('',#4170,#4171,#4172);
#4174=PLANE('',#4173);
#4175=ORIENTED_EDGE('',*,*,#4162,.T.);
#4176=ORIENTED_EDGE('',*,*,#4097,.T.);
#4177=ORIENTED_EDGE('',*,*,#3583,.F.);
#4178=ORIENTED_EDGE('',*,*,#3945,.F.);
#4179=EDGE_LOOP('',(#4175,#4176,#4177,#4178));
#4180=FACE_OUTER_BOUND('',#4179,.F.);
#4182=CARTESIAN_POINT('',(-5.184E0,-2.730023939208E0,4.271007624791E0));
#4183=DIRECTION('',(0.E0,0.E0,1.E0));
#4184=DIRECTION('',(0.E0,-1.E0,0.E0));
#4185=AXIS2_PLACEMENT_3D('',#4182,#4183,#4184);
#4186=PLANE('',#4185);
#4188=ORIENTED_EDGE('',*,*,#4187,.F.);
#4190=ORIENTED_EDGE('',*,*,#4189,.T.);
#4191=ORIENTED_EDGE('',*,*,#3977,.T.);
#4192=ORIENTED_EDGE('',*,*,#4013,.F.);
#4193=EDGE_LOOP('',(#4188,#4190,#4191,#4192));
#4194=FACE_OUTER_BOUND('',#4193,.F.);
#4196=CARTESIAN_POINT('',(-5.184E0,-2.730023939208E0,4.271007624791E0));
#4197=DIRECTION('',(0.E0,0.E0,1.E0));
#4198=DIRECTION('',(0.E0,-1.E0,0.E0));
#4199=AXIS2_PLACEMENT_3D('',#4196,#4197,#4198);
#4200=PLANE('',#4199);
#4201=ORIENTED_EDGE('',*,*,#4034,.F.);
#4203=ORIENTED_EDGE('',*,*,#4202,.T.);
#4204=ORIENTED_EDGE('',*,*,#4146,.T.);
#4205=ORIENTED_EDGE('',*,*,#3998,.F.);
#4206=EDGE_LOOP('',(#4201,#4203,#4204,#4205));
#4207=FACE_OUTER_BOUND('',#4206,.F.);
#4209=CARTESIAN_POINT('',(3.692662438446E0,-7.956625194538E-1,3.745E0));
#4210=DIRECTION('',(-9.975948487503E-1,-6.931462866478E-2,0.E0));
#4211=DIRECTION('',(6.931462866478E-2,-9.975948487503E-1,0.E0));
#4212=AXIS2_PLACEMENT_3D('',#4209,#4210,#4211);
#4213=PLANE('',#4212);
#4215=ORIENTED_EDGE('',*,*,#4214,.T.);
#4216=ORIENTED_EDGE('',*,*,#4077,.T.);
#4217=ORIENTED_EDGE('',*,*,#4132,.F.);
#4219=ORIENTED_EDGE('',*,*,#4218,.F.);
#4221=ORIENTED_EDGE('',*,*,#4220,.F.);
#4222=ORIENTED_EDGE('',*,*,#4187,.T.);
#4223=ORIENTED_EDGE('',*,*,#4011,.F.);
#4224=ORIENTED_EDGE('',*,*,#3921,.F.);
#4225=EDGE_LOOP('',(#4215,#4216,#4217,#4219,#4221,#4222,#4223,#4224));
#4226=FACE_OUTER_BOUND('',#4225,.F.);
#4228=CARTESIAN_POINT('',(3.215619994442E0,-1.143423384520E0,-3.526238E1));
#4229=DIRECTION('',(0.E0,0.E0,1.E0));
#4230=DIRECTION('',(9.975948487503E-1,6.931462866478E-2,0.E0));
#4231=AXIS2_PLACEMENT_3D('',#4228,#4229,#4230);
#4232=CYLINDRICAL_SURFACE('',#4231,5.E-1);
#4233=ORIENTED_EDGE('',*,*,#4214,.F.);
#4234=ORIENTED_EDGE('',*,*,#3919,.T.);
#4236=ORIENTED_EDGE('',*,*,#4235,.T.);
#4237=ORIENTED_EDGE('',*,*,#4079,.T.);
#4238=EDGE_LOOP('',(#4233,#4234,#4236,#4237));
#4239=FACE_OUTER_BOUND('',#4238,.F.);
#4241=CARTESIAN_POINT('',(2.749129966793E0,-4.184482237686E-1,3.745E0));
#4242=DIRECTION('',(-3.712221041445E-1,-9.285441020191E-1,0.E0));
#4243=DIRECTION('',(9.285441020191E-1,-3.712221041445E-1,0.E0));
#4244=AXIS2_PLACEMENT_3D('',#4241,#4242,#4243);
#4245=PLANE('',#4244);
#4246=ORIENTED_EDGE('',*,*,#4235,.F.);
#4247=ORIENTED_EDGE('',*,*,#3917,.F.);
#4248=ORIENTED_EDGE('',*,*,#3331,.T.);
#4249=ORIENTED_EDGE('',*,*,#4081,.T.);
#4250=EDGE_LOOP('',(#4246,#4247,#4248,#4249));
#4251=FACE_OUTER_BOUND('',#4250,.F.);
#4253=CARTESIAN_POINT('',(-5.184E0,-6.160023939208E0,4.868992375209E0));
#4254=DIRECTION('',(0.E0,0.E0,-1.E0));
#4255=DIRECTION('',(0.E0,1.E0,0.E0));
#4256=AXIS2_PLACEMENT_3D('',#4253,#4254,#4255);
#4257=PLANE('',#4256);
#4258=ORIENTED_EDGE('',*,*,#4218,.T.);
#4259=ORIENTED_EDGE('',*,*,#4130,.T.);
#4260=ORIENTED_EDGE('',*,*,#3981,.F.);
#4262=ORIENTED_EDGE('',*,*,#4261,.F.);
#4263=EDGE_LOOP('',(#4258,#4259,#4260,#4262));
#4264=FACE_OUTER_BOUND('',#4263,.F.);
#4266=CARTESIAN_POINT('',(-5.184E0,-6.160023939208E0,4.868992375209E0));
#4267=DIRECTION('',(0.E0,0.E0,-1.E0));
#4268=DIRECTION('',(0.E0,1.E0,0.E0));
#4269=AXIS2_PLACEMENT_3D('',#4266,#4267,#4268);
#4270=PLANE('',#4269);
#4271=ORIENTED_EDGE('',*,*,#4030,.T.);
#4272=ORIENTED_EDGE('',*,*,#4117,.T.);
#4273=ORIENTED_EDGE('',*,*,#4150,.F.);
#4275=ORIENTED_EDGE('',*,*,#4274,.F.);
#4276=EDGE_LOOP('',(#4271,#4272,#4273,#4275));
#4277=FACE_OUTER_BOUND('',#4276,.F.);
#4279=CARTESIAN_POINT('',(4.065387618713E0,-6.160023939208E0,3.745E0));
#4280=DIRECTION('',(0.E0,-1.E0,0.E0));
#4281=DIRECTION('',(1.E0,0.E0,0.E0));
#4282=AXIS2_PLACEMENT_3D('',#4279,#4280,#4281);
#4283=PLANE('',#4282);
#4284=ORIENTED_EDGE('',*,*,#4189,.F.);
#4285=ORIENTED_EDGE('',*,*,#4220,.T.);
#4286=ORIENTED_EDGE('',*,*,#4261,.T.);
#4287=ORIENTED_EDGE('',*,*,#3979,.F.);
#4288=EDGE_LOOP('',(#4284,#4285,#4286,#4287));
#4289=FACE_OUTER_BOUND('',#4288,.F.);
#4291=CARTESIAN_POINT('',(-4.32E0,-6.160023939208E0,3.745E0));
#4292=DIRECTION('',(0.E0,-1.E0,0.E0));
#4293=DIRECTION('',(1.E0,0.E0,0.E0));
#4294=AXIS2_PLACEMENT_3D('',#4291,#4292,#4293);
#4295=PLANE('',#4294);
#4296=ORIENTED_EDGE('',*,*,#4202,.F.);
#4297=ORIENTED_EDGE('',*,*,#4032,.T.);
#4298=ORIENTED_EDGE('',*,*,#4274,.T.);
#4299=ORIENTED_EDGE('',*,*,#4148,.F.);
#4300=EDGE_LOOP('',(#4296,#4297,#4298,#4299));
#4301=FACE_OUTER_BOUND('',#4300,.F.);
#4303=CARTESIAN_POINT('',(3.935E0,-6.19E-1,3.745E0));
#4304=DIRECTION('',(3.712221041445E-1,9.285441020191E-1,0.E0));
#4305=DIRECTION('',(-9.285441020191E-1,3.712221041445E-1,0.E0));
#4306=AXIS2_PLACEMENT_3D('',#4303,#4304,#4305);
#4307=PLANE('',#4306);
#4308=ORIENTED_EDGE('',*,*,#3963,.F.);
#4309=ORIENTED_EDGE('',*,*,#4084,.T.);
#4310=ORIENTED_EDGE('',*,*,#3327,.F.);
#4311=ORIENTED_EDGE('',*,*,#3914,.F.);
#4312=EDGE_LOOP('',(#4308,#4309,#4310,#4311));
#4313=FACE_OUTER_BOUND('',#4312,.F.);
#4315=CARTESIAN_POINT('',(0.E0,0.E0,6.285E0));
#4316=DIRECTION('',(0.E0,0.E0,1.E0));
#4317=DIRECTION('',(1.E0,0.E0,0.E0));
#4318=AXIS2_PLACEMENT_3D('',#4315,#4316,#4317);
#4319=PLANE('',#4318);
#4321=ORIENTED_EDGE('',*,*,#4320,.F.);
#4323=ORIENTED_EDGE('',*,*,#4322,.T.);
#4324=ORIENTED_EDGE('',*,*,#3335,.F.);
#4326=ORIENTED_EDGE('',*,*,#4325,.T.);
#4328=ORIENTED_EDGE('',*,*,#4327,.F.);
#4330=ORIENTED_EDGE('',*,*,#4329,.T.);
#4332=ORIENTED_EDGE('',*,*,#4331,.T.);
#4334=ORIENTED_EDGE('',*,*,#4333,.T.);
#4335=EDGE_LOOP('',(#4321,#4323,#4324,#4326,#4328,#4330,#4332,#4334));
#4336=FACE_OUTER_BOUND('',#4335,.F.);
#4338=CARTESIAN_POINT('',(0.E0,0.E0,6.285E0));
#4339=DIRECTION('',(0.E0,0.E0,1.E0));
#4340=DIRECTION('',(1.E0,0.E0,0.E0));
#4341=AXIS2_PLACEMENT_3D('',#4338,#4339,#4340);
#4342=PLANE('',#4341);
#4344=ORIENTED_EDGE('',*,*,#4343,.F.);
#4346=ORIENTED_EDGE('',*,*,#4345,.T.);
#4348=ORIENTED_EDGE('',*,*,#4347,.T.);
#4350=ORIENTED_EDGE('',*,*,#4349,.T.);
#4352=ORIENTED_EDGE('',*,*,#4351,.F.);
#4354=ORIENTED_EDGE('',*,*,#4353,.T.);
#4355=ORIENTED_EDGE('',*,*,#3591,.F.);
#4357=ORIENTED_EDGE('',*,*,#4356,.T.);
#4358=EDGE_LOOP('',(#4344,#4346,#4348,#4350,#4352,#4354,#4355,#4357));
#4359=FACE_OUTER_BOUND('',#4358,.F.);
#4361=CARTESIAN_POINT('',(3.457957555996E0,-9.667608650665E-1,
5.016639238405E1));
#4362=DIRECTION('',(0.E0,0.E0,-1.E0));
#4363=DIRECTION('',(3.712221041445E-1,9.285441020191E-1,0.E0));
#4364=AXIS2_PLACEMENT_3D('',#4361,#4362,#4363);
#4365=CYLINDRICAL_SURFACE('',#4364,5.E-1);
#4366=ORIENTED_EDGE('',*,*,#4320,.T.);
#4368=ORIENTED_EDGE('',*,*,#4367,.F.);
#4370=ORIENTED_EDGE('',*,*,#4369,.T.);
#4372=ORIENTED_EDGE('',*,*,#4371,.T.);
#4373=EDGE_LOOP('',(#4366,#4368,#4370,#4372));
#4374=FACE_OUTER_BOUND('',#4373,.F.);
#4376=CARTESIAN_POINT('',(4.32E0,-6.160023939208E0,6.285E0));
#4377=DIRECTION('',(9.975948487503E-1,6.931462866478E-2,0.E0));
#4378=DIRECTION('',(-6.931462866478E-2,9.975948487503E-1,0.E0));
#4379=AXIS2_PLACEMENT_3D('',#4376,#4377,#4378);
#4380=PLANE('',#4379);
#4381=ORIENTED_EDGE('',*,*,#4367,.T.);
#4382=ORIENTED_EDGE('',*,*,#4333,.F.);
#4384=ORIENTED_EDGE('',*,*,#4383,.T.);
#4386=ORIENTED_EDGE('',*,*,#4385,.F.);
#4388=ORIENTED_EDGE('',*,*,#4387,.T.);
#4390=ORIENTED_EDGE('',*,*,#4389,.T.);
#4392=ORIENTED_EDGE('',*,*,#4391,.T.);
#4394=ORIENTED_EDGE('',*,*,#4393,.T.);
#4395=EDGE_LOOP('',(#4381,#4382,#4384,#4386,#4388,#4390,#4392,#4394));
#4396=FACE_OUTER_BOUND('',#4395,.F.);
#4398=CARTESIAN_POINT('',(-5.184E0,-1.840020384619E0,6.261007624791E0));
#4399=DIRECTION('',(0.E0,5.256948378438E-1,8.506732260183E-1));
#4400=DIRECTION('',(0.E0,-8.506732260183E-1,5.256948378438E-1));
#4401=AXIS2_PLACEMENT_3D('',#4398,#4399,#4400);
#4402=PLANE('',#4401);
#4403=ORIENTED_EDGE('',*,*,#4347,.F.);
#4405=ORIENTED_EDGE('',*,*,#4404,.T.);
#4407=ORIENTED_EDGE('',*,*,#4406,.T.);
#4409=ORIENTED_EDGE('',*,*,#4408,.F.);
#4410=EDGE_LOOP('',(#4403,#4405,#4407,#4409));
#4411=FACE_OUTER_BOUND('',#4410,.F.);
#4413=CARTESIAN_POINT('',(-5.184E0,-1.840020384619E0,6.261007624791E0));
#4414=DIRECTION('',(0.E0,5.256948378438E-1,8.506732260183E-1));
#4415=DIRECTION('',(0.E0,-8.506732260183E-1,5.256948378438E-1));
#4416=AXIS2_PLACEMENT_3D('',#4413,#4414,#4415);
#4417=PLANE('',#4416);
#4418=ORIENTED_EDGE('',*,*,#4331,.F.);
#4420=ORIENTED_EDGE('',*,*,#4419,.T.);
#4422=ORIENTED_EDGE('',*,*,#4421,.T.);
#4423=ORIENTED_EDGE('',*,*,#4383,.F.);
#4424=EDGE_LOOP('',(#4418,#4420,#4422,#4423));
#4425=FACE_OUTER_BOUND('',#4424,.F.);
#4427=CARTESIAN_POINT('',(-3.935E0,-6.19E-1,6.285E0));
#4428=DIRECTION('',(-9.975948487503E-1,6.931462866478E-2,0.E0));
#4429=DIRECTION('',(-6.931462866478E-2,-9.975948487503E-1,0.E0));
#4430=AXIS2_PLACEMENT_3D('',#4427,#4428,#4429);
#4431=PLANE('',#4430);
#4433=ORIENTED_EDGE('',*,*,#4432,.F.);
#4435=ORIENTED_EDGE('',*,*,#4434,.T.);
#4437=ORIENTED_EDGE('',*,*,#4436,.F.);
#4439=ORIENTED_EDGE('',*,*,#4438,.F.);
#4441=ORIENTED_EDGE('',*,*,#4440,.F.);
#4443=ORIENTED_EDGE('',*,*,#4442,.T.);
#4444=ORIENTED_EDGE('',*,*,#4404,.F.);
#4445=ORIENTED_EDGE('',*,*,#4345,.F.);
#4446=EDGE_LOOP('',(#4433,#4435,#4437,#4439,#4441,#4443,#4444,#4445));
#4447=FACE_OUTER_BOUND('',#4446,.F.);
#4449=CARTESIAN_POINT('',(-3.457957555996E0,-9.667608650665E-1,
5.410042441259E1));
#4450=DIRECTION('',(0.E0,0.E0,-1.E0));
#4451=DIRECTION('',(-9.975948487503E-1,6.931462866478E-2,0.E0));
#4452=AXIS2_PLACEMENT_3D('',#4449,#4450,#4451);
#4453=CYLINDRICAL_SURFACE('',#4452,5.E-1);
#4454=ORIENTED_EDGE('',*,*,#4343,.T.);
#4456=ORIENTED_EDGE('',*,*,#4455,.F.);
#4458=ORIENTED_EDGE('',*,*,#4457,.T.);
#4459=ORIENTED_EDGE('',*,*,#4432,.T.);
#4460=EDGE_LOOP('',(#4454,#4456,#4458,#4459));
#4461=FACE_OUTER_BOUND('',#4460,.F.);
#4463=CARTESIAN_POINT('',(-2.725483797091E0,-1.354482237686E-1,6.285E0));
#4464=DIRECTION('',(-3.712221041445E-1,9.285441020191E-1,0.E0));
#4465=DIRECTION('',(-9.285441020191E-1,-3.712221041445E-1,0.E0));
#4466=AXIS2_PLACEMENT_3D('',#4463,#4464,#4465);
#4467=PLANE('',#4466);
#4468=ORIENTED_EDGE('',*,*,#4455,.T.);
#4469=ORIENTED_EDGE('',*,*,#4356,.F.);
#4470=ORIENTED_EDGE('',*,*,#3597,.T.);
#4472=ORIENTED_EDGE('',*,*,#4471,.T.);
#4473=EDGE_LOOP('',(#4468,#4469,#4470,#4472));
#4474=FACE_OUTER_BOUND('',#4473,.F.);
#4476=CARTESIAN_POINT('',(0.E0,0.E0,7.935E0));
#4477=DIRECTION('',(0.E0,0.E0,1.E0));
#4478=DIRECTION('',(1.E0,0.E0,0.E0));
#4479=AXIS2_PLACEMENT_3D('',#4476,#4477,#4478);
#4480=PLANE('',#4479);
#4481=ORIENTED_EDGE('',*,*,#4369,.F.);
#4482=ORIENTED_EDGE('',*,*,#4393,.F.);
#4484=ORIENTED_EDGE('',*,*,#4483,.F.);
#4486=ORIENTED_EDGE('',*,*,#4485,.F.);
#4488=ORIENTED_EDGE('',*,*,#4487,.F.);
#4490=ORIENTED_EDGE('',*,*,#4489,.F.);
#4491=ORIENTED_EDGE('',*,*,#3339,.T.);
#4493=ORIENTED_EDGE('',*,*,#4492,.F.);
#4494=EDGE_LOOP('',(#4481,#4482,#4484,#4486,#4488,#4490,#4491,#4493));
#4495=FACE_OUTER_BOUND('',#4494,.F.);
#4497=CARTESIAN_POINT('',(0.E0,0.E0,7.935E0));
#4498=DIRECTION('',(0.E0,0.E0,1.E0));
#4499=DIRECTION('',(1.E0,0.E0,0.E0));
#4500=AXIS2_PLACEMENT_3D('',#4497,#4498,#4499);
#4501=PLANE('',#4500);
#4502=ORIENTED_EDGE('',*,*,#4457,.F.);
#4503=ORIENTED_EDGE('',*,*,#4471,.F.);
#4504=ORIENTED_EDGE('',*,*,#3595,.T.);
#4506=ORIENTED_EDGE('',*,*,#4505,.F.);
#4508=ORIENTED_EDGE('',*,*,#4507,.F.);
#4510=ORIENTED_EDGE('',*,*,#4509,.F.);
#4512=ORIENTED_EDGE('',*,*,#4511,.F.);
#4513=ORIENTED_EDGE('',*,*,#4434,.F.);
#4514=EDGE_LOOP('',(#4502,#4503,#4504,#4506,#4508,#4510,#4512,#4513));
#4515=FACE_OUTER_BOUND('',#4514,.F.);
#4517=CARTESIAN_POINT('',(-5.184E0,-2.730023939208E0,7.408992375209E0));
#4518=DIRECTION('',(0.E0,5.256948378438E-1,-8.506732260183E-1));
#4519=DIRECTION('',(0.E0,8.506732260183E-1,5.256948378438E-1));
#4520=AXIS2_PLACEMENT_3D('',#4517,#4518,#4519);
#4521=PLANE('',#4520);
#4522=ORIENTED_EDGE('',*,*,#4511,.T.);
#4524=ORIENTED_EDGE('',*,*,#4523,.F.);
#4526=ORIENTED_EDGE('',*,*,#4525,.F.);
#4527=ORIENTED_EDGE('',*,*,#4436,.T.);
#4528=EDGE_LOOP('',(#4522,#4524,#4526,#4527));
#4529=FACE_OUTER_BOUND('',#4528,.F.);
#4531=CARTESIAN_POINT('',(-5.184E0,-2.730023939208E0,7.408992375209E0));
#4532=DIRECTION('',(0.E0,5.256948378438E-1,-8.506732260183E-1));
#4533=DIRECTION('',(0.E0,8.506732260183E-1,5.256948378438E-1));
#4534=AXIS2_PLACEMENT_3D('',#4531,#4532,#4533);
#4535=PLANE('',#4534);
#4536=ORIENTED_EDGE('',*,*,#4483,.T.);
#4537=ORIENTED_EDGE('',*,*,#4391,.F.);
#4539=ORIENTED_EDGE('',*,*,#4538,.F.);
#4541=ORIENTED_EDGE('',*,*,#4540,.T.);
#4542=EDGE_LOOP('',(#4536,#4537,#4539,#4541));
#4543=FACE_OUTER_BOUND('',#4542,.F.);
#4545=CARTESIAN_POINT('',(-4.065387618713E0,-6.160023939208E0,6.285E0));
#4546=DIRECTION('',(9.975948487503E-1,-6.931462866478E-2,0.E0));
#4547=DIRECTION('',(6.931462866478E-2,9.975948487503E-1,0.E0));
#4548=AXIS2_PLACEMENT_3D('',#4545,#4546,#4547);
#4549=PLANE('',#4548);
#4551=ORIENTED_EDGE('',*,*,#4550,.F.);
#4552=ORIENTED_EDGE('',*,*,#4349,.F.);
#4553=ORIENTED_EDGE('',*,*,#4408,.T.);
#4555=ORIENTED_EDGE('',*,*,#4554,.F.);
#4557=ORIENTED_EDGE('',*,*,#4556,.T.);
#4559=ORIENTED_EDGE('',*,*,#4558,.T.);
#4560=ORIENTED_EDGE('',*,*,#4523,.T.);
#4561=ORIENTED_EDGE('',*,*,#4509,.T.);
#4562=EDGE_LOOP('',(#4551,#4552,#4553,#4555,#4557,#4559,#4560,#4561));
#4563=FACE_OUTER_BOUND('',#4562,.F.);
#4565=CARTESIAN_POINT('',(-3.215619994442E0,-1.143423384520E0,-3.526238E1));
#4566=DIRECTION('',(0.E0,0.E0,1.E0));
#4567=DIRECTION('',(-3.712221041445E-1,9.285441020191E-1,0.E0));
#4568=AXIS2_PLACEMENT_3D('',#4565,#4566,#4567);
#4569=CYLINDRICAL_SURFACE('',#4568,5.E-1);
#4571=ORIENTED_EDGE('',*,*,#4570,.F.);
#4572=ORIENTED_EDGE('',*,*,#4351,.T.);
#4573=ORIENTED_EDGE('',*,*,#4550,.T.);
#4574=ORIENTED_EDGE('',*,*,#4507,.T.);
#4575=EDGE_LOOP('',(#4571,#4572,#4573,#4574));
#4576=FACE_OUTER_BOUND('',#4575,.F.);
#4578=CARTESIAN_POINT('',(-3.692662438446E0,-7.956625194538E-1,6.285E0));
#4579=DIRECTION('',(3.712221041445E-1,-9.285441020191E-1,0.E0));
#4580=DIRECTION('',(9.285441020191E-1,3.712221041445E-1,0.E0));
#4581=AXIS2_PLACEMENT_3D('',#4578,#4579,#4580);
#4582=PLANE('',#4581);
#4583=ORIENTED_EDGE('',*,*,#4570,.T.);
#4584=ORIENTED_EDGE('',*,*,#4505,.T.);
#4585=ORIENTED_EDGE('',*,*,#3593,.F.);
#4586=ORIENTED_EDGE('',*,*,#4353,.F.);
#4587=EDGE_LOOP('',(#4583,#4584,#4585,#4586));
#4588=FACE_OUTER_BOUND('',#4587,.F.);
#4590=CARTESIAN_POINT('',(-5.184E0,-2.730023939208E0,6.811007624791E0));
#4591=DIRECTION('',(0.E0,0.E0,1.E0));
#4592=DIRECTION('',(0.E0,-1.E0,0.E0));
#4593=AXIS2_PLACEMENT_3D('',#4590,#4591,#4592);
#4594=PLANE('',#4593);
#4596=ORIENTED_EDGE('',*,*,#4595,.F.);
#4598=ORIENTED_EDGE('',*,*,#4597,.T.);
#4599=ORIENTED_EDGE('',*,*,#4385,.T.);
#4600=ORIENTED_EDGE('',*,*,#4421,.F.);
#4601=EDGE_LOOP('',(#4596,#4598,#4599,#4600));
#4602=FACE_OUTER_BOUND('',#4601,.F.);
#4604=CARTESIAN_POINT('',(-5.184E0,-2.730023939208E0,6.811007624791E0));
#4605=DIRECTION('',(0.E0,0.E0,1.E0));
#4606=DIRECTION('',(0.E0,-1.E0,0.E0));
#4607=AXIS2_PLACEMENT_3D('',#4604,#4605,#4606);
#4608=PLANE('',#4607);
#4609=ORIENTED_EDGE('',*,*,#4442,.F.);
#4611=ORIENTED_EDGE('',*,*,#4610,.T.);
#4612=ORIENTED_EDGE('',*,*,#4554,.T.);
#4613=ORIENTED_EDGE('',*,*,#4406,.F.);
#4614=EDGE_LOOP('',(#4609,#4611,#4612,#4613));
#4615=FACE_OUTER_BOUND('',#4614,.F.);
#4617=CARTESIAN_POINT('',(3.692662438446E0,-7.956625194538E-1,6.285E0));
#4618=DIRECTION('',(-9.975948487503E-1,-6.931462866478E-2,0.E0));
#4619=DIRECTION('',(6.931462866478E-2,-9.975948487503E-1,0.E0));
#4620=AXIS2_PLACEMENT_3D('',#4617,#4618,#4619);
#4621=PLANE('',#4620);
#4623=ORIENTED_EDGE('',*,*,#4622,.T.);
#4624=ORIENTED_EDGE('',*,*,#4485,.T.);
#4625=ORIENTED_EDGE('',*,*,#4540,.F.);
#4627=ORIENTED_EDGE('',*,*,#4626,.F.);
#4629=ORIENTED_EDGE('',*,*,#4628,.F.);
#4630=ORIENTED_EDGE('',*,*,#4595,.T.);
#4631=ORIENTED_EDGE('',*,*,#4419,.F.);
#4632=ORIENTED_EDGE('',*,*,#4329,.F.);
#4633=EDGE_LOOP('',(#4623,#4624,#4625,#4627,#4629,#4630,#4631,#4632));
#4634=FACE_OUTER_BOUND('',#4633,.F.);
#4636=CARTESIAN_POINT('',(3.215619994442E0,-1.143423384520E0,-3.526238E1));
#4637=DIRECTION('',(0.E0,0.E0,1.E0));
#4638=DIRECTION('',(9.975948487503E-1,6.931462866478E-2,0.E0));
#4639=AXIS2_PLACEMENT_3D('',#4636,#4637,#4638);
#4640=CYLINDRICAL_SURFACE('',#4639,5.E-1);
#4641=ORIENTED_EDGE('',*,*,#4622,.F.);
#4642=ORIENTED_EDGE('',*,*,#4327,.T.);
#4644=ORIENTED_EDGE('',*,*,#4643,.T.);
#4645=ORIENTED_EDGE('',*,*,#4487,.T.);
#4646=EDGE_LOOP('',(#4641,#4642,#4644,#4645));
#4647=FACE_OUTER_BOUND('',#4646,.F.);
#4649=CARTESIAN_POINT('',(2.749129966793E0,-4.184482237686E-1,6.285E0));
#4650=DIRECTION('',(-3.712221041445E-1,-9.285441020191E-1,0.E0));
#4651=DIRECTION('',(9.285441020191E-1,-3.712221041445E-1,0.E0));
#4652=AXIS2_PLACEMENT_3D('',#4649,#4650,#4651);
#4653=PLANE('',#4652);
#4654=ORIENTED_EDGE('',*,*,#4643,.F.);
#4655=ORIENTED_EDGE('',*,*,#4325,.F.);
#4656=ORIENTED_EDGE('',*,*,#3341,.T.);
#4657=ORIENTED_EDGE('',*,*,#4489,.T.);
#4658=EDGE_LOOP('',(#4654,#4655,#4656,#4657));
#4659=FACE_OUTER_BOUND('',#4658,.F.);
#4661=CARTESIAN_POINT('',(-5.184E0,-6.160023939208E0,7.408992375209E0));
#4662=DIRECTION('',(0.E0,0.E0,-1.E0));
#4663=DIRECTION('',(0.E0,1.E0,0.E0));
#4664=AXIS2_PLACEMENT_3D('',#4661,#4662,#4663);
#4665=PLANE('',#4664);
#4666=ORIENTED_EDGE('',*,*,#4626,.T.);
#4667=ORIENTED_EDGE('',*,*,#4538,.T.);
#4668=ORIENTED_EDGE('',*,*,#4389,.F.);
#4670=ORIENTED_EDGE('',*,*,#4669,.F.);
#4671=EDGE_LOOP('',(#4666,#4667,#4668,#4670));
#4672=FACE_OUTER_BOUND('',#4671,.F.);
#4674=CARTESIAN_POINT('',(-5.184E0,-6.160023939208E0,7.408992375209E0));
#4675=DIRECTION('',(0.E0,0.E0,-1.E0));
#4676=DIRECTION('',(0.E0,1.E0,0.E0));
#4677=AXIS2_PLACEMENT_3D('',#4674,#4675,#4676);
#4678=PLANE('',#4677);
#4679=ORIENTED_EDGE('',*,*,#4438,.T.);
#4680=ORIENTED_EDGE('',*,*,#4525,.T.);
#4681=ORIENTED_EDGE('',*,*,#4558,.F.);
#4683=ORIENTED_EDGE('',*,*,#4682,.F.);
#4684=EDGE_LOOP('',(#4679,#4680,#4681,#4683));
#4685=FACE_OUTER_BOUND('',#4684,.F.);
#4687=CARTESIAN_POINT('',(4.065387618713E0,-6.160023939208E0,6.285E0));
#4688=DIRECTION('',(0.E0,-1.E0,0.E0));
#4689=DIRECTION('',(1.E0,0.E0,0.E0));
#4690=AXIS2_PLACEMENT_3D('',#4687,#4688,#4689);
#4691=PLANE('',#4690);
#4692=ORIENTED_EDGE('',*,*,#4597,.F.);
#4693=ORIENTED_EDGE('',*,*,#4628,.T.);
#4694=ORIENTED_EDGE('',*,*,#4669,.T.);
#4695=ORIENTED_EDGE('',*,*,#4387,.F.);
#4696=EDGE_LOOP('',(#4692,#4693,#4694,#4695));
#4697=FACE_OUTER_BOUND('',#4696,.F.);
#4699=CARTESIAN_POINT('',(-4.32E0,-6.160023939208E0,6.285E0));
#4700=DIRECTION('',(0.E0,-1.E0,0.E0));
#4701=DIRECTION('',(1.E0,0.E0,0.E0));
#4702=AXIS2_PLACEMENT_3D('',#4699,#4700,#4701);
#4703=PLANE('',#4702);
#4704=ORIENTED_EDGE('',*,*,#4610,.F.);
#4705=ORIENTED_EDGE('',*,*,#4440,.T.);
#4706=ORIENTED_EDGE('',*,*,#4682,.T.);
#4707=ORIENTED_EDGE('',*,*,#4556,.F.);
#4708=EDGE_LOOP('',(#4704,#4705,#4706,#4707));
#4709=FACE_OUTER_BOUND('',#4708,.F.);
#4711=CARTESIAN_POINT('',(3.935E0,-6.19E-1,6.285E0));
#4712=DIRECTION('',(3.712221041445E-1,9.285441020191E-1,0.E0));
#4713=DIRECTION('',(-9.285441020191E-1,3.712221041445E-1,0.E0));
#4714=AXIS2_PLACEMENT_3D('',#4711,#4712,#4713);
#4715=PLANE('',#4714);
#4716=ORIENTED_EDGE('',*,*,#4371,.F.);
#4717=ORIENTED_EDGE('',*,*,#4492,.T.);
#4718=ORIENTED_EDGE('',*,*,#3337,.F.);
#4719=ORIENTED_EDGE('',*,*,#4322,.F.);
#4720=EDGE_LOOP('',(#4716,#4717,#4718,#4719));
#4721=FACE_OUTER_BOUND('',#4720,.F.);
#4723=CARTESIAN_POINT('',(0.E0,0.E0,8.825E0));
#4724=DIRECTION('',(0.E0,0.E0,1.E0));
#4725=DIRECTION('',(1.E0,0.E0,0.E0));
#4726=AXIS2_PLACEMENT_3D('',#4723,#4724,#4725);
#4727=PLANE('',#4726);
#4729=ORIENTED_EDGE('',*,*,#4728,.F.);
#4731=ORIENTED_EDGE('',*,*,#4730,.T.);
#4732=ORIENTED_EDGE('',*,*,#3345,.F.);
#4734=ORIENTED_EDGE('',*,*,#4733,.T.);
#4736=ORIENTED_EDGE('',*,*,#4735,.F.);
#4738=ORIENTED_EDGE('',*,*,#4737,.T.);
#4740=ORIENTED_EDGE('',*,*,#4739,.T.);
#4742=ORIENTED_EDGE('',*,*,#4741,.T.);
#4743=EDGE_LOOP('',(#4729,#4731,#4732,#4734,#4736,#4738,#4740,#4742));
#4744=FACE_OUTER_BOUND('',#4743,.F.);
#4746=CARTESIAN_POINT('',(0.E0,0.E0,8.825E0));
#4747=DIRECTION('',(0.E0,0.E0,1.E0));
#4748=DIRECTION('',(1.E0,0.E0,0.E0));
#4749=AXIS2_PLACEMENT_3D('',#4746,#4747,#4748);
#4750=PLANE('',#4749);
#4752=ORIENTED_EDGE('',*,*,#4751,.F.);
#4754=ORIENTED_EDGE('',*,*,#4753,.T.);
#4756=ORIENTED_EDGE('',*,*,#4755,.T.);
#4758=ORIENTED_EDGE('',*,*,#4757,.T.);
#4760=ORIENTED_EDGE('',*,*,#4759,.F.);
#4762=ORIENTED_EDGE('',*,*,#4761,.T.);
#4763=ORIENTED_EDGE('',*,*,#3601,.F.);
#4765=ORIENTED_EDGE('',*,*,#4764,.T.);
#4766=EDGE_LOOP('',(#4752,#4754,#4756,#4758,#4760,#4762,#4763,#4765));
#4767=FACE_OUTER_BOUND('',#4766,.F.);
#4769=CARTESIAN_POINT('',(3.457957555996E0,-9.667608650665E-1,
4.768723782353E1));
#4770=DIRECTION('',(0.E0,0.E0,-1.E0));
#4771=DIRECTION('',(3.712221041445E-1,9.285441020191E-1,0.E0));
#4772=AXIS2_PLACEMENT_3D('',#4769,#4770,#4771);
#4773=CYLINDRICAL_SURFACE('',#4772,5.E-1);
#4774=ORIENTED_EDGE('',*,*,#4728,.T.);
#4776=ORIENTED_EDGE('',*,*,#4775,.F.);
#4778=ORIENTED_EDGE('',*,*,#4777,.T.);
#4780=ORIENTED_EDGE('',*,*,#4779,.T.);
#4781=EDGE_LOOP('',(#4774,#4776,#4778,#4780));
#4782=FACE_OUTER_BOUND('',#4781,.F.);
#4784=CARTESIAN_POINT('',(4.32E0,-6.160023939208E0,8.825E0));
#4785=DIRECTION('',(9.975948487503E-1,6.931462866478E-2,0.E0));
#4786=DIRECTION('',(-6.931462866478E-2,9.975948487503E-1,0.E0));
#4787=AXIS2_PLACEMENT_3D('',#4784,#4785,#4786);
#4788=PLANE('',#4787);
#4789=ORIENTED_EDGE('',*,*,#4775,.T.);
#4790=ORIENTED_EDGE('',*,*,#4741,.F.);
#4792=ORIENTED_EDGE('',*,*,#4791,.T.);
#4794=ORIENTED_EDGE('',*,*,#4793,.F.);
#4796=ORIENTED_EDGE('',*,*,#4795,.T.);
#4798=ORIENTED_EDGE('',*,*,#4797,.T.);
#4800=ORIENTED_EDGE('',*,*,#4799,.T.);
#4802=ORIENTED_EDGE('',*,*,#4801,.T.);
#4803=EDGE_LOOP('',(#4789,#4790,#4792,#4794,#4796,#4798,#4800,#4802));
#4804=FACE_OUTER_BOUND('',#4803,.F.);
#4806=CARTESIAN_POINT('',(-5.184E0,-1.840020384619E0,8.801007624791E0));
#4807=DIRECTION('',(0.E0,5.256948378438E-1,8.506732260183E-1));
#4808=DIRECTION('',(0.E0,-8.506732260183E-1,5.256948378438E-1));
#4809=AXIS2_PLACEMENT_3D('',#4806,#4807,#4808);
#4810=PLANE('',#4809);
#4811=ORIENTED_EDGE('',*,*,#4755,.F.);
#4813=ORIENTED_EDGE('',*,*,#4812,.T.);
#4815=ORIENTED_EDGE('',*,*,#4814,.T.);
#4817=ORIENTED_EDGE('',*,*,#4816,.F.);
#4818=EDGE_LOOP('',(#4811,#4813,#4815,#4817));
#4819=FACE_OUTER_BOUND('',#4818,.F.);
#4821=CARTESIAN_POINT('',(-5.184E0,-1.840020384619E0,8.801007624791E0));
#4822=DIRECTION('',(0.E0,5.256948378438E-1,8.506732260183E-1));
#4823=DIRECTION('',(0.E0,-8.506732260183E-1,5.256948378438E-1));
#4824=AXIS2_PLACEMENT_3D('',#4821,#4822,#4823);
#4825=PLANE('',#4824);
#4826=ORIENTED_EDGE('',*,*,#4739,.F.);
#4828=ORIENTED_EDGE('',*,*,#4827,.T.);
#4830=ORIENTED_EDGE('',*,*,#4829,.T.);
#4831=ORIENTED_EDGE('',*,*,#4791,.F.);
#4832=EDGE_LOOP('',(#4826,#4828,#4830,#4831));
#4833=FACE_OUTER_BOUND('',#4832,.F.);
#4835=CARTESIAN_POINT('',(-3.935E0,-6.19E-1,8.825E0));
#4836=DIRECTION('',(-9.975948487503E-1,6.931462866478E-2,0.E0));
#4837=DIRECTION('',(-6.931462866478E-2,-9.975948487503E-1,0.E0));
#4838=AXIS2_PLACEMENT_3D('',#4835,#4836,#4837);
#4839=PLANE('',#4838);
#4841=ORIENTED_EDGE('',*,*,#4840,.F.);
#4843=ORIENTED_EDGE('',*,*,#4842,.T.);
#4845=ORIENTED_EDGE('',*,*,#4844,.F.);
#4847=ORIENTED_EDGE('',*,*,#4846,.F.);
#4849=ORIENTED_EDGE('',*,*,#4848,.F.);
#4851=ORIENTED_EDGE('',*,*,#4850,.T.);
#4852=ORIENTED_EDGE('',*,*,#4812,.F.);
#4853=ORIENTED_EDGE('',*,*,#4753,.F.);
#4854=EDGE_LOOP('',(#4841,#4843,#4845,#4847,#4849,#4851,#4852,#4853));
#4855=FACE_OUTER_BOUND('',#4854,.F.);
#4857=CARTESIAN_POINT('',(-3.457957555996E0,-9.667608650665E-1,
5.210743663238E1));
#4858=DIRECTION('',(0.E0,0.E0,-1.E0));
#4859=DIRECTION('',(-9.975948487503E-1,6.931462866478E-2,0.E0));
#4860=AXIS2_PLACEMENT_3D('',#4857,#4858,#4859);
#4861=CYLINDRICAL_SURFACE('',#4860,5.E-1);
#4862=ORIENTED_EDGE('',*,*,#4751,.T.);
#4864=ORIENTED_EDGE('',*,*,#4863,.F.);
#4866=ORIENTED_EDGE('',*,*,#4865,.T.);
#4867=ORIENTED_EDGE('',*,*,#4840,.T.);
#4868=EDGE_LOOP('',(#4862,#4864,#4866,#4867));
#4869=FACE_OUTER_BOUND('',#4868,.F.);
#4871=CARTESIAN_POINT('',(-2.725483797091E0,-1.354482237686E-1,8.825E0));
#4872=DIRECTION('',(-3.712221041445E-1,9.285441020191E-1,0.E0));
#4873=DIRECTION('',(-9.285441020191E-1,-3.712221041445E-1,0.E0));
#4874=AXIS2_PLACEMENT_3D('',#4871,#4872,#4873);
#4875=PLANE('',#4874);
#4876=ORIENTED_EDGE('',*,*,#4863,.T.);
#4877=ORIENTED_EDGE('',*,*,#4764,.F.);
#4878=ORIENTED_EDGE('',*,*,#3607,.T.);
#4880=ORIENTED_EDGE('',*,*,#4879,.T.);
#4881=EDGE_LOOP('',(#4876,#4877,#4878,#4880));
#4882=FACE_OUTER_BOUND('',#4881,.F.);
#4884=CARTESIAN_POINT('',(0.E0,0.E0,1.0475E1));
#4885=DIRECTION('',(0.E0,0.E0,1.E0));
#4886=DIRECTION('',(1.E0,0.E0,0.E0));
#4887=AXIS2_PLACEMENT_3D('',#4884,#4885,#4886);
#4888=PLANE('',#4887);
#4889=ORIENTED_EDGE('',*,*,#4777,.F.);
#4890=ORIENTED_EDGE('',*,*,#4801,.F.);
#4892=ORIENTED_EDGE('',*,*,#4891,.F.);
#4894=ORIENTED_EDGE('',*,*,#4893,.F.);
#4896=ORIENTED_EDGE('',*,*,#4895,.F.);
#4898=ORIENTED_EDGE('',*,*,#4897,.F.);
#4899=ORIENTED_EDGE('',*,*,#3349,.T.);
#4901=ORIENTED_EDGE('',*,*,#4900,.F.);
#4902=EDGE_LOOP('',(#4889,#4890,#4892,#4894,#4896,#4898,#4899,#4901));
#4903=FACE_OUTER_BOUND('',#4902,.F.);
#4905=CARTESIAN_POINT('',(0.E0,0.E0,1.0475E1));
#4906=DIRECTION('',(0.E0,0.E0,1.E0));
#4907=DIRECTION('',(1.E0,0.E0,0.E0));
#4908=AXIS2_PLACEMENT_3D('',#4905,#4906,#4907);
#4909=PLANE('',#4908);
#4910=ORIENTED_EDGE('',*,*,#4865,.F.);
#4911=ORIENTED_EDGE('',*,*,#4879,.F.);
#4912=ORIENTED_EDGE('',*,*,#3605,.T.);
#4914=ORIENTED_EDGE('',*,*,#4913,.F.);
#4916=ORIENTED_EDGE('',*,*,#4915,.F.);
#4918=ORIENTED_EDGE('',*,*,#4917,.F.);
#4920=ORIENTED_EDGE('',*,*,#4919,.F.);
#4921=ORIENTED_EDGE('',*,*,#4842,.F.);
#4922=EDGE_LOOP('',(#4910,#4911,#4912,#4914,#4916,#4918,#4920,#4921));
#4923=FACE_OUTER_BOUND('',#4922,.F.);
#4925=CARTESIAN_POINT('',(-5.184E0,-2.730023939208E0,9.948992375209E0));
#4926=DIRECTION('',(0.E0,5.256948378438E-1,-8.506732260183E-1));
#4927=DIRECTION('',(0.E0,8.506732260183E-1,5.256948378438E-1));
#4928=AXIS2_PLACEMENT_3D('',#4925,#4926,#4927);
#4929=PLANE('',#4928);
#4930=ORIENTED_EDGE('',*,*,#4919,.T.);
#4932=ORIENTED_EDGE('',*,*,#4931,.F.);
#4934=ORIENTED_EDGE('',*,*,#4933,.F.);
#4935=ORIENTED_EDGE('',*,*,#4844,.T.);
#4936=EDGE_LOOP('',(#4930,#4932,#4934,#4935));
#4937=FACE_OUTER_BOUND('',#4936,.F.);
#4939=CARTESIAN_POINT('',(-5.184E0,-2.730023939208E0,9.948992375209E0));
#4940=DIRECTION('',(0.E0,5.256948378438E-1,-8.506732260183E-1));
#4941=DIRECTION('',(0.E0,8.506732260183E-1,5.256948378438E-1));
#4942=AXIS2_PLACEMENT_3D('',#4939,#4940,#4941);
#4943=PLANE('',#4942);
#4944=ORIENTED_EDGE('',*,*,#4891,.T.);
#4945=ORIENTED_EDGE('',*,*,#4799,.F.);
#4947=ORIENTED_EDGE('',*,*,#4946,.F.);
#4949=ORIENTED_EDGE('',*,*,#4948,.T.);
#4950=EDGE_LOOP('',(#4944,#4945,#4947,#4949));
#4951=FACE_OUTER_BOUND('',#4950,.F.);
#4953=CARTESIAN_POINT('',(-4.065387618713E0,-6.160023939208E0,8.825E0));
#4954=DIRECTION('',(9.975948487503E-1,-6.931462866478E-2,0.E0));
#4955=DIRECTION('',(6.931462866478E-2,9.975948487503E-1,0.E0));
#4956=AXIS2_PLACEMENT_3D('',#4953,#4954,#4955);
#4957=PLANE('',#4956);
#4959=ORIENTED_EDGE('',*,*,#4958,.F.);
#4960=ORIENTED_EDGE('',*,*,#4757,.F.);
#4961=ORIENTED_EDGE('',*,*,#4816,.T.);
#4963=ORIENTED_EDGE('',*,*,#4962,.F.);
#4965=ORIENTED_EDGE('',*,*,#4964,.T.);
#4967=ORIENTED_EDGE('',*,*,#4966,.T.);
#4968=ORIENTED_EDGE('',*,*,#4931,.T.);
#4969=ORIENTED_EDGE('',*,*,#4917,.T.);
#4970=EDGE_LOOP('',(#4959,#4960,#4961,#4963,#4965,#4967,#4968,#4969));
#4971=FACE_OUTER_BOUND('',#4970,.F.);
#4973=CARTESIAN_POINT('',(-3.215619994442E0,-1.143423384520E0,
-3.262769154653E1));
#4974=DIRECTION('',(0.E0,0.E0,1.E0));
#4975=DIRECTION('',(-3.712221041445E-1,9.285441020191E-1,0.E0));
#4976=AXIS2_PLACEMENT_3D('',#4973,#4974,#4975);
#4977=CYLINDRICAL_SURFACE('',#4976,5.E-1);
#4979=ORIENTED_EDGE('',*,*,#4978,.F.);
#4980=ORIENTED_EDGE('',*,*,#4759,.T.);
#4981=ORIENTED_EDGE('',*,*,#4958,.T.);
#4982=ORIENTED_EDGE('',*,*,#4915,.T.);
#4983=EDGE_LOOP('',(#4979,#4980,#4981,#4982));
#4984=FACE_OUTER_BOUND('',#4983,.F.);
#4986=CARTESIAN_POINT('',(-3.692662438446E0,-7.956625194538E-1,8.825E0));
#4987=DIRECTION('',(3.712221041445E-1,-9.285441020191E-1,0.E0));
#4988=DIRECTION('',(9.285441020191E-1,3.712221041445E-1,0.E0));
#4989=AXIS2_PLACEMENT_3D('',#4986,#4987,#4988);
#4990=PLANE('',#4989);
#4991=ORIENTED_EDGE('',*,*,#4978,.T.);
#4992=ORIENTED_EDGE('',*,*,#4913,.T.);
#4993=ORIENTED_EDGE('',*,*,#3603,.F.);
#4994=ORIENTED_EDGE('',*,*,#4761,.F.);
#4995=EDGE_LOOP('',(#4991,#4992,#4993,#4994));
#4996=FACE_OUTER_BOUND('',#4995,.F.);
#4998=CARTESIAN_POINT('',(-5.184E0,-2.730023939208E0,9.351007624791E0));
#4999=DIRECTION('',(0.E0,0.E0,1.E0));
#5000=DIRECTION('',(0.E0,-1.E0,0.E0));
#5001=AXIS2_PLACEMENT_3D('',#4998,#4999,#5000);
#5002=PLANE('',#5001);
#5004=ORIENTED_EDGE('',*,*,#5003,.F.);
#5006=ORIENTED_EDGE('',*,*,#5005,.T.);
#5007=ORIENTED_EDGE('',*,*,#4793,.T.);
#5008=ORIENTED_EDGE('',*,*,#4829,.F.);
#5009=EDGE_LOOP('',(#5004,#5006,#5007,#5008));
#5010=FACE_OUTER_BOUND('',#5009,.F.);
#5012=CARTESIAN_POINT('',(-5.184E0,-2.730023939208E0,9.351007624791E0));
#5013=DIRECTION('',(0.E0,0.E0,1.E0));
#5014=DIRECTION('',(0.E0,-1.E0,0.E0));
#5015=AXIS2_PLACEMENT_3D('',#5012,#5013,#5014);
#5016=PLANE('',#5015);
#5017=ORIENTED_EDGE('',*,*,#4850,.F.);
#5019=ORIENTED_EDGE('',*,*,#5018,.T.);
#5020=ORIENTED_EDGE('',*,*,#4962,.T.);
#5021=ORIENTED_EDGE('',*,*,#4814,.F.);
#5022=EDGE_LOOP('',(#5017,#5019,#5020,#5021));
#5023=FACE_OUTER_BOUND('',#5022,.F.);
#5025=CARTESIAN_POINT('',(3.692662438446E0,-7.956625194538E-1,8.825E0));
#5026=DIRECTION('',(-9.975948487503E-1,-6.931462866478E-2,0.E0));
#5027=DIRECTION('',(6.931462866478E-2,-9.975948487503E-1,0.E0));
#5028=AXIS2_PLACEMENT_3D('',#5025,#5026,#5027);
#5029=PLANE('',#5028);
#5031=ORIENTED_EDGE('',*,*,#5030,.T.);
#5032=ORIENTED_EDGE('',*,*,#4893,.T.);
#5033=ORIENTED_EDGE('',*,*,#4948,.F.);
#5035=ORIENTED_EDGE('',*,*,#5034,.F.);
#5037=ORIENTED_EDGE('',*,*,#5036,.F.);
#5038=ORIENTED_EDGE('',*,*,#5003,.T.);
#5039=ORIENTED_EDGE('',*,*,#4827,.F.);
#5040=ORIENTED_EDGE('',*,*,#4737,.F.);
#5041=EDGE_LOOP('',(#5031,#5032,#5033,#5035,#5037,#5038,#5039,#5040));
#5042=FACE_OUTER_BOUND('',#5041,.F.);
#5044=CARTESIAN_POINT('',(3.215619994442E0,-1.143423384520E0,
-2.843934264792E1));
#5045=DIRECTION('',(0.E0,0.E0,1.E0));
#5046=DIRECTION('',(9.975948487503E-1,6.931462866478E-2,0.E0));
#5047=AXIS2_PLACEMENT_3D('',#5044,#5045,#5046);
#5048=CYLINDRICAL_SURFACE('',#5047,5.E-1);
#5049=ORIENTED_EDGE('',*,*,#5030,.F.);
#5050=ORIENTED_EDGE('',*,*,#4735,.T.);
#5052=ORIENTED_EDGE('',*,*,#5051,.T.);
#5053=ORIENTED_EDGE('',*,*,#4895,.T.);
#5054=EDGE_LOOP('',(#5049,#5050,#5052,#5053));
#5055=FACE_OUTER_BOUND('',#5054,.F.);
#5057=CARTESIAN_POINT('',(2.749129966793E0,-4.184482237686E-1,8.825E0));
#5058=DIRECTION('',(-3.712221041445E-1,-9.285441020191E-1,0.E0));
#5059=DIRECTION('',(9.285441020191E-1,-3.712221041445E-1,0.E0));
#5060=AXIS2_PLACEMENT_3D('',#5057,#5058,#5059);
#5061=PLANE('',#5060);
#5062=ORIENTED_EDGE('',*,*,#5051,.F.);
#5063=ORIENTED_EDGE('',*,*,#4733,.F.);
#5064=ORIENTED_EDGE('',*,*,#3351,.T.);
#5065=ORIENTED_EDGE('',*,*,#4897,.T.);
#5066=EDGE_LOOP('',(#5062,#5063,#5064,#5065));
#5067=FACE_OUTER_BOUND('',#5066,.F.);
#5069=CARTESIAN_POINT('',(-5.184E0,-6.160023939208E0,9.948992375209E0));
#5070=DIRECTION('',(0.E0,0.E0,-1.E0));
#5071=DIRECTION('',(0.E0,1.E0,0.E0));
#5072=AXIS2_PLACEMENT_3D('',#5069,#5070,#5071);
#5073=PLANE('',#5072);
#5074=ORIENTED_EDGE('',*,*,#5034,.T.);
#5075=ORIENTED_EDGE('',*,*,#4946,.T.);
#5076=ORIENTED_EDGE('',*,*,#4797,.F.);
#5078=ORIENTED_EDGE('',*,*,#5077,.F.);
#5079=EDGE_LOOP('',(#5074,#5075,#5076,#5078));
#5080=FACE_OUTER_BOUND('',#5079,.F.);
#5082=CARTESIAN_POINT('',(-5.184E0,-6.160023939208E0,9.948992375209E0));
#5083=DIRECTION('',(0.E0,0.E0,-1.E0));
#5084=DIRECTION('',(0.E0,1.E0,0.E0));
#5085=AXIS2_PLACEMENT_3D('',#5082,#5083,#5084);
#5086=PLANE('',#5085);
#5087=ORIENTED_EDGE('',*,*,#4846,.T.);
#5088=ORIENTED_EDGE('',*,*,#4933,.T.);
#5089=ORIENTED_EDGE('',*,*,#4966,.F.);
#5091=ORIENTED_EDGE('',*,*,#5090,.F.);
#5092=EDGE_LOOP('',(#5087,#5088,#5089,#5091));
#5093=FACE_OUTER_BOUND('',#5092,.F.);
#5095=CARTESIAN_POINT('',(4.065387618713E0,-6.160023939208E0,8.825E0));
#5096=DIRECTION('',(0.E0,-1.E0,0.E0));
#5097=DIRECTION('',(1.E0,0.E0,0.E0));
#5098=AXIS2_PLACEMENT_3D('',#5095,#5096,#5097);
#5099=PLANE('',#5098);
#5100=ORIENTED_EDGE('',*,*,#5005,.F.);
#5101=ORIENTED_EDGE('',*,*,#5036,.T.);
#5102=ORIENTED_EDGE('',*,*,#5077,.T.);
#5103=ORIENTED_EDGE('',*,*,#4795,.F.);
#5104=EDGE_LOOP('',(#5100,#5101,#5102,#5103));
#5105=FACE_OUTER_BOUND('',#5104,.F.);
#5107=CARTESIAN_POINT('',(-4.32E0,-6.160023939208E0,8.825E0));
#5108=DIRECTION('',(0.E0,-1.E0,0.E0));
#5109=DIRECTION('',(1.E0,0.E0,0.E0));
#5110=AXIS2_PLACEMENT_3D('',#5107,#5108,#5109);
#5111=PLANE('',#5110);
#5112=ORIENTED_EDGE('',*,*,#5018,.F.);
#5113=ORIENTED_EDGE('',*,*,#4848,.T.);
#5114=ORIENTED_EDGE('',*,*,#5090,.T.);
#5115=ORIENTED_EDGE('',*,*,#4964,.F.);
#5116=EDGE_LOOP('',(#5112,#5113,#5114,#5115));
#5117=FACE_OUTER_BOUND('',#5116,.F.);
#5119=CARTESIAN_POINT('',(3.935E0,-6.19E-1,8.825E0));
#5120=DIRECTION('',(3.712221041445E-1,9.285441020191E-1,0.E0));
#5121=DIRECTION('',(-9.285441020191E-1,3.712221041445E-1,0.E0));
#5122=AXIS2_PLACEMENT_3D('',#5119,#5120,#5121);
#5123=PLANE('',#5122);
#5124=ORIENTED_EDGE('',*,*,#4779,.F.);
#5125=ORIENTED_EDGE('',*,*,#4900,.T.);
#5126=ORIENTED_EDGE('',*,*,#3347,.F.);
#5127=ORIENTED_EDGE('',*,*,#4730,.F.);
#5128=EDGE_LOOP('',(#5124,#5125,#5126,#5127));
#5129=FACE_OUTER_BOUND('',#5128,.F.);
#5131=CARTESIAN_POINT('',(0.E0,0.E0,1.1365E1));
#5132=DIRECTION('',(0.E0,0.E0,1.E0));
#5133=DIRECTION('',(1.E0,0.E0,0.E0));
#5134=AXIS2_PLACEMENT_3D('',#5131,#5132,#5133);
#5135=PLANE('',#5134);
#5137=ORIENTED_EDGE('',*,*,#5136,.F.);
#5139=ORIENTED_EDGE('',*,*,#5138,.T.);
#5140=ORIENTED_EDGE('',*,*,#3355,.F.);
#5142=ORIENTED_EDGE('',*,*,#5141,.T.);
#5144=ORIENTED_EDGE('',*,*,#5143,.F.);
#5146=ORIENTED_EDGE('',*,*,#5145,.T.);
#5148=ORIENTED_EDGE('',*,*,#5147,.T.);
#5150=ORIENTED_EDGE('',*,*,#5149,.T.);
#5151=EDGE_LOOP('',(#5137,#5139,#5140,#5142,#5144,#5146,#5148,#5150));
#5152=FACE_OUTER_BOUND('',#5151,.F.);
#5154=CARTESIAN_POINT('',(0.E0,0.E0,1.1365E1));
#5155=DIRECTION('',(0.E0,0.E0,1.E0));
#5156=DIRECTION('',(1.E0,0.E0,0.E0));
#5157=AXIS2_PLACEMENT_3D('',#5154,#5155,#5156);
#5158=PLANE('',#5157);
#5160=ORIENTED_EDGE('',*,*,#5159,.F.);
#5162=ORIENTED_EDGE('',*,*,#5161,.T.);
#5164=ORIENTED_EDGE('',*,*,#5163,.T.);
#5166=ORIENTED_EDGE('',*,*,#5165,.T.);
#5168=ORIENTED_EDGE('',*,*,#5167,.F.);
#5170=ORIENTED_EDGE('',*,*,#5169,.T.);
#5171=ORIENTED_EDGE('',*,*,#3611,.F.);
#5173=ORIENTED_EDGE('',*,*,#5172,.T.);
#5174=EDGE_LOOP('',(#5160,#5162,#5164,#5166,#5168,#5170,#5171,#5173));
#5175=FACE_OUTER_BOUND('',#5174,.F.);
#5177=CARTESIAN_POINT('',(3.457957555996E0,-9.667608650665E-1,
4.752082542495E1));
#5178=DIRECTION('',(0.E0,0.E0,-1.E0));
#5179=DIRECTION('',(3.712221041445E-1,9.285441020191E-1,0.E0));
#5180=AXIS2_PLACEMENT_3D('',#5177,#5178,#5179);
#5181=CYLINDRICAL_SURFACE('',#5180,5.E-1);
#5182=ORIENTED_EDGE('',*,*,#5136,.T.);
#5184=ORIENTED_EDGE('',*,*,#5183,.F.);
#5186=ORIENTED_EDGE('',*,*,#5185,.T.);
#5188=ORIENTED_EDGE('',*,*,#5187,.T.);
#5189=EDGE_LOOP('',(#5182,#5184,#5186,#5188));
#5190=FACE_OUTER_BOUND('',#5189,.F.);
#5192=CARTESIAN_POINT('',(4.32E0,-6.160023939208E0,1.1365E1));
#5193=DIRECTION('',(9.975948487503E-1,6.931462866478E-2,0.E0));
#5194=DIRECTION('',(-6.931462866478E-2,9.975948487503E-1,0.E0));
#5195=AXIS2_PLACEMENT_3D('',#5192,#5193,#5194);
#5196=PLANE('',#5195);
#5197=ORIENTED_EDGE('',*,*,#5183,.T.);
#5198=ORIENTED_EDGE('',*,*,#5149,.F.);
#5200=ORIENTED_EDGE('',*,*,#5199,.T.);
#5202=ORIENTED_EDGE('',*,*,#5201,.F.);
#5204=ORIENTED_EDGE('',*,*,#5203,.T.);
#5206=ORIENTED_EDGE('',*,*,#5205,.T.);
#5208=ORIENTED_EDGE('',*,*,#5207,.T.);
#5210=ORIENTED_EDGE('',*,*,#5209,.T.);
#5211=EDGE_LOOP('',(#5197,#5198,#5200,#5202,#5204,#5206,#5208,#5210));
#5212=FACE_OUTER_BOUND('',#5211,.F.);
#5214=CARTESIAN_POINT('',(-5.184E0,-1.840020384619E0,1.134100762479E1));
#5215=DIRECTION('',(0.E0,5.256948378438E-1,8.506732260183E-1));
#5216=DIRECTION('',(0.E0,-8.506732260183E-1,5.256948378438E-1));
#5217=AXIS2_PLACEMENT_3D('',#5214,#5215,#5216);
#5218=PLANE('',#5217);
#5219=ORIENTED_EDGE('',*,*,#5163,.F.);
#5221=ORIENTED_EDGE('',*,*,#5220,.T.);
#5223=ORIENTED_EDGE('',*,*,#5222,.T.);
#5225=ORIENTED_EDGE('',*,*,#5224,.F.);
#5226=EDGE_LOOP('',(#5219,#5221,#5223,#5225));
#5227=FACE_OUTER_BOUND('',#5226,.F.);
#5229=CARTESIAN_POINT('',(-5.184E0,-1.840020384619E0,1.134100762479E1));
#5230=DIRECTION('',(0.E0,5.256948378438E-1,8.506732260183E-1));
#5231=DIRECTION('',(0.E0,-8.506732260183E-1,5.256948378438E-1));
#5232=AXIS2_PLACEMENT_3D('',#5229,#5230,#5231);
#5233=PLANE('',#5232);
#5234=ORIENTED_EDGE('',*,*,#5147,.F.);
#5236=ORIENTED_EDGE('',*,*,#5235,.T.);
#5238=ORIENTED_EDGE('',*,*,#5237,.T.);
#5239=ORIENTED_EDGE('',*,*,#5199,.F.);
#5240=EDGE_LOOP('',(#5234,#5236,#5238,#5239));
#5241=FACE_OUTER_BOUND('',#5240,.F.);
#5243=CARTESIAN_POINT('',(-3.935E0,-6.19E-1,1.1365E1));
#5244=DIRECTION('',(-9.975948487503E-1,6.931462866478E-2,0.E0));
#5245=DIRECTION('',(-6.931462866478E-2,-9.975948487503E-1,0.E0));
#5246=AXIS2_PLACEMENT_3D('',#5243,#5244,#5245);
#5247=PLANE('',#5246);
#5249=ORIENTED_EDGE('',*,*,#5248,.F.);
#5251=ORIENTED_EDGE('',*,*,#5250,.T.);
#5253=ORIENTED_EDGE('',*,*,#5252,.F.);
#5255=ORIENTED_EDGE('',*,*,#5254,.F.);
#5257=ORIENTED_EDGE('',*,*,#5256,.F.);
#5259=ORIENTED_EDGE('',*,*,#5258,.T.);
#5260=ORIENTED_EDGE('',*,*,#5220,.F.);
#5261=ORIENTED_EDGE('',*,*,#5161,.F.);
#5262=EDGE_LOOP('',(#5249,#5251,#5253,#5255,#5257,#5259,#5260,#5261));
#5263=FACE_OUTER_BOUND('',#5262,.F.);
#5265=CARTESIAN_POINT('',(-3.457957555996E0,-9.667608650665E-1,
5.025876641846E1));
#5266=DIRECTION('',(0.E0,0.E0,-1.E0));
#5267=DIRECTION('',(-9.975948487503E-1,6.931462866478E-2,0.E0));
#5268=AXIS2_PLACEMENT_3D('',#5265,#5266,#5267);
#5269=CYLINDRICAL_SURFACE('',#5268,5.E-1);
#5270=ORIENTED_EDGE('',*,*,#5159,.T.);
#5272=ORIENTED_EDGE('',*,*,#5271,.F.);
#5274=ORIENTED_EDGE('',*,*,#5273,.T.);
#5275=ORIENTED_EDGE('',*,*,#5248,.T.);
#5276=EDGE_LOOP('',(#5270,#5272,#5274,#5275));
#5277=FACE_OUTER_BOUND('',#5276,.F.);
#5279=CARTESIAN_POINT('',(-2.725483797091E0,-1.354482237686E-1,1.1365E1));
#5280=DIRECTION('',(-3.712221041445E-1,9.285441020191E-1,0.E0));
#5281=DIRECTION('',(-9.285441020191E-1,-3.712221041445E-1,0.E0));
#5282=AXIS2_PLACEMENT_3D('',#5279,#5280,#5281);
#5283=PLANE('',#5282);
#5284=ORIENTED_EDGE('',*,*,#5271,.T.);
#5285=ORIENTED_EDGE('',*,*,#5172,.F.);
#5286=ORIENTED_EDGE('',*,*,#3617,.T.);
#5288=ORIENTED_EDGE('',*,*,#5287,.T.);
#5289=EDGE_LOOP('',(#5284,#5285,#5286,#5288));
#5290=FACE_OUTER_BOUND('',#5289,.F.);
#5292=CARTESIAN_POINT('',(0.E0,0.E0,1.3015E1));
#5293=DIRECTION('',(0.E0,0.E0,1.E0));
#5294=DIRECTION('',(1.E0,0.E0,0.E0));
#5295=AXIS2_PLACEMENT_3D('',#5292,#5293,#5294);
#5296=PLANE('',#5295);
#5297=ORIENTED_EDGE('',*,*,#5185,.F.);
#5298=ORIENTED_EDGE('',*,*,#5209,.F.);
#5300=ORIENTED_EDGE('',*,*,#5299,.F.);
#5302=ORIENTED_EDGE('',*,*,#5301,.F.);
#5304=ORIENTED_EDGE('',*,*,#5303,.F.);
#5306=ORIENTED_EDGE('',*,*,#5305,.F.);
#5307=ORIENTED_EDGE('',*,*,#3359,.T.);
#5309=ORIENTED_EDGE('',*,*,#5308,.F.);
#5310=EDGE_LOOP('',(#5297,#5298,#5300,#5302,#5304,#5306,#5307,#5309));
#5311=FACE_OUTER_BOUND('',#5310,.F.);
#5313=CARTESIAN_POINT('',(0.E0,0.E0,1.3015E1));
#5314=DIRECTION('',(0.E0,0.E0,1.E0));
#5315=DIRECTION('',(1.E0,0.E0,0.E0));
#5316=AXIS2_PLACEMENT_3D('',#5313,#5314,#5315);
#5317=PLANE('',#5316);
#5318=ORIENTED_EDGE('',*,*,#5273,.F.);
#5319=ORIENTED_EDGE('',*,*,#5287,.F.);
#5320=ORIENTED_EDGE('',*,*,#3615,.T.);
#5322=ORIENTED_EDGE('',*,*,#5321,.F.);
#5324=ORIENTED_EDGE('',*,*,#5323,.F.);
#5326=ORIENTED_EDGE('',*,*,#5325,.F.);
#5328=ORIENTED_EDGE('',*,*,#5327,.F.);
#5329=ORIENTED_EDGE('',*,*,#5250,.F.);
#5330=EDGE_LOOP('',(#5318,#5319,#5320,#5322,#5324,#5326,#5328,#5329));
#5331=FACE_OUTER_BOUND('',#5330,.F.);
#5333=CARTESIAN_POINT('',(-5.184E0,-2.730023939208E0,1.248899237521E1));
#5334=DIRECTION('',(0.E0,5.256948378438E-1,-8.506732260183E-1));
#5335=DIRECTION('',(0.E0,8.506732260183E-1,5.256948378438E-1));
#5336=AXIS2_PLACEMENT_3D('',#5333,#5334,#5335);
#5337=PLANE('',#5336);
#5338=ORIENTED_EDGE('',*,*,#5327,.T.);
#5340=ORIENTED_EDGE('',*,*,#5339,.F.);
#5342=ORIENTED_EDGE('',*,*,#5341,.F.);
#5343=ORIENTED_EDGE('',*,*,#5252,.T.);
#5344=EDGE_LOOP('',(#5338,#5340,#5342,#5343));
#5345=FACE_OUTER_BOUND('',#5344,.F.);
#5347=CARTESIAN_POINT('',(-5.184E0,-2.730023939208E0,1.248899237521E1));
#5348=DIRECTION('',(0.E0,5.256948378438E-1,-8.506732260183E-1));
#5349=DIRECTION('',(0.E0,8.506732260183E-1,5.256948378438E-1));
#5350=AXIS2_PLACEMENT_3D('',#5347,#5348,#5349);
#5351=PLANE('',#5350);
#5352=ORIENTED_EDGE('',*,*,#5299,.T.);
#5353=ORIENTED_EDGE('',*,*,#5207,.F.);
#5355=ORIENTED_EDGE('',*,*,#5354,.F.);
#5357=ORIENTED_EDGE('',*,*,#5356,.T.);
#5358=EDGE_LOOP('',(#5352,#5353,#5355,#5357));
#5359=FACE_OUTER_BOUND('',#5358,.F.);
#5361=CARTESIAN_POINT('',(-4.065387618713E0,-6.160023939208E0,1.1365E1));
#5362=DIRECTION('',(9.975948487503E-1,-6.931462866478E-2,0.E0));
#5363=DIRECTION('',(6.931462866478E-2,9.975948487503E-1,0.E0));
#5364=AXIS2_PLACEMENT_3D('',#5361,#5362,#5363);
#5365=PLANE('',#5364);
#5367=ORIENTED_EDGE('',*,*,#5366,.F.);
#5368=ORIENTED_EDGE('',*,*,#5165,.F.);
#5369=ORIENTED_EDGE('',*,*,#5224,.T.);
#5371=ORIENTED_EDGE('',*,*,#5370,.F.);
#5373=ORIENTED_EDGE('',*,*,#5372,.T.);
#5375=ORIENTED_EDGE('',*,*,#5374,.T.);
#5376=ORIENTED_EDGE('',*,*,#5339,.T.);
#5377=ORIENTED_EDGE('',*,*,#5325,.T.);
#5378=EDGE_LOOP('',(#5367,#5368,#5369,#5371,#5373,#5375,#5376,#5377));
#5379=FACE_OUTER_BOUND('',#5378,.F.);
#5381=CARTESIAN_POINT('',(-3.215619994442E0,-1.143423384520E0,
-2.567668824691E1));
#5382=DIRECTION('',(0.E0,0.E0,1.E0));
#5383=DIRECTION('',(-3.712221041445E-1,9.285441020191E-1,0.E0));
#5384=AXIS2_PLACEMENT_3D('',#5381,#5382,#5383);
#5385=CYLINDRICAL_SURFACE('',#5384,5.E-1);
#5387=ORIENTED_EDGE('',*,*,#5386,.F.);
#5388=ORIENTED_EDGE('',*,*,#5167,.T.);
#5389=ORIENTED_EDGE('',*,*,#5366,.T.);
#5390=ORIENTED_EDGE('',*,*,#5323,.T.);
#5391=EDGE_LOOP('',(#5387,#5388,#5389,#5390));
#5392=FACE_OUTER_BOUND('',#5391,.F.);
#5394=CARTESIAN_POINT('',(-3.692662438446E0,-7.956625194538E-1,1.1365E1));
#5395=DIRECTION('',(3.712221041445E-1,-9.285441020191E-1,0.E0));
#5396=DIRECTION('',(9.285441020191E-1,3.712221041445E-1,0.E0));
#5397=AXIS2_PLACEMENT_3D('',#5394,#5395,#5396);
#5398=PLANE('',#5397);
#5399=ORIENTED_EDGE('',*,*,#5386,.T.);
#5400=ORIENTED_EDGE('',*,*,#5321,.T.);
#5401=ORIENTED_EDGE('',*,*,#3613,.F.);
#5402=ORIENTED_EDGE('',*,*,#5169,.F.);
#5403=EDGE_LOOP('',(#5399,#5400,#5401,#5402));
#5404=FACE_OUTER_BOUND('',#5403,.F.);
#5406=CARTESIAN_POINT('',(-5.184E0,-2.730023939208E0,1.189100762479E1));
#5407=DIRECTION('',(0.E0,0.E0,1.E0));
#5408=DIRECTION('',(0.E0,-1.E0,0.E0));
#5409=AXIS2_PLACEMENT_3D('',#5406,#5407,#5408);
#5410=PLANE('',#5409);
#5412=ORIENTED_EDGE('',*,*,#5411,.F.);
#5414=ORIENTED_EDGE('',*,*,#5413,.T.);
#5415=ORIENTED_EDGE('',*,*,#5201,.T.);
#5416=ORIENTED_EDGE('',*,*,#5237,.F.);
#5417=EDGE_LOOP('',(#5412,#5414,#5415,#5416));
#5418=FACE_OUTER_BOUND('',#5417,.F.);
#5420=CARTESIAN_POINT('',(-5.184E0,-2.730023939208E0,1.189100762479E1));
#5421=DIRECTION('',(0.E0,0.E0,1.E0));
#5422=DIRECTION('',(0.E0,-1.E0,0.E0));
#5423=AXIS2_PLACEMENT_3D('',#5420,#5421,#5422);
#5424=PLANE('',#5423);
#5425=ORIENTED_EDGE('',*,*,#5258,.F.);
#5427=ORIENTED_EDGE('',*,*,#5426,.T.);
#5428=ORIENTED_EDGE('',*,*,#5370,.T.);
#5429=ORIENTED_EDGE('',*,*,#5222,.F.);
#5430=EDGE_LOOP('',(#5425,#5427,#5428,#5429));
#5431=FACE_OUTER_BOUND('',#5430,.F.);
#5433=CARTESIAN_POINT('',(3.692662438446E0,-7.956625194538E-1,1.1365E1));
#5434=DIRECTION('',(-9.975948487503E-1,-6.931462866478E-2,0.E0));
#5435=DIRECTION('',(6.931462866478E-2,-9.975948487503E-1,0.E0));
#5436=AXIS2_PLACEMENT_3D('',#5433,#5434,#5435);
#5437=PLANE('',#5436);
#5439=ORIENTED_EDGE('',*,*,#5438,.T.);
#5440=ORIENTED_EDGE('',*,*,#5301,.T.);
#5441=ORIENTED_EDGE('',*,*,#5356,.F.);
#5443=ORIENTED_EDGE('',*,*,#5442,.F.);
#5445=ORIENTED_EDGE('',*,*,#5444,.F.);
#5446=ORIENTED_EDGE('',*,*,#5411,.T.);
#5447=ORIENTED_EDGE('',*,*,#5235,.F.);
#5448=ORIENTED_EDGE('',*,*,#5145,.F.);
#5449=EDGE_LOOP('',(#5439,#5440,#5441,#5443,#5445,#5446,#5447,#5448));
#5450=FACE_OUTER_BOUND('',#5449,.F.);
#5452=CARTESIAN_POINT('',(3.215619994442E0,-1.143423384520E0,
-2.269343179052E1));
#5453=DIRECTION('',(0.E0,0.E0,1.E0));
#5454=DIRECTION('',(9.975948487503E-1,6.931462866478E-2,0.E0));
#5455=AXIS2_PLACEMENT_3D('',#5452,#5453,#5454);
#5456=CYLINDRICAL_SURFACE('',#5455,5.E-1);
#5457=ORIENTED_EDGE('',*,*,#5438,.F.);
#5458=ORIENTED_EDGE('',*,*,#5143,.T.);
#5460=ORIENTED_EDGE('',*,*,#5459,.T.);
#5461=ORIENTED_EDGE('',*,*,#5303,.T.);
#5462=EDGE_LOOP('',(#5457,#5458,#5460,#5461));
#5463=FACE_OUTER_BOUND('',#5462,.F.);
#5465=CARTESIAN_POINT('',(2.749129966793E0,-4.184482237686E-1,1.1365E1));
#5466=DIRECTION('',(-3.712221041445E-1,-9.285441020191E-1,0.E0));
#5467=DIRECTION('',(9.285441020191E-1,-3.712221041445E-1,0.E0));
#5468=AXIS2_PLACEMENT_3D('',#5465,#5466,#5467);
#5469=PLANE('',#5468);
#5470=ORIENTED_EDGE('',*,*,#5459,.F.);
#5471=ORIENTED_EDGE('',*,*,#5141,.F.);
#5472=ORIENTED_EDGE('',*,*,#3361,.T.);
#5473=ORIENTED_EDGE('',*,*,#5305,.T.);
#5474=EDGE_LOOP('',(#5470,#5471,#5472,#5473));
#5475=FACE_OUTER_BOUND('',#5474,.F.);
#5477=CARTESIAN_POINT('',(-5.184E0,-6.160023939208E0,1.248899237521E1));
#5478=DIRECTION('',(0.E0,0.E0,-1.E0));
#5479=DIRECTION('',(0.E0,1.E0,0.E0));
#5480=AXIS2_PLACEMENT_3D('',#5477,#5478,#5479);
#5481=PLANE('',#5480);
#5482=ORIENTED_EDGE('',*,*,#5442,.T.);
#5483=ORIENTED_EDGE('',*,*,#5354,.T.);
#5484=ORIENTED_EDGE('',*,*,#5205,.F.);
#5486=ORIENTED_EDGE('',*,*,#5485,.F.);
#5487=EDGE_LOOP('',(#5482,#5483,#5484,#5486));
#5488=FACE_OUTER_BOUND('',#5487,.F.);
#5490=CARTESIAN_POINT('',(-5.184E0,-6.160023939208E0,1.248899237521E1));
#5491=DIRECTION('',(0.E0,0.E0,-1.E0));
#5492=DIRECTION('',(0.E0,1.E0,0.E0));
#5493=AXIS2_PLACEMENT_3D('',#5490,#5491,#5492);
#5494=PLANE('',#5493);
#5495=ORIENTED_EDGE('',*,*,#5254,.T.);
#5496=ORIENTED_EDGE('',*,*,#5341,.T.);
#5497=ORIENTED_EDGE('',*,*,#5374,.F.);
#5499=ORIENTED_EDGE('',*,*,#5498,.F.);
#5500=EDGE_LOOP('',(#5495,#5496,#5497,#5499));
#5501=FACE_OUTER_BOUND('',#5500,.F.);
#5503=CARTESIAN_POINT('',(4.065387618713E0,-6.160023939208E0,1.1365E1));
#5504=DIRECTION('',(0.E0,-1.E0,0.E0));
#5505=DIRECTION('',(1.E0,0.E0,0.E0));
#5506=AXIS2_PLACEMENT_3D('',#5503,#5504,#5505);
#5507=PLANE('',#5506);
#5508=ORIENTED_EDGE('',*,*,#5413,.F.);
#5509=ORIENTED_EDGE('',*,*,#5444,.T.);
#5510=ORIENTED_EDGE('',*,*,#5485,.T.);
#5511=ORIENTED_EDGE('',*,*,#5203,.F.);
#5512=EDGE_LOOP('',(#5508,#5509,#5510,#5511));
#5513=FACE_OUTER_BOUND('',#5512,.F.);
#5515=CARTESIAN_POINT('',(-4.32E0,-6.160023939208E0,1.1365E1));
#5516=DIRECTION('',(0.E0,-1.E0,0.E0));
#5517=DIRECTION('',(1.E0,0.E0,0.E0));
#5518=AXIS2_PLACEMENT_3D('',#5515,#5516,#5517);
#5519=PLANE('',#5518);
#5520=ORIENTED_EDGE('',*,*,#5426,.F.);
#5521=ORIENTED_EDGE('',*,*,#5256,.T.);
#5522=ORIENTED_EDGE('',*,*,#5498,.T.);
#5523=ORIENTED_EDGE('',*,*,#5372,.F.);
#5524=EDGE_LOOP('',(#5520,#5521,#5522,#5523));
#5525=FACE_OUTER_BOUND('',#5524,.F.);
#5527=CARTESIAN_POINT('',(3.935E0,-6.19E-1,1.1365E1));
#5528=DIRECTION('',(3.712221041445E-1,9.285441020191E-1,0.E0));
#5529=DIRECTION('',(-9.285441020191E-1,3.712221041445E-1,0.E0));
#5530=AXIS2_PLACEMENT_3D('',#5527,#5528,#5529);
#5531=PLANE('',#5530);
#5532=ORIENTED_EDGE('',*,*,#5187,.F.);
#5533=ORIENTED_EDGE('',*,*,#5308,.T.);
#5534=ORIENTED_EDGE('',*,*,#3357,.F.);
#5535=ORIENTED_EDGE('',*,*,#5138,.F.);
#5536=EDGE_LOOP('',(#5532,#5533,#5534,#5535));
#5537=FACE_OUTER_BOUND('',#5536,.F.);
#5539=CARTESIAN_POINT('',(0.E0,0.E0,1.3905E1));
#5540=DIRECTION('',(0.E0,0.E0,1.E0));
#5541=DIRECTION('',(1.E0,0.E0,0.E0));
#5542=AXIS2_PLACEMENT_3D('',#5539,#5540,#5541);
#5543=PLANE('',#5542);
#5545=ORIENTED_EDGE('',*,*,#5544,.F.);
#5547=ORIENTED_EDGE('',*,*,#5546,.T.);
#5548=ORIENTED_EDGE('',*,*,#3365,.F.);
#5550=ORIENTED_EDGE('',*,*,#5549,.T.);
#5552=ORIENTED_EDGE('',*,*,#5551,.F.);
#5554=ORIENTED_EDGE('',*,*,#5553,.T.);
#5556=ORIENTED_EDGE('',*,*,#5555,.T.);
#5558=ORIENTED_EDGE('',*,*,#5557,.T.);
#5559=EDGE_LOOP('',(#5545,#5547,#5548,#5550,#5552,#5554,#5556,#5558));
#5560=FACE_OUTER_BOUND('',#5559,.F.);
#5562=CARTESIAN_POINT('',(0.E0,0.E0,1.3905E1));
#5563=DIRECTION('',(0.E0,0.E0,1.E0));
#5564=DIRECTION('',(1.E0,0.E0,0.E0));
#5565=AXIS2_PLACEMENT_3D('',#5562,#5563,#5564);
#5566=PLANE('',#5565);
#5568=ORIENTED_EDGE('',*,*,#5567,.F.);
#5570=ORIENTED_EDGE('',*,*,#5569,.T.);
#5572=ORIENTED_EDGE('',*,*,#5571,.T.);
#5574=ORIENTED_EDGE('',*,*,#5573,.T.);
#5576=ORIENTED_EDGE('',*,*,#5575,.F.);
#5578=ORIENTED_EDGE('',*,*,#5577,.T.);
#5579=ORIENTED_EDGE('',*,*,#3621,.F.);
#5581=ORIENTED_EDGE('',*,*,#5580,.T.);
#5582=EDGE_LOOP('',(#5568,#5570,#5572,#5574,#5576,#5578,#5579,#5581));
#5583=FACE_OUTER_BOUND('',#5582,.F.);
#5585=CARTESIAN_POINT('',(3.457957555996E0,-9.667608650665E-1,
5.406271877582E1));
#5586=DIRECTION('',(0.E0,0.E0,-1.E0));
#5587=DIRECTION('',(3.712221041445E-1,9.285441020191E-1,0.E0));
#5588=AXIS2_PLACEMENT_3D('',#5585,#5586,#5587);
#5589=CYLINDRICAL_SURFACE('',#5588,5.E-1);
#5590=ORIENTED_EDGE('',*,*,#5544,.T.);
#5592=ORIENTED_EDGE('',*,*,#5591,.F.);
#5594=ORIENTED_EDGE('',*,*,#5593,.T.);
#5596=ORIENTED_EDGE('',*,*,#5595,.T.);
#5597=EDGE_LOOP('',(#5590,#5592,#5594,#5596));
#5598=FACE_OUTER_BOUND('',#5597,.F.);
#5600=CARTESIAN_POINT('',(4.32E0,-6.160023939208E0,1.3905E1));
#5601=DIRECTION('',(9.975948487503E-1,6.931462866478E-2,0.E0));
#5602=DIRECTION('',(-6.931462866478E-2,9.975948487503E-1,0.E0));
#5603=AXIS2_PLACEMENT_3D('',#5600,#5601,#5602);
#5604=PLANE('',#5603);
#5605=ORIENTED_EDGE('',*,*,#5591,.T.);
#5606=ORIENTED_EDGE('',*,*,#5557,.F.);
#5608=ORIENTED_EDGE('',*,*,#5607,.T.);
#5610=ORIENTED_EDGE('',*,*,#5609,.F.);
#5612=ORIENTED_EDGE('',*,*,#5611,.T.);
#5614=ORIENTED_EDGE('',*,*,#5613,.T.);
#5616=ORIENTED_EDGE('',*,*,#5615,.T.);
#5618=ORIENTED_EDGE('',*,*,#5617,.T.);
#5619=EDGE_LOOP('',(#5605,#5606,#5608,#5610,#5612,#5614,#5616,#5618));
#5620=FACE_OUTER_BOUND('',#5619,.F.);
#5622=CARTESIAN_POINT('',(-5.184E0,-1.840020384619E0,1.388100762479E1));
#5623=DIRECTION('',(0.E0,5.256948378438E-1,8.506732260183E-1));
#5624=DIRECTION('',(0.E0,-8.506732260183E-1,5.256948378438E-1));
#5625=AXIS2_PLACEMENT_3D('',#5622,#5623,#5624);
#5626=PLANE('',#5625);
#5627=ORIENTED_EDGE('',*,*,#5571,.F.);
#5629=ORIENTED_EDGE('',*,*,#5628,.T.);
#5631=ORIENTED_EDGE('',*,*,#5630,.T.);
#5633=ORIENTED_EDGE('',*,*,#5632,.F.);
#5634=EDGE_LOOP('',(#5627,#5629,#5631,#5633));
#5635=FACE_OUTER_BOUND('',#5634,.F.);
#5637=CARTESIAN_POINT('',(-5.184E0,-1.840020384619E0,1.388100762479E1));
#5638=DIRECTION('',(0.E0,5.256948378438E-1,8.506732260183E-1));
#5639=DIRECTION('',(0.E0,-8.506732260183E-1,5.256948378438E-1));
#5640=AXIS2_PLACEMENT_3D('',#5637,#5638,#5639);
#5641=PLANE('',#5640);
#5642=ORIENTED_EDGE('',*,*,#5555,.F.);
#5644=ORIENTED_EDGE('',*,*,#5643,.T.);
#5646=ORIENTED_EDGE('',*,*,#5645,.T.);
#5647=ORIENTED_EDGE('',*,*,#5607,.F.);
#5648=EDGE_LOOP('',(#5642,#5644,#5646,#5647));
#5649=FACE_OUTER_BOUND('',#5648,.F.);
#5651=CARTESIAN_POINT('',(-3.935E0,-6.19E-1,1.3905E1));
#5652=DIRECTION('',(-9.975948487503E-1,6.931462866478E-2,0.E0));
#5653=DIRECTION('',(-6.931462866478E-2,-9.975948487503E-1,0.E0));
#5654=AXIS2_PLACEMENT_3D('',#5651,#5652,#5653);
#5655=PLANE('',#5654);
#5657=ORIENTED_EDGE('',*,*,#5656,.F.);
#5659=ORIENTED_EDGE('',*,*,#5658,.T.);
#5661=ORIENTED_EDGE('',*,*,#5660,.F.);
#5663=ORIENTED_EDGE('',*,*,#5662,.F.);
#5665=ORIENTED_EDGE('',*,*,#5664,.F.);
#5667=ORIENTED_EDGE('',*,*,#5666,.T.);
#5668=ORIENTED_EDGE('',*,*,#5628,.F.);
#5669=ORIENTED_EDGE('',*,*,#5569,.F.);
#5670=EDGE_LOOP('',(#5657,#5659,#5661,#5663,#5665,#5667,#5668,#5669));
#5671=FACE_OUTER_BOUND('',#5670,.F.);
#5673=CARTESIAN_POINT('',(-3.457957555996E0,-9.667608650665E-1,
4.916783445047E1));
#5674=DIRECTION('',(0.E0,0.E0,-1.E0));
#5675=DIRECTION('',(-9.975948487503E-1,6.931462866478E-2,0.E0));
#5676=AXIS2_PLACEMENT_3D('',#5673,#5674,#5675);
#5677=CYLINDRICAL_SURFACE('',#5676,5.E-1);
#5678=ORIENTED_EDGE('',*,*,#5567,.T.);
#5680=ORIENTED_EDGE('',*,*,#5679,.F.);
#5682=ORIENTED_EDGE('',*,*,#5681,.T.);
#5683=ORIENTED_EDGE('',*,*,#5656,.T.);
#5684=EDGE_LOOP('',(#5678,#5680,#5682,#5683));
#5685=FACE_OUTER_BOUND('',#5684,.F.);
#5687=CARTESIAN_POINT('',(-2.725483797091E0,-1.354482237686E-1,1.3905E1));
#5688=DIRECTION('',(-3.712221041445E-1,9.285441020191E-1,0.E0));
#5689=DIRECTION('',(-9.285441020191E-1,-3.712221041445E-1,0.E0));
#5690=AXIS2_PLACEMENT_3D('',#5687,#5688,#5689);
#5691=PLANE('',#5690);
#5692=ORIENTED_EDGE('',*,*,#5679,.T.);
#5693=ORIENTED_EDGE('',*,*,#5580,.F.);
#5694=ORIENTED_EDGE('',*,*,#3627,.T.);
#5696=ORIENTED_EDGE('',*,*,#5695,.T.);
#5697=EDGE_LOOP('',(#5692,#5693,#5694,#5696));
#5698=FACE_OUTER_BOUND('',#5697,.F.);
#5700=CARTESIAN_POINT('',(0.E0,0.E0,1.5555E1));
#5701=DIRECTION('',(0.E0,0.E0,1.E0));
#5702=DIRECTION('',(1.E0,0.E0,0.E0));
#5703=AXIS2_PLACEMENT_3D('',#5700,#5701,#5702);
#5704=PLANE('',#5703);
#5705=ORIENTED_EDGE('',*,*,#5593,.F.);
#5706=ORIENTED_EDGE('',*,*,#5617,.F.);
#5708=ORIENTED_EDGE('',*,*,#5707,.F.);
#5710=ORIENTED_EDGE('',*,*,#5709,.F.);
#5712=ORIENTED_EDGE('',*,*,#5711,.F.);
#5714=ORIENTED_EDGE('',*,*,#5713,.F.);
#5715=ORIENTED_EDGE('',*,*,#3369,.T.);
#5717=ORIENTED_EDGE('',*,*,#5716,.F.);
#5718=EDGE_LOOP('',(#5705,#5706,#5708,#5710,#5712,#5714,#5715,#5717));
#5719=FACE_OUTER_BOUND('',#5718,.F.);
#5721=CARTESIAN_POINT('',(0.E0,0.E0,1.5555E1));
#5722=DIRECTION('',(0.E0,0.E0,1.E0));
#5723=DIRECTION('',(1.E0,0.E0,0.E0));
#5724=AXIS2_PLACEMENT_3D('',#5721,#5722,#5723);
#5725=PLANE('',#5724);
#5726=ORIENTED_EDGE('',*,*,#5681,.F.);
#5727=ORIENTED_EDGE('',*,*,#5695,.F.);
#5728=ORIENTED_EDGE('',*,*,#3625,.T.);
#5730=ORIENTED_EDGE('',*,*,#5729,.F.);
#5732=ORIENTED_EDGE('',*,*,#5731,.F.);
#5734=ORIENTED_EDGE('',*,*,#5733,.F.);
#5736=ORIENTED_EDGE('',*,*,#5735,.F.);
#5737=ORIENTED_EDGE('',*,*,#5658,.F.);
#5738=EDGE_LOOP('',(#5726,#5727,#5728,#5730,#5732,#5734,#5736,#5737));
#5739=FACE_OUTER_BOUND('',#5738,.F.);
#5741=CARTESIAN_POINT('',(-5.184E0,-2.730023939208E0,1.502899237521E1));
#5742=DIRECTION('',(0.E0,5.256948378438E-1,-8.506732260183E-1));
#5743=DIRECTION('',(0.E0,8.506732260183E-1,5.256948378438E-1));
#5744=AXIS2_PLACEMENT_3D('',#5741,#5742,#5743);
#5745=PLANE('',#5744);
#5746=ORIENTED_EDGE('',*,*,#5735,.T.);
#5748=ORIENTED_EDGE('',*,*,#5747,.F.);
#5750=ORIENTED_EDGE('',*,*,#5749,.F.);
#5751=ORIENTED_EDGE('',*,*,#5660,.T.);
#5752=EDGE_LOOP('',(#5746,#5748,#5750,#5751));
#5753=FACE_OUTER_BOUND('',#5752,.F.);
#5755=CARTESIAN_POINT('',(-5.184E0,-2.730023939208E0,1.502899237521E1));
#5756=DIRECTION('',(0.E0,5.256948378438E-1,-8.506732260183E-1));
#5757=DIRECTION('',(0.E0,8.506732260183E-1,5.256948378438E-1));
#5758=AXIS2_PLACEMENT_3D('',#5755,#5756,#5757);
#5759=PLANE('',#5758);
#5760=ORIENTED_EDGE('',*,*,#5707,.T.);
#5761=ORIENTED_EDGE('',*,*,#5615,.F.);
#5763=ORIENTED_EDGE('',*,*,#5762,.F.);
#5765=ORIENTED_EDGE('',*,*,#5764,.T.);
#5766=EDGE_LOOP('',(#5760,#5761,#5763,#5765));
#5767=FACE_OUTER_BOUND('',#5766,.F.);
#5769=CARTESIAN_POINT('',(-4.065387618713E0,-6.160023939208E0,1.3905E1));
#5770=DIRECTION('',(9.975948487503E-1,-6.931462866478E-2,0.E0));
#5771=DIRECTION('',(6.931462866478E-2,9.975948487503E-1,0.E0));
#5772=AXIS2_PLACEMENT_3D('',#5769,#5770,#5771);
#5773=PLANE('',#5772);
#5775=ORIENTED_EDGE('',*,*,#5774,.F.);
#5776=ORIENTED_EDGE('',*,*,#5573,.F.);
#5777=ORIENTED_EDGE('',*,*,#5632,.T.);
#5779=ORIENTED_EDGE('',*,*,#5778,.F.);
#5781=ORIENTED_EDGE('',*,*,#5780,.T.);
#5783=ORIENTED_EDGE('',*,*,#5782,.T.);
#5784=ORIENTED_EDGE('',*,*,#5747,.T.);
#5785=ORIENTED_EDGE('',*,*,#5733,.T.);
#5786=EDGE_LOOP('',(#5775,#5776,#5777,#5779,#5781,#5783,#5784,#5785));
#5787=FACE_OUTER_BOUND('',#5786,.F.);
#5789=CARTESIAN_POINT('',(-3.215619994442E0,-1.143423384520E0,
-1.955478003051E1));
#5790=DIRECTION('',(0.E0,0.E0,1.E0));
#5791=DIRECTION('',(-3.712221041445E-1,9.285441020191E-1,0.E0));
#5792=AXIS2_PLACEMENT_3D('',#5789,#5790,#5791);
#5793=CYLINDRICAL_SURFACE('',#5792,5.E-1);
#5795=ORIENTED_EDGE('',*,*,#5794,.F.);
#5796=ORIENTED_EDGE('',*,*,#5575,.T.);
#5797=ORIENTED_EDGE('',*,*,#5774,.T.);
#5798=ORIENTED_EDGE('',*,*,#5731,.T.);
#5799=EDGE_LOOP('',(#5795,#5796,#5797,#5798));
#5800=FACE_OUTER_BOUND('',#5799,.F.);
#5802=CARTESIAN_POINT('',(-3.692662438446E0,-7.956625194538E-1,1.3905E1));
#5803=DIRECTION('',(3.712221041445E-1,-9.285441020191E-1,0.E0));
#5804=DIRECTION('',(9.285441020191E-1,3.712221041445E-1,0.E0));
#5805=AXIS2_PLACEMENT_3D('',#5802,#5803,#5804);
#5806=PLANE('',#5805);
#5807=ORIENTED_EDGE('',*,*,#5794,.T.);
#5808=ORIENTED_EDGE('',*,*,#5729,.T.);
#5809=ORIENTED_EDGE('',*,*,#3623,.F.);
#5810=ORIENTED_EDGE('',*,*,#5577,.F.);
#5811=EDGE_LOOP('',(#5807,#5808,#5809,#5810));
#5812=FACE_OUTER_BOUND('',#5811,.F.);
#5814=CARTESIAN_POINT('',(-5.184E0,-2.730023939208E0,1.443100762479E1));
#5815=DIRECTION('',(0.E0,0.E0,1.E0));
#5816=DIRECTION('',(0.E0,-1.E0,0.E0));
#5817=AXIS2_PLACEMENT_3D('',#5814,#5815,#5816);
#5818=PLANE('',#5817);
#5820=ORIENTED_EDGE('',*,*,#5819,.F.);
#5822=ORIENTED_EDGE('',*,*,#5821,.T.);
#5823=ORIENTED_EDGE('',*,*,#5609,.T.);
#5824=ORIENTED_EDGE('',*,*,#5645,.F.);
#5825=EDGE_LOOP('',(#5820,#5822,#5823,#5824));
#5826=FACE_OUTER_BOUND('',#5825,.F.);
#5828=CARTESIAN_POINT('',(-5.184E0,-2.730023939208E0,1.443100762479E1));
#5829=DIRECTION('',(0.E0,0.E0,1.E0));
#5830=DIRECTION('',(0.E0,-1.E0,0.E0));
#5831=AXIS2_PLACEMENT_3D('',#5828,#5829,#5830);
#5832=PLANE('',#5831);
#5833=ORIENTED_EDGE('',*,*,#5666,.F.);
#5835=ORIENTED_EDGE('',*,*,#5834,.T.);
#5836=ORIENTED_EDGE('',*,*,#5778,.T.);
#5837=ORIENTED_EDGE('',*,*,#5630,.F.);
#5838=EDGE_LOOP('',(#5833,#5835,#5836,#5837));
#5839=FACE_OUTER_BOUND('',#5838,.F.);
#5841=CARTESIAN_POINT('',(3.692662438446E0,-7.956625194538E-1,1.3905E1));
#5842=DIRECTION('',(-9.975948487503E-1,-6.931462866478E-2,0.E0));
#5843=DIRECTION('',(6.931462866478E-2,-9.975948487503E-1,0.E0));
#5844=AXIS2_PLACEMENT_3D('',#5841,#5842,#5843);
#5845=PLANE('',#5844);
#5847=ORIENTED_EDGE('',*,*,#5846,.T.);
#5848=ORIENTED_EDGE('',*,*,#5709,.T.);
#5849=ORIENTED_EDGE('',*,*,#5764,.F.);
#5851=ORIENTED_EDGE('',*,*,#5850,.F.);
#5853=ORIENTED_EDGE('',*,*,#5852,.F.);
#5854=ORIENTED_EDGE('',*,*,#5819,.T.);
#5855=ORIENTED_EDGE('',*,*,#5643,.F.);
#5856=ORIENTED_EDGE('',*,*,#5553,.F.);
#5857=EDGE_LOOP('',(#5847,#5848,#5849,#5851,#5853,#5854,#5855,#5856));
#5858=FACE_OUTER_BOUND('',#5857,.F.);
#5860=CARTESIAN_POINT('',(3.215619994442E0,-1.143423384520E0,
-2.420011531389E1));
#5861=DIRECTION('',(0.E0,0.E0,1.E0));
#5862=DIRECTION('',(9.975948487503E-1,6.931462866478E-2,0.E0));
#5863=AXIS2_PLACEMENT_3D('',#5860,#5861,#5862);
#5864=CYLINDRICAL_SURFACE('',#5863,5.E-1);
#5865=ORIENTED_EDGE('',*,*,#5846,.F.);
#5866=ORIENTED_EDGE('',*,*,#5551,.T.);
#5868=ORIENTED_EDGE('',*,*,#5867,.T.);
#5869=ORIENTED_EDGE('',*,*,#5711,.T.);
#5870=EDGE_LOOP('',(#5865,#5866,#5868,#5869));
#5871=FACE_OUTER_BOUND('',#5870,.F.);
#5873=CARTESIAN_POINT('',(2.749129966793E0,-4.184482237686E-1,1.3905E1));
#5874=DIRECTION('',(-3.712221041445E-1,-9.285441020191E-1,0.E0));
#5875=DIRECTION('',(9.285441020191E-1,-3.712221041445E-1,0.E0));
#5876=AXIS2_PLACEMENT_3D('',#5873,#5874,#5875);
#5877=PLANE('',#5876);
#5878=ORIENTED_EDGE('',*,*,#5867,.F.);
#5879=ORIENTED_EDGE('',*,*,#5549,.F.);
#5880=ORIENTED_EDGE('',*,*,#3371,.T.);
#5881=ORIENTED_EDGE('',*,*,#5713,.T.);
#5882=EDGE_LOOP('',(#5878,#5879,#5880,#5881));
#5883=FACE_OUTER_BOUND('',#5882,.F.);
#5885=CARTESIAN_POINT('',(-5.184E0,-6.160023939208E0,1.502899237521E1));
#5886=DIRECTION('',(0.E0,0.E0,-1.E0));
#5887=DIRECTION('',(0.E0,1.E0,0.E0));
#5888=AXIS2_PLACEMENT_3D('',#5885,#5886,#5887);
#5889=PLANE('',#5888);
#5890=ORIENTED_EDGE('',*,*,#5850,.T.);
#5891=ORIENTED_EDGE('',*,*,#5762,.T.);
#5892=ORIENTED_EDGE('',*,*,#5613,.F.);
#5894=ORIENTED_EDGE('',*,*,#5893,.F.);
#5895=EDGE_LOOP('',(#5890,#5891,#5892,#5894));
#5896=FACE_OUTER_BOUND('',#5895,.F.);
#5898=CARTESIAN_POINT('',(-5.184E0,-6.160023939208E0,1.502899237521E1));
#5899=DIRECTION('',(0.E0,0.E0,-1.E0));
#5900=DIRECTION('',(0.E0,1.E0,0.E0));
#5901=AXIS2_PLACEMENT_3D('',#5898,#5899,#5900);
#5902=PLANE('',#5901);
#5903=ORIENTED_EDGE('',*,*,#5662,.T.);
#5904=ORIENTED_EDGE('',*,*,#5749,.T.);
#5905=ORIENTED_EDGE('',*,*,#5782,.F.);
#5907=ORIENTED_EDGE('',*,*,#5906,.F.);
#5908=EDGE_LOOP('',(#5903,#5904,#5905,#5907));
#5909=FACE_OUTER_BOUND('',#5908,.F.);
#5911=CARTESIAN_POINT('',(4.065387618713E0,-6.160023939208E0,1.3905E1));
#5912=DIRECTION('',(0.E0,-1.E0,0.E0));
#5913=DIRECTION('',(1.E0,0.E0,0.E0));
#5914=AXIS2_PLACEMENT_3D('',#5911,#5912,#5913);
#5915=PLANE('',#5914);
#5916=ORIENTED_EDGE('',*,*,#5821,.F.);
#5917=ORIENTED_EDGE('',*,*,#5852,.T.);
#5918=ORIENTED_EDGE('',*,*,#5893,.T.);
#5919=ORIENTED_EDGE('',*,*,#5611,.F.);
#5920=EDGE_LOOP('',(#5916,#5917,#5918,#5919));
#5921=FACE_OUTER_BOUND('',#5920,.F.);
#5923=CARTESIAN_POINT('',(-4.32E0,-6.160023939208E0,1.3905E1));
#5924=DIRECTION('',(0.E0,-1.E0,0.E0));
#5925=DIRECTION('',(1.E0,0.E0,0.E0));
#5926=AXIS2_PLACEMENT_3D('',#5923,#5924,#5925);
#5927=PLANE('',#5926);
#5928=ORIENTED_EDGE('',*,*,#5834,.F.);
#5929=ORIENTED_EDGE('',*,*,#5664,.T.);
#5930=ORIENTED_EDGE('',*,*,#5906,.T.);
#5931=ORIENTED_EDGE('',*,*,#5780,.F.);
#5932=EDGE_LOOP('',(#5928,#5929,#5930,#5931));
#5933=FACE_OUTER_BOUND('',#5932,.F.);
#5935=CARTESIAN_POINT('',(3.935E0,-6.19E-1,1.3905E1));
#5936=DIRECTION('',(3.712221041445E-1,9.285441020191E-1,0.E0));
#5937=DIRECTION('',(-9.285441020191E-1,3.712221041445E-1,0.E0));
#5938=AXIS2_PLACEMENT_3D('',#5935,#5936,#5937);
#5939=PLANE('',#5938);
#5940=ORIENTED_EDGE('',*,*,#5595,.F.);
#5941=ORIENTED_EDGE('',*,*,#5716,.T.);
#5942=ORIENTED_EDGE('',*,*,#3367,.F.);
#5943=ORIENTED_EDGE('',*,*,#5546,.F.);
#5944=EDGE_LOOP('',(#5940,#5941,#5942,#5943));
#5945=FACE_OUTER_BOUND('',#5944,.F.);
#5947=CARTESIAN_POINT('',(0.E0,0.E0,1.6445E1));
#5948=DIRECTION('',(0.E0,0.E0,1.E0));
#5949=DIRECTION('',(1.E0,0.E0,0.E0));
#5950=AXIS2_PLACEMENT_3D('',#5947,#5948,#5949);
#5951=PLANE('',#5950);
#5953=ORIENTED_EDGE('',*,*,#5952,.F.);
#5955=ORIENTED_EDGE('',*,*,#5954,.T.);
#5956=ORIENTED_EDGE('',*,*,#3375,.F.);
#5958=ORIENTED_EDGE('',*,*,#5957,.T.);
#5960=ORIENTED_EDGE('',*,*,#5959,.F.);
#5962=ORIENTED_EDGE('',*,*,#5961,.T.);
#5964=ORIENTED_EDGE('',*,*,#5963,.T.);
#5966=ORIENTED_EDGE('',*,*,#5965,.T.);
#5967=EDGE_LOOP('',(#5953,#5955,#5956,#5958,#5960,#5962,#5964,#5966));
#5968=FACE_OUTER_BOUND('',#5967,.F.);
#5970=CARTESIAN_POINT('',(0.E0,0.E0,1.6445E1));
#5971=DIRECTION('',(0.E0,0.E0,1.E0));
#5972=DIRECTION('',(1.E0,0.E0,0.E0));
#5973=AXIS2_PLACEMENT_3D('',#5970,#5971,#5972);
#5974=PLANE('',#5973);
#5976=ORIENTED_EDGE('',*,*,#5975,.F.);
#5978=ORIENTED_EDGE('',*,*,#5977,.T.);
#5980=ORIENTED_EDGE('',*,*,#5979,.T.);
#5982=ORIENTED_EDGE('',*,*,#5981,.T.);
#5984=ORIENTED_EDGE('',*,*,#5983,.F.);
#5986=ORIENTED_EDGE('',*,*,#5985,.T.);
#5987=ORIENTED_EDGE('',*,*,#3631,.F.);
#5989=ORIENTED_EDGE('',*,*,#5988,.T.);
#5990=EDGE_LOOP('',(#5976,#5978,#5980,#5982,#5984,#5986,#5987,#5989));
#5991=FACE_OUTER_BOUND('',#5990,.F.);
#5993=CARTESIAN_POINT('',(3.457957555996E0,-9.667608650665E-1,
6.083805924446E1));
#5994=DIRECTION('',(0.E0,0.E0,-1.E0));
#5995=DIRECTION('',(3.712221041445E-1,9.285441020191E-1,0.E0));
#5996=AXIS2_PLACEMENT_3D('',#5993,#5994,#5995);
#5997=CYLINDRICAL_SURFACE('',#5996,5.E-1);
#5998=ORIENTED_EDGE('',*,*,#5952,.T.);
#6000=ORIENTED_EDGE('',*,*,#5999,.F.);
#6002=ORIENTED_EDGE('',*,*,#6001,.T.);
#6004=ORIENTED_EDGE('',*,*,#6003,.T.);
#6005=EDGE_LOOP('',(#5998,#6000,#6002,#6004));
#6006=FACE_OUTER_BOUND('',#6005,.F.);
#6008=CARTESIAN_POINT('',(4.32E0,-6.160023939208E0,1.6445E1));
#6009=DIRECTION('',(9.975948487503E-1,6.931462866478E-2,0.E0));
#6010=DIRECTION('',(-6.931462866478E-2,9.975948487503E-1,0.E0));
#6011=AXIS2_PLACEMENT_3D('',#6008,#6009,#6010);
#6012=PLANE('',#6011);
#6013=ORIENTED_EDGE('',*,*,#5999,.T.);
#6014=ORIENTED_EDGE('',*,*,#5965,.F.);
#6016=ORIENTED_EDGE('',*,*,#6015,.T.);
#6018=ORIENTED_EDGE('',*,*,#6017,.F.);
#6020=ORIENTED_EDGE('',*,*,#6019,.T.);
#6022=ORIENTED_EDGE('',*,*,#6021,.T.);
#6024=ORIENTED_EDGE('',*,*,#6023,.T.);
#6026=ORIENTED_EDGE('',*,*,#6025,.T.);
#6027=EDGE_LOOP('',(#6013,#6014,#6016,#6018,#6020,#6022,#6024,#6026));
#6028=FACE_OUTER_BOUND('',#6027,.F.);
#6030=CARTESIAN_POINT('',(-5.184E0,-1.840020384619E0,1.642100762479E1));
#6031=DIRECTION('',(0.E0,5.256948378438E-1,8.506732260183E-1));
#6032=DIRECTION('',(0.E0,-8.506732260183E-1,5.256948378438E-1));
#6033=AXIS2_PLACEMENT_3D('',#6030,#6031,#6032);
#6034=PLANE('',#6033);
#6035=ORIENTED_EDGE('',*,*,#5979,.F.);
#6037=ORIENTED_EDGE('',*,*,#6036,.T.);
#6039=ORIENTED_EDGE('',*,*,#6038,.T.);
#6041=ORIENTED_EDGE('',*,*,#6040,.F.);
#6042=EDGE_LOOP('',(#6035,#6037,#6039,#6041));
#6043=FACE_OUTER_BOUND('',#6042,.F.);
#6045=CARTESIAN_POINT('',(-5.184E0,-1.840020384619E0,1.642100762479E1));
#6046=DIRECTION('',(0.E0,5.256948378438E-1,8.506732260183E-1));
#6047=DIRECTION('',(0.E0,-8.506732260183E-1,5.256948378438E-1));
#6048=AXIS2_PLACEMENT_3D('',#6045,#6046,#6047);
#6049=PLANE('',#6048);
#6050=ORIENTED_EDGE('',*,*,#5963,.F.);
#6052=ORIENTED_EDGE('',*,*,#6051,.T.);
#6054=ORIENTED_EDGE('',*,*,#6053,.T.);
#6055=ORIENTED_EDGE('',*,*,#6015,.F.);
#6056=EDGE_LOOP('',(#6050,#6052,#6054,#6055));
#6057=FACE_OUTER_BOUND('',#6056,.F.);
#6059=CARTESIAN_POINT('',(-3.935E0,-6.19E-1,1.6445E1));
#6060=DIRECTION('',(-9.975948487503E-1,6.931462866478E-2,0.E0));
#6061=DIRECTION('',(-6.931462866478E-2,-9.975948487503E-1,0.E0));
#6062=AXIS2_PLACEMENT_3D('',#6059,#6060,#6061);
#6063=PLANE('',#6062);
#6065=ORIENTED_EDGE('',*,*,#6064,.F.);
#6067=ORIENTED_EDGE('',*,*,#6066,.T.);
#6069=ORIENTED_EDGE('',*,*,#6068,.F.);
#6071=ORIENTED_EDGE('',*,*,#6070,.F.);
#6073=ORIENTED_EDGE('',*,*,#6072,.F.);
#6075=ORIENTED_EDGE('',*,*,#6074,.T.);
#6076=ORIENTED_EDGE('',*,*,#6036,.F.);
#6077=ORIENTED_EDGE('',*,*,#5977,.F.);
#6078=EDGE_LOOP('',(#6065,#6067,#6069,#6071,#6073,#6075,#6076,#6077));
#6079=FACE_OUTER_BOUND('',#6078,.F.);
#6081=CARTESIAN_POINT('',(-3.457957555996E0,-9.667608650665E-1,
5.624390088123E1));
#6082=DIRECTION('',(0.E0,0.E0,-1.E0));
#6083=DIRECTION('',(-9.975948487503E-1,6.931462866478E-2,0.E0));
#6084=AXIS2_PLACEMENT_3D('',#6081,#6082,#6083);
#6085=CYLINDRICAL_SURFACE('',#6084,5.E-1);
#6086=ORIENTED_EDGE('',*,*,#5975,.T.);
#6088=ORIENTED_EDGE('',*,*,#6087,.F.);
#6090=ORIENTED_EDGE('',*,*,#6089,.T.);
#6091=ORIENTED_EDGE('',*,*,#6064,.T.);
#6092=EDGE_LOOP('',(#6086,#6088,#6090,#6091));
#6093=FACE_OUTER_BOUND('',#6092,.F.);
#6095=CARTESIAN_POINT('',(-2.725483797091E0,-1.354482237686E-1,1.6445E1));
#6096=DIRECTION('',(-3.712221041445E-1,9.285441020191E-1,0.E0));
#6097=DIRECTION('',(-9.285441020191E-1,-3.712221041445E-1,0.E0));
#6098=AXIS2_PLACEMENT_3D('',#6095,#6096,#6097);
#6099=PLANE('',#6098);
#6100=ORIENTED_EDGE('',*,*,#6087,.T.);
#6101=ORIENTED_EDGE('',*,*,#5988,.F.);
#6102=ORIENTED_EDGE('',*,*,#3637,.T.);
#6104=ORIENTED_EDGE('',*,*,#6103,.T.);
#6105=EDGE_LOOP('',(#6100,#6101,#6102,#6104));
#6106=FACE_OUTER_BOUND('',#6105,.F.);
#6108=CARTESIAN_POINT('',(0.E0,0.E0,1.8095E1));
#6109=DIRECTION('',(0.E0,0.E0,1.E0));
#6110=DIRECTION('',(1.E0,0.E0,0.E0));
#6111=AXIS2_PLACEMENT_3D('',#6108,#6109,#6110);
#6112=PLANE('',#6111);
#6113=ORIENTED_EDGE('',*,*,#6001,.F.);
#6114=ORIENTED_EDGE('',*,*,#6025,.F.);
#6116=ORIENTED_EDGE('',*,*,#6115,.F.);
#6118=ORIENTED_EDGE('',*,*,#6117,.F.);
#6120=ORIENTED_EDGE('',*,*,#6119,.F.);
#6122=ORIENTED_EDGE('',*,*,#6121,.F.);
#6123=ORIENTED_EDGE('',*,*,#3379,.T.);
#6125=ORIENTED_EDGE('',*,*,#6124,.F.);
#6126=EDGE_LOOP('',(#6113,#6114,#6116,#6118,#6120,#6122,#6123,#6125));
#6127=FACE_OUTER_BOUND('',#6126,.F.);
#6129=CARTESIAN_POINT('',(0.E0,0.E0,1.8095E1));
#6130=DIRECTION('',(0.E0,0.E0,1.E0));
#6131=DIRECTION('',(1.E0,0.E0,0.E0));
#6132=AXIS2_PLACEMENT_3D('',#6129,#6130,#6131);
#6133=PLANE('',#6132);
#6134=ORIENTED_EDGE('',*,*,#6089,.F.);
#6135=ORIENTED_EDGE('',*,*,#6103,.F.);
#6136=ORIENTED_EDGE('',*,*,#3635,.T.);
#6138=ORIENTED_EDGE('',*,*,#6137,.F.);
#6140=ORIENTED_EDGE('',*,*,#6139,.F.);
#6142=ORIENTED_EDGE('',*,*,#6141,.F.);
#6144=ORIENTED_EDGE('',*,*,#6143,.F.);
#6145=ORIENTED_EDGE('',*,*,#6066,.F.);
#6146=EDGE_LOOP('',(#6134,#6135,#6136,#6138,#6140,#6142,#6144,#6145));
#6147=FACE_OUTER_BOUND('',#6146,.F.);
#6149=CARTESIAN_POINT('',(-5.184E0,-2.730023939208E0,1.756899237521E1));
#6150=DIRECTION('',(0.E0,5.256948378438E-1,-8.506732260183E-1));
#6151=DIRECTION('',(0.E0,8.506732260183E-1,5.256948378438E-1));
#6152=AXIS2_PLACEMENT_3D('',#6149,#6150,#6151);
#6153=PLANE('',#6152);
#6154=ORIENTED_EDGE('',*,*,#6143,.T.);
#6156=ORIENTED_EDGE('',*,*,#6155,.F.);
#6158=ORIENTED_EDGE('',*,*,#6157,.F.);
#6159=ORIENTED_EDGE('',*,*,#6068,.T.);
#6160=EDGE_LOOP('',(#6154,#6156,#6158,#6159));
#6161=FACE_OUTER_BOUND('',#6160,.F.);
#6163=CARTESIAN_POINT('',(-5.184E0,-2.730023939208E0,1.756899237521E1));
#6164=DIRECTION('',(0.E0,5.256948378438E-1,-8.506732260183E-1));
#6165=DIRECTION('',(0.E0,8.506732260183E-1,5.256948378438E-1));
#6166=AXIS2_PLACEMENT_3D('',#6163,#6164,#6165);
#6167=PLANE('',#6166);
#6168=ORIENTED_EDGE('',*,*,#6115,.T.);
#6169=ORIENTED_EDGE('',*,*,#6023,.F.);
#6171=ORIENTED_EDGE('',*,*,#6170,.F.);
#6173=ORIENTED_EDGE('',*,*,#6172,.T.);
#6174=EDGE_LOOP('',(#6168,#6169,#6171,#6173));
#6175=FACE_OUTER_BOUND('',#6174,.F.);
#6177=CARTESIAN_POINT('',(-4.065387618713E0,-6.160023939208E0,1.6445E1));
#6178=DIRECTION('',(9.975948487503E-1,-6.931462866478E-2,0.E0));
#6179=DIRECTION('',(6.931462866478E-2,9.975948487503E-1,0.E0));
#6180=AXIS2_PLACEMENT_3D('',#6177,#6178,#6179);
#6181=PLANE('',#6180);
#6183=ORIENTED_EDGE('',*,*,#6182,.F.);
#6184=ORIENTED_EDGE('',*,*,#5981,.F.);
#6185=ORIENTED_EDGE('',*,*,#6040,.T.);
#6187=ORIENTED_EDGE('',*,*,#6186,.F.);
#6189=ORIENTED_EDGE('',*,*,#6188,.T.);
#6191=ORIENTED_EDGE('',*,*,#6190,.T.);
#6192=ORIENTED_EDGE('',*,*,#6155,.T.);
#6193=ORIENTED_EDGE('',*,*,#6141,.T.);
#6194=EDGE_LOOP('',(#6183,#6184,#6185,#6187,#6189,#6191,#6192,#6193));
#6195=FACE_OUTER_BOUND('',#6194,.F.);
#6197=CARTESIAN_POINT('',(-3.215619994442E0,-1.143423384520E0,
-2.163764518795E1));
#6198=DIRECTION('',(0.E0,0.E0,1.E0));
#6199=DIRECTION('',(-3.712221041445E-1,9.285441020191E-1,0.E0));
#6200=AXIS2_PLACEMENT_3D('',#6197,#6198,#6199);
#6201=CYLINDRICAL_SURFACE('',#6200,5.E-1);
#6203=ORIENTED_EDGE('',*,*,#6202,.F.);
#6204=ORIENTED_EDGE('',*,*,#5983,.T.);
#6205=ORIENTED_EDGE('',*,*,#6182,.T.);
#6206=ORIENTED_EDGE('',*,*,#6139,.T.);
#6207=EDGE_LOOP('',(#6203,#6204,#6205,#6206));
#6208=FACE_OUTER_BOUND('',#6207,.F.);
#6210=CARTESIAN_POINT('',(-3.692662438446E0,-7.956625194538E-1,1.6445E1));
#6211=DIRECTION('',(3.712221041445E-1,-9.285441020191E-1,0.E0));
#6212=DIRECTION('',(9.285441020191E-1,3.712221041445E-1,0.E0));
#6213=AXIS2_PLACEMENT_3D('',#6210,#6211,#6212);
#6214=PLANE('',#6213);
#6215=ORIENTED_EDGE('',*,*,#6202,.T.);
#6216=ORIENTED_EDGE('',*,*,#6137,.T.);
#6217=ORIENTED_EDGE('',*,*,#3633,.F.);
#6218=ORIENTED_EDGE('',*,*,#5985,.F.);
#6219=EDGE_LOOP('',(#6215,#6216,#6217,#6218));
#6220=FACE_OUTER_BOUND('',#6219,.F.);
#6222=CARTESIAN_POINT('',(-5.184E0,-2.730023939208E0,1.697100762479E1));
#6223=DIRECTION('',(0.E0,0.E0,1.E0));
#6224=DIRECTION('',(0.E0,-1.E0,0.E0));
#6225=AXIS2_PLACEMENT_3D('',#6222,#6223,#6224);
#6226=PLANE('',#6225);
#6228=ORIENTED_EDGE('',*,*,#6227,.F.);
#6230=ORIENTED_EDGE('',*,*,#6229,.T.);
#6231=ORIENTED_EDGE('',*,*,#6017,.T.);
#6232=ORIENTED_EDGE('',*,*,#6053,.F.);
#6233=EDGE_LOOP('',(#6228,#6230,#6231,#6232));
#6234=FACE_OUTER_BOUND('',#6233,.F.);
#6236=CARTESIAN_POINT('',(-5.184E0,-2.730023939208E0,1.697100762479E1));
#6237=DIRECTION('',(0.E0,0.E0,1.E0));
#6238=DIRECTION('',(0.E0,-1.E0,0.E0));
#6239=AXIS2_PLACEMENT_3D('',#6236,#6237,#6238);
#6240=PLANE('',#6239);
#6241=ORIENTED_EDGE('',*,*,#6074,.F.);
#6243=ORIENTED_EDGE('',*,*,#6242,.T.);
#6244=ORIENTED_EDGE('',*,*,#6186,.T.);
#6245=ORIENTED_EDGE('',*,*,#6038,.F.);
#6246=EDGE_LOOP('',(#6241,#6243,#6244,#6245));
#6247=FACE_OUTER_BOUND('',#6246,.F.);
#6249=CARTESIAN_POINT('',(3.692662438446E0,-7.956625194538E-1,1.6445E1));
#6250=DIRECTION('',(-9.975948487503E-1,-6.931462866478E-2,0.E0));
#6251=DIRECTION('',(6.931462866478E-2,-9.975948487503E-1,0.E0));
#6252=AXIS2_PLACEMENT_3D('',#6249,#6250,#6251);
#6253=PLANE('',#6252);
#6255=ORIENTED_EDGE('',*,*,#6254,.T.);
#6256=ORIENTED_EDGE('',*,*,#6117,.T.);
#6257=ORIENTED_EDGE('',*,*,#6172,.F.);
#6259=ORIENTED_EDGE('',*,*,#6258,.F.);
#6261=ORIENTED_EDGE('',*,*,#6260,.F.);
#6262=ORIENTED_EDGE('',*,*,#6227,.T.);
#6263=ORIENTED_EDGE('',*,*,#6051,.F.);
#6264=ORIENTED_EDGE('',*,*,#5961,.F.);
#6265=EDGE_LOOP('',(#6255,#6256,#6257,#6259,#6261,#6262,#6263,#6264));
#6266=FACE_OUTER_BOUND('',#6265,.F.);
#6268=CARTESIAN_POINT('',(3.215619994442E0,-1.143423384520E0,
-2.593338474292E1));
#6269=DIRECTION('',(0.E0,0.E0,1.E0));
#6270=DIRECTION('',(9.975948487503E-1,6.931462866478E-2,0.E0));
#6271=AXIS2_PLACEMENT_3D('',#6268,#6269,#6270);
#6272=CYLINDRICAL_SURFACE('',#6271,5.E-1);
#6273=ORIENTED_EDGE('',*,*,#6254,.F.);
#6274=ORIENTED_EDGE('',*,*,#5959,.T.);
#6276=ORIENTED_EDGE('',*,*,#6275,.T.);
#6277=ORIENTED_EDGE('',*,*,#6119,.T.);
#6278=EDGE_LOOP('',(#6273,#6274,#6276,#6277));
#6279=FACE_OUTER_BOUND('',#6278,.F.);
#6281=CARTESIAN_POINT('',(2.749129966793E0,-4.184482237686E-1,1.6445E1));
#6282=DIRECTION('',(-3.712221041445E-1,-9.285441020191E-1,0.E0));
#6283=DIRECTION('',(9.285441020191E-1,-3.712221041445E-1,0.E0));
#6284=AXIS2_PLACEMENT_3D('',#6281,#6282,#6283);
#6285=PLANE('',#6284);
#6286=ORIENTED_EDGE('',*,*,#6275,.F.);
#6287=ORIENTED_EDGE('',*,*,#5957,.F.);
#6288=ORIENTED_EDGE('',*,*,#3381,.T.);
#6289=ORIENTED_EDGE('',*,*,#6121,.T.);
#6290=EDGE_LOOP('',(#6286,#6287,#6288,#6289));
#6291=FACE_OUTER_BOUND('',#6290,.F.);
#6293=CARTESIAN_POINT('',(-5.184E0,-6.160023939208E0,1.756899237521E1));
#6294=DIRECTION('',(0.E0,0.E0,-1.E0));
#6295=DIRECTION('',(0.E0,1.E0,0.E0));
#6296=AXIS2_PLACEMENT_3D('',#6293,#6294,#6295);
#6297=PLANE('',#6296);
#6298=ORIENTED_EDGE('',*,*,#6258,.T.);
#6299=ORIENTED_EDGE('',*,*,#6170,.T.);
#6300=ORIENTED_EDGE('',*,*,#6021,.F.);
#6302=ORIENTED_EDGE('',*,*,#6301,.F.);
#6303=EDGE_LOOP('',(#6298,#6299,#6300,#6302));
#6304=FACE_OUTER_BOUND('',#6303,.F.);
#6306=CARTESIAN_POINT('',(-5.184E0,-6.160023939208E0,1.756899237521E1));
#6307=DIRECTION('',(0.E0,0.E0,-1.E0));
#6308=DIRECTION('',(0.E0,1.E0,0.E0));
#6309=AXIS2_PLACEMENT_3D('',#6306,#6307,#6308);
#6310=PLANE('',#6309);
#6311=ORIENTED_EDGE('',*,*,#6070,.T.);
#6312=ORIENTED_EDGE('',*,*,#6157,.T.);
#6313=ORIENTED_EDGE('',*,*,#6190,.F.);
#6315=ORIENTED_EDGE('',*,*,#6314,.F.);
#6316=EDGE_LOOP('',(#6311,#6312,#6313,#6315));
#6317=FACE_OUTER_BOUND('',#6316,.F.);
#6319=CARTESIAN_POINT('',(4.065387618713E0,-6.160023939208E0,1.6445E1));
#6320=DIRECTION('',(0.E0,-1.E0,0.E0));
#6321=DIRECTION('',(1.E0,0.E0,0.E0));
#6322=AXIS2_PLACEMENT_3D('',#6319,#6320,#6321);
#6323=PLANE('',#6322);
#6324=ORIENTED_EDGE('',*,*,#6229,.F.);
#6325=ORIENTED_EDGE('',*,*,#6260,.T.);
#6326=ORIENTED_EDGE('',*,*,#6301,.T.);
#6327=ORIENTED_EDGE('',*,*,#6019,.F.);
#6328=EDGE_LOOP('',(#6324,#6325,#6326,#6327));
#6329=FACE_OUTER_BOUND('',#6328,.F.);
#6331=CARTESIAN_POINT('',(-4.32E0,-6.160023939208E0,1.6445E1));
#6332=DIRECTION('',(0.E0,-1.E0,0.E0));
#6333=DIRECTION('',(1.E0,0.E0,0.E0));
#6334=AXIS2_PLACEMENT_3D('',#6331,#6332,#6333);
#6335=PLANE('',#6334);
#6336=ORIENTED_EDGE('',*,*,#6242,.F.);
#6337=ORIENTED_EDGE('',*,*,#6072,.T.);
#6338=ORIENTED_EDGE('',*,*,#6314,.T.);
#6339=ORIENTED_EDGE('',*,*,#6188,.F.);
#6340=EDGE_LOOP('',(#6336,#6337,#6338,#6339));
#6341=FACE_OUTER_BOUND('',#6340,.F.);
#6343=CARTESIAN_POINT('',(3.935E0,-6.19E-1,1.6445E1));
#6344=DIRECTION('',(3.712221041445E-1,9.285441020191E-1,0.E0));
#6345=DIRECTION('',(-9.285441020191E-1,3.712221041445E-1,0.E0));
#6346=AXIS2_PLACEMENT_3D('',#6343,#6344,#6345);
#6347=PLANE('',#6346);
#6348=ORIENTED_EDGE('',*,*,#6003,.F.);
#6349=ORIENTED_EDGE('',*,*,#6124,.T.);
#6350=ORIENTED_EDGE('',*,*,#3377,.F.);
#6351=ORIENTED_EDGE('',*,*,#5954,.F.);
#6352=EDGE_LOOP('',(#6348,#6349,#6350,#6351));
#6353=FACE_OUTER_BOUND('',#6352,.F.);
#6355=CARTESIAN_POINT('',(0.E0,0.E0,1.8985E1));
#6356=DIRECTION('',(0.E0,0.E0,1.E0));
#6357=DIRECTION('',(1.E0,0.E0,0.E0));
#6358=AXIS2_PLACEMENT_3D('',#6355,#6356,#6357);
#6359=PLANE('',#6358);
#6361=ORIENTED_EDGE('',*,*,#6360,.F.);
#6363=ORIENTED_EDGE('',*,*,#6362,.T.);
#6364=ORIENTED_EDGE('',*,*,#3385,.F.);
#6366=ORIENTED_EDGE('',*,*,#6365,.T.);
#6368=ORIENTED_EDGE('',*,*,#6367,.F.);
#6370=ORIENTED_EDGE('',*,*,#6369,.T.);
#6372=ORIENTED_EDGE('',*,*,#6371,.T.);
#6374=ORIENTED_EDGE('',*,*,#6373,.T.);
#6375=EDGE_LOOP('',(#6361,#6363,#6364,#6366,#6368,#6370,#6372,#6374));
#6376=FACE_OUTER_BOUND('',#6375,.F.);
#6378=CARTESIAN_POINT('',(0.E0,0.E0,1.8985E1));
#6379=DIRECTION('',(0.E0,0.E0,1.E0));
#6380=DIRECTION('',(1.E0,0.E0,0.E0));
#6381=AXIS2_PLACEMENT_3D('',#6378,#6379,#6380);
#6382=PLANE('',#6381);
#6384=ORIENTED_EDGE('',*,*,#6383,.F.);
#6386=ORIENTED_EDGE('',*,*,#6385,.T.);
#6388=ORIENTED_EDGE('',*,*,#6387,.T.);
#6390=ORIENTED_EDGE('',*,*,#6389,.T.);
#6392=ORIENTED_EDGE('',*,*,#6391,.F.);
#6394=ORIENTED_EDGE('',*,*,#6393,.T.);
#6395=ORIENTED_EDGE('',*,*,#3641,.F.);
#6397=ORIENTED_EDGE('',*,*,#6396,.T.);
#6398=EDGE_LOOP('',(#6384,#6386,#6388,#6390,#6392,#6394,#6395,#6397));
#6399=FACE_OUTER_BOUND('',#6398,.F.);
#6401=CARTESIAN_POINT('',(3.457957555996E0,-9.667608650665E-1,6.231238E1));
#6402=DIRECTION('',(0.E0,0.E0,-1.E0));
#6403=DIRECTION('',(3.712221041445E-1,9.285441020191E-1,0.E0));
#6404=AXIS2_PLACEMENT_3D('',#6401,#6402,#6403);
#6405=CYLINDRICAL_SURFACE('',#6404,5.E-1);
#6406=ORIENTED_EDGE('',*,*,#6360,.T.);
#6408=ORIENTED_EDGE('',*,*,#6407,.F.);
#6410=ORIENTED_EDGE('',*,*,#6409,.T.);
#6412=ORIENTED_EDGE('',*,*,#6411,.T.);
#6413=EDGE_LOOP('',(#6406,#6408,#6410,#6412));
#6414=FACE_OUTER_BOUND('',#6413,.F.);
#6416=CARTESIAN_POINT('',(4.32E0,-6.160023939208E0,1.8985E1));
#6417=DIRECTION('',(9.975948487503E-1,6.931462866478E-2,0.E0));
#6418=DIRECTION('',(-6.931462866478E-2,9.975948487503E-1,0.E0));
#6419=AXIS2_PLACEMENT_3D('',#6416,#6417,#6418);
#6420=PLANE('',#6419);
#6421=ORIENTED_EDGE('',*,*,#6407,.T.);
#6422=ORIENTED_EDGE('',*,*,#6373,.F.);
#6424=ORIENTED_EDGE('',*,*,#6423,.T.);
#6426=ORIENTED_EDGE('',*,*,#6425,.F.);
#6428=ORIENTED_EDGE('',*,*,#6427,.T.);
#6430=ORIENTED_EDGE('',*,*,#6429,.T.);
#6432=ORIENTED_EDGE('',*,*,#6431,.T.);
#6434=ORIENTED_EDGE('',*,*,#6433,.T.);
#6435=EDGE_LOOP('',(#6421,#6422,#6424,#6426,#6428,#6430,#6432,#6434));
#6436=FACE_OUTER_BOUND('',#6435,.F.);
#6438=CARTESIAN_POINT('',(-5.184E0,-1.840020384619E0,1.896100762479E1));
#6439=DIRECTION('',(0.E0,5.256948378438E-1,8.506732260183E-1));
#6440=DIRECTION('',(0.E0,-8.506732260183E-1,5.256948378438E-1));
#6441=AXIS2_PLACEMENT_3D('',#6438,#6439,#6440);
#6442=PLANE('',#6441);
#6444=ORIENTED_EDGE('',*,*,#6443,.T.);
#6446=ORIENTED_EDGE('',*,*,#6445,.F.);
#6447=ORIENTED_EDGE('',*,*,#6387,.F.);
#6449=ORIENTED_EDGE('',*,*,#6448,.T.);
#6450=EDGE_LOOP('',(#6444,#6446,#6447,#6449));
#6451=FACE_OUTER_BOUND('',#6450,.F.);
#6453=CARTESIAN_POINT('',(-5.184E0,-1.840020384619E0,1.896100762479E1));
#6454=DIRECTION('',(0.E0,5.256948378438E-1,8.506732260183E-1));
#6455=DIRECTION('',(0.E0,-8.506732260183E-1,5.256948378438E-1));
#6456=AXIS2_PLACEMENT_3D('',#6453,#6454,#6455);
#6457=PLANE('',#6456);
#6459=ORIENTED_EDGE('',*,*,#6458,.T.);
#6460=ORIENTED_EDGE('',*,*,#6423,.F.);
#6461=ORIENTED_EDGE('',*,*,#6371,.F.);
#6463=ORIENTED_EDGE('',*,*,#6462,.T.);
#6464=EDGE_LOOP('',(#6459,#6460,#6461,#6463));
#6465=FACE_OUTER_BOUND('',#6464,.F.);
#6467=CARTESIAN_POINT('',(-5.184E0,-2.730023939208E0,1.951100762479E1));
#6468=DIRECTION('',(0.E0,0.E0,1.E0));
#6469=DIRECTION('',(0.E0,-1.E0,0.E0));
#6470=AXIS2_PLACEMENT_3D('',#6467,#6468,#6469);
#6471=PLANE('',#6470);
#6472=ORIENTED_EDGE('',*,*,#6443,.F.);
#6474=ORIENTED_EDGE('',*,*,#6473,.F.);
#6476=ORIENTED_EDGE('',*,*,#6475,.T.);
#6478=ORIENTED_EDGE('',*,*,#6477,.T.);
#6479=EDGE_LOOP('',(#6472,#6474,#6476,#6478));
#6480=FACE_OUTER_BOUND('',#6479,.F.);
#6482=CARTESIAN_POINT('',(-5.184E0,-2.730023939208E0,1.951100762479E1));
#6483=DIRECTION('',(0.E0,0.E0,1.E0));
#6484=DIRECTION('',(0.E0,-1.E0,0.E0));
#6485=AXIS2_PLACEMENT_3D('',#6482,#6483,#6484);
#6486=PLANE('',#6485);
#6487=ORIENTED_EDGE('',*,*,#6458,.F.);
#6489=ORIENTED_EDGE('',*,*,#6488,.F.);
#6491=ORIENTED_EDGE('',*,*,#6490,.T.);
#6492=ORIENTED_EDGE('',*,*,#6425,.T.);
#6493=EDGE_LOOP('',(#6487,#6489,#6491,#6492));
#6494=FACE_OUTER_BOUND('',#6493,.F.);
#6496=CARTESIAN_POINT('',(-3.935E0,-6.19E-1,1.8985E1));
#6497=DIRECTION('',(-9.975948487503E-1,6.931462866478E-2,0.E0));
#6498=DIRECTION('',(-6.931462866478E-2,-9.975948487503E-1,0.E0));
#6499=AXIS2_PLACEMENT_3D('',#6496,#6497,#6498);
#6500=PLANE('',#6499);
#6502=ORIENTED_EDGE('',*,*,#6501,.F.);
#6504=ORIENTED_EDGE('',*,*,#6503,.T.);
#6506=ORIENTED_EDGE('',*,*,#6505,.F.);
#6508=ORIENTED_EDGE('',*,*,#6507,.F.);
#6510=ORIENTED_EDGE('',*,*,#6509,.F.);
#6511=ORIENTED_EDGE('',*,*,#6473,.T.);
#6512=ORIENTED_EDGE('',*,*,#6448,.F.);
#6513=ORIENTED_EDGE('',*,*,#6385,.F.);
#6514=EDGE_LOOP('',(#6502,#6504,#6506,#6508,#6510,#6511,#6512,#6513));
#6515=FACE_OUTER_BOUND('',#6514,.F.);
#6517=CARTESIAN_POINT('',(-3.457957555996E0,-9.667608650665E-1,6.231238E1));
#6518=DIRECTION('',(0.E0,0.E0,-1.E0));
#6519=DIRECTION('',(-9.975948487503E-1,6.931462866478E-2,0.E0));
#6520=AXIS2_PLACEMENT_3D('',#6517,#6518,#6519);
#6521=CYLINDRICAL_SURFACE('',#6520,5.E-1);
#6522=ORIENTED_EDGE('',*,*,#6383,.T.);
#6524=ORIENTED_EDGE('',*,*,#6523,.F.);
#6526=ORIENTED_EDGE('',*,*,#6525,.T.);
#6527=ORIENTED_EDGE('',*,*,#6501,.T.);
#6528=EDGE_LOOP('',(#6522,#6524,#6526,#6527));
#6529=FACE_OUTER_BOUND('',#6528,.F.);
#6531=CARTESIAN_POINT('',(-2.725483797091E0,-1.354482237686E-1,1.8985E1));
#6532=DIRECTION('',(-3.712221041445E-1,9.285441020191E-1,0.E0));
#6533=DIRECTION('',(-9.285441020191E-1,-3.712221041445E-1,0.E0));
#6534=AXIS2_PLACEMENT_3D('',#6531,#6532,#6533);
#6535=PLANE('',#6534);
#6536=ORIENTED_EDGE('',*,*,#6523,.T.);
#6537=ORIENTED_EDGE('',*,*,#6396,.F.);
#6538=ORIENTED_EDGE('',*,*,#3647,.T.);
#6540=ORIENTED_EDGE('',*,*,#6539,.T.);
#6541=EDGE_LOOP('',(#6536,#6537,#6538,#6540));
#6542=FACE_OUTER_BOUND('',#6541,.F.);
#6544=CARTESIAN_POINT('',(0.E0,0.E0,2.0635E1));
#6545=DIRECTION('',(0.E0,0.E0,1.E0));
#6546=DIRECTION('',(1.E0,0.E0,0.E0));
#6547=AXIS2_PLACEMENT_3D('',#6544,#6545,#6546);
#6548=PLANE('',#6547);
#6549=ORIENTED_EDGE('',*,*,#6409,.F.);
#6550=ORIENTED_EDGE('',*,*,#6433,.F.);
#6552=ORIENTED_EDGE('',*,*,#6551,.F.);
#6554=ORIENTED_EDGE('',*,*,#6553,.F.);
#6556=ORIENTED_EDGE('',*,*,#6555,.F.);
#6558=ORIENTED_EDGE('',*,*,#6557,.F.);
#6559=ORIENTED_EDGE('',*,*,#3389,.T.);
#6561=ORIENTED_EDGE('',*,*,#6560,.F.);
#6562=EDGE_LOOP('',(#6549,#6550,#6552,#6554,#6556,#6558,#6559,#6561));
#6563=FACE_OUTER_BOUND('',#6562,.F.);
#6565=CARTESIAN_POINT('',(0.E0,0.E0,2.0635E1));
#6566=DIRECTION('',(0.E0,0.E0,1.E0));
#6567=DIRECTION('',(1.E0,0.E0,0.E0));
#6568=AXIS2_PLACEMENT_3D('',#6565,#6566,#6567);
#6569=PLANE('',#6568);
#6570=ORIENTED_EDGE('',*,*,#6525,.F.);
#6571=ORIENTED_EDGE('',*,*,#6539,.F.);
#6572=ORIENTED_EDGE('',*,*,#3645,.T.);
#6574=ORIENTED_EDGE('',*,*,#6573,.F.);
#6576=ORIENTED_EDGE('',*,*,#6575,.F.);
#6578=ORIENTED_EDGE('',*,*,#6577,.F.);
#6580=ORIENTED_EDGE('',*,*,#6579,.F.);
#6581=ORIENTED_EDGE('',*,*,#6503,.F.);
#6582=EDGE_LOOP('',(#6570,#6571,#6572,#6574,#6576,#6578,#6580,#6581));
#6583=FACE_OUTER_BOUND('',#6582,.F.);
#6585=CARTESIAN_POINT('',(-5.184E0,-2.730023939208E0,2.010899237521E1));
#6586=DIRECTION('',(0.E0,5.256948378438E-1,-8.506732260183E-1));
#6587=DIRECTION('',(0.E0,8.506732260183E-1,5.256948378438E-1));
#6588=AXIS2_PLACEMENT_3D('',#6585,#6586,#6587);
#6589=PLANE('',#6588);
#6591=ORIENTED_EDGE('',*,*,#6590,.F.);
#6592=ORIENTED_EDGE('',*,*,#6505,.T.);
#6593=ORIENTED_EDGE('',*,*,#6579,.T.);
#6595=ORIENTED_EDGE('',*,*,#6594,.F.);
#6596=EDGE_LOOP('',(#6591,#6592,#6593,#6595));
#6597=FACE_OUTER_BOUND('',#6596,.F.);
#6599=CARTESIAN_POINT('',(-5.184E0,-2.730023939208E0,2.010899237521E1));
#6600=DIRECTION('',(0.E0,5.256948378438E-1,-8.506732260183E-1));
#6601=DIRECTION('',(0.E0,8.506732260183E-1,5.256948378438E-1));
#6602=AXIS2_PLACEMENT_3D('',#6599,#6600,#6601);
#6603=PLANE('',#6602);
#6605=ORIENTED_EDGE('',*,*,#6604,.F.);
#6607=ORIENTED_EDGE('',*,*,#6606,.T.);
#6608=ORIENTED_EDGE('',*,*,#6551,.T.);
#6609=ORIENTED_EDGE('',*,*,#6431,.F.);
#6610=EDGE_LOOP('',(#6605,#6607,#6608,#6609));
#6611=FACE_OUTER_BOUND('',#6610,.F.);
#6613=CARTESIAN_POINT('',(-5.184E0,-6.160023939208E0,2.010899237521E1));
#6614=DIRECTION('',(0.E0,0.E0,-1.E0));
#6615=DIRECTION('',(0.E0,1.E0,0.E0));
#6616=AXIS2_PLACEMENT_3D('',#6613,#6614,#6615);
#6617=PLANE('',#6616);
#6618=ORIENTED_EDGE('',*,*,#6590,.T.);
#6620=ORIENTED_EDGE('',*,*,#6619,.F.);
#6622=ORIENTED_EDGE('',*,*,#6621,.F.);
#6623=ORIENTED_EDGE('',*,*,#6507,.T.);
#6624=EDGE_LOOP('',(#6618,#6620,#6622,#6623));
#6625=FACE_OUTER_BOUND('',#6624,.F.);
#6627=CARTESIAN_POINT('',(-5.184E0,-6.160023939208E0,2.010899237521E1));
#6628=DIRECTION('',(0.E0,0.E0,-1.E0));
#6629=DIRECTION('',(0.E0,1.E0,0.E0));
#6630=AXIS2_PLACEMENT_3D('',#6627,#6628,#6629);
#6631=PLANE('',#6630);
#6632=ORIENTED_EDGE('',*,*,#6604,.T.);
#6633=ORIENTED_EDGE('',*,*,#6429,.F.);
#6635=ORIENTED_EDGE('',*,*,#6634,.F.);
#6637=ORIENTED_EDGE('',*,*,#6636,.T.);
#6638=EDGE_LOOP('',(#6632,#6633,#6635,#6637));
#6639=FACE_OUTER_BOUND('',#6638,.F.);
#6641=CARTESIAN_POINT('',(-4.065387618713E0,-6.160023939208E0,1.8985E1));
#6642=DIRECTION('',(9.975948487503E-1,-6.931462866478E-2,0.E0));
#6643=DIRECTION('',(6.931462866478E-2,9.975948487503E-1,0.E0));
#6644=AXIS2_PLACEMENT_3D('',#6641,#6642,#6643);
#6645=PLANE('',#6644);
#6647=ORIENTED_EDGE('',*,*,#6646,.F.);
#6648=ORIENTED_EDGE('',*,*,#6389,.F.);
#6649=ORIENTED_EDGE('',*,*,#6445,.T.);
#6650=ORIENTED_EDGE('',*,*,#6477,.F.);
#6652=ORIENTED_EDGE('',*,*,#6651,.T.);
#6653=ORIENTED_EDGE('',*,*,#6619,.T.);
#6654=ORIENTED_EDGE('',*,*,#6594,.T.);
#6655=ORIENTED_EDGE('',*,*,#6577,.T.);
#6656=EDGE_LOOP('',(#6647,#6648,#6649,#6650,#6652,#6653,#6654,#6655));
#6657=FACE_OUTER_BOUND('',#6656,.F.);
#6659=CARTESIAN_POINT('',(-3.215619994442E0,-1.143423384520E0,
-2.398167896655E1));
#6660=DIRECTION('',(0.E0,0.E0,1.E0));
#6661=DIRECTION('',(-3.712221041445E-1,9.285441020191E-1,0.E0));
#6662=AXIS2_PLACEMENT_3D('',#6659,#6660,#6661);
#6663=CYLINDRICAL_SURFACE('',#6662,5.E-1);
#6664=ORIENTED_EDGE('',*,*,#6391,.T.);
#6665=ORIENTED_EDGE('',*,*,#6646,.T.);
#6666=ORIENTED_EDGE('',*,*,#6575,.T.);
#6668=ORIENTED_EDGE('',*,*,#6667,.F.);
#6669=EDGE_LOOP('',(#6664,#6665,#6666,#6668));
#6670=FACE_OUTER_BOUND('',#6669,.F.);
#6672=CARTESIAN_POINT('',(-3.692662438446E0,-7.956625194538E-1,1.8985E1));
#6673=DIRECTION('',(3.712221041445E-1,-9.285441020191E-1,0.E0));
#6674=DIRECTION('',(9.285441020191E-1,3.712221041445E-1,0.E0));
#6675=AXIS2_PLACEMENT_3D('',#6672,#6673,#6674);
#6676=PLANE('',#6675);
#6677=ORIENTED_EDGE('',*,*,#6667,.T.);
#6678=ORIENTED_EDGE('',*,*,#6573,.T.);
#6679=ORIENTED_EDGE('',*,*,#3643,.F.);
#6680=ORIENTED_EDGE('',*,*,#6393,.F.);
#6681=EDGE_LOOP('',(#6677,#6678,#6679,#6680));
#6682=FACE_OUTER_BOUND('',#6681,.F.);
#6684=CARTESIAN_POINT('',(-4.32E0,-6.160023939208E0,1.8985E1));
#6685=DIRECTION('',(0.E0,-1.E0,0.E0));
#6686=DIRECTION('',(1.E0,0.E0,0.E0));
#6687=AXIS2_PLACEMENT_3D('',#6684,#6685,#6686);
#6688=PLANE('',#6687);
#6689=ORIENTED_EDGE('',*,*,#6475,.F.);
#6690=ORIENTED_EDGE('',*,*,#6509,.T.);
#6691=ORIENTED_EDGE('',*,*,#6621,.T.);
#6692=ORIENTED_EDGE('',*,*,#6651,.F.);
#6693=EDGE_LOOP('',(#6689,#6690,#6691,#6692));
#6694=FACE_OUTER_BOUND('',#6693,.F.);
#6696=CARTESIAN_POINT('',(4.065387618713E0,-6.160023939208E0,1.8985E1));
#6697=DIRECTION('',(0.E0,-1.E0,0.E0));
#6698=DIRECTION('',(1.E0,0.E0,0.E0));
#6699=AXIS2_PLACEMENT_3D('',#6696,#6697,#6698);
#6700=PLANE('',#6699);
#6701=ORIENTED_EDGE('',*,*,#6490,.F.);
#6703=ORIENTED_EDGE('',*,*,#6702,.T.);
#6704=ORIENTED_EDGE('',*,*,#6634,.T.);
#6705=ORIENTED_EDGE('',*,*,#6427,.F.);
#6706=EDGE_LOOP('',(#6701,#6703,#6704,#6705));
#6707=FACE_OUTER_BOUND('',#6706,.F.);
#6709=CARTESIAN_POINT('',(3.692662438446E0,-7.956625194538E-1,1.8985E1));
#6710=DIRECTION('',(-9.975948487503E-1,-6.931462866478E-2,0.E0));
#6711=DIRECTION('',(6.931462866478E-2,-9.975948487503E-1,0.E0));
#6712=AXIS2_PLACEMENT_3D('',#6709,#6710,#6711);
#6713=PLANE('',#6712);
#6715=ORIENTED_EDGE('',*,*,#6714,.T.);
#6716=ORIENTED_EDGE('',*,*,#6553,.T.);
#6717=ORIENTED_EDGE('',*,*,#6606,.F.);
#6718=ORIENTED_EDGE('',*,*,#6636,.F.);
#6719=ORIENTED_EDGE('',*,*,#6702,.F.);
#6720=ORIENTED_EDGE('',*,*,#6488,.T.);
#6721=ORIENTED_EDGE('',*,*,#6462,.F.);
#6722=ORIENTED_EDGE('',*,*,#6369,.F.);
#6723=EDGE_LOOP('',(#6715,#6716,#6717,#6718,#6719,#6720,#6721,#6722));
#6724=FACE_OUTER_BOUND('',#6723,.F.);
#6726=CARTESIAN_POINT('',(3.215619994442E0,-1.143423384520E0,
-2.783120813828E1));
#6727=DIRECTION('',(0.E0,0.E0,1.E0));
#6728=DIRECTION('',(9.975948487503E-1,6.931462866478E-2,0.E0));
#6729=AXIS2_PLACEMENT_3D('',#6726,#6727,#6728);
#6730=CYLINDRICAL_SURFACE('',#6729,5.E-1);
#6731=ORIENTED_EDGE('',*,*,#6367,.T.);
#6733=ORIENTED_EDGE('',*,*,#6732,.T.);
#6734=ORIENTED_EDGE('',*,*,#6555,.T.);
#6735=ORIENTED_EDGE('',*,*,#6714,.F.);
#6736=EDGE_LOOP('',(#6731,#6733,#6734,#6735));
#6737=FACE_OUTER_BOUND('',#6736,.F.);
#6739=CARTESIAN_POINT('',(2.749129966793E0,-4.184482237686E-1,1.8985E1));
#6740=DIRECTION('',(-3.712221041445E-1,-9.285441020191E-1,0.E0));
#6741=DIRECTION('',(9.285441020191E-1,-3.712221041445E-1,0.E0));
#6742=AXIS2_PLACEMENT_3D('',#6739,#6740,#6741);
#6743=PLANE('',#6742);
#6744=ORIENTED_EDGE('',*,*,#6732,.F.);
#6745=ORIENTED_EDGE('',*,*,#6365,.F.);
#6746=ORIENTED_EDGE('',*,*,#3391,.T.);
#6747=ORIENTED_EDGE('',*,*,#6557,.T.);
#6748=EDGE_LOOP('',(#6744,#6745,#6746,#6747));
#6749=FACE_OUTER_BOUND('',#6748,.F.);
#6751=CARTESIAN_POINT('',(3.935E0,-6.19E-1,1.8985E1));
#6752=DIRECTION('',(3.712221041445E-1,9.285441020191E-1,0.E0));
#6753=DIRECTION('',(-9.285441020191E-1,3.712221041445E-1,0.E0));
#6754=AXIS2_PLACEMENT_3D('',#6751,#6752,#6753);
#6755=PLANE('',#6754);
#6756=ORIENTED_EDGE('',*,*,#6411,.F.);
#6757=ORIENTED_EDGE('',*,*,#6560,.T.);
#6758=ORIENTED_EDGE('',*,*,#3387,.F.);
#6759=ORIENTED_EDGE('',*,*,#6362,.F.);
#6760=EDGE_LOOP('',(#6756,#6757,#6758,#6759));
#6761=FACE_OUTER_BOUND('',#6760,.F.);
#6763=CARTESIAN_POINT('',(-2.987000786207E0,-1.840020384619E0,0.E0));
#6764=DIRECTION('',(0.E0,-1.E0,0.E0));
#6765=DIRECTION('',(1.E0,0.E0,0.E0));
#6766=AXIS2_PLACEMENT_3D('',#6763,#6764,#6765);
#6767=PLANE('',#6766);
#6768=ORIENTED_EDGE('',*,*,#3280,.T.);
#6769=ORIENTED_EDGE('',*,*,#3321,.F.);
#6770=ORIENTED_EDGE('',*,*,#3242,.F.);
#6771=ORIENTED_EDGE('',*,*,#3575,.T.);
#6772=EDGE_LOOP('',(#6768,#6769,#6770,#6771));
#6773=FACE_OUTER_BOUND('',#6772,.F.);
#6775=CLOSED_SHELL('',(#3252,#3267,#3286,#3299,#3312,#3405,#3428,#3452,#3467,
#3489,#3504,#3518,#3540,#3554,#3568,#3659,#3673,#3687,#3708,#3722,#3735,#3756,
#3770,#3783,#3801,#3818,#3831,#3844,#3857,#3870,#3882,#3894,#3906,#3929,#3952,
#3967,#3989,#4004,#4018,#4040,#4054,#4067,#4088,#4108,#4122,#4136,#4156,#4169,
#4181,#4195,#4208,#4227,#4240,#4252,#4265,#4278,#4290,#4302,#4314,#4337,#4360,
#4375,#4397,#4412,#4426,#4448,#4462,#4475,#4496,#4516,#4530,#4544,#4564,#4577,
#4589,#4603,#4616,#4635,#4648,#4660,#4673,#4686,#4698,#4710,#4722,#4745,#4768,
#4783,#4805,#4820,#4834,#4856,#4870,#4883,#4904,#4924,#4938,#4952,#4972,#4985,
#4997,#5011,#5024,#5043,#5056,#5068,#5081,#5094,#5106,#5118,#5130,#5153,#5176,
#5191,#5213,#5228,#5242,#5264,#5278,#5291,#5312,#5332,#5346,#5360,#5380,#5393,
#5405,#5419,#5432,#5451,#5464,#5476,#5489,#5502,#5514,#5526,#5538,#5561,#5584,
#5599,#5621,#5636,#5650,#5672,#5686,#5699,#5720,#5740,#5754,#5768,#5788,#5801,
#5813,#5827,#5840,#5859,#5872,#5884,#5897,#5910,#5922,#5934,#5946,#5969,#5992,
#6007,#6029,#6044,#6058,#6080,#6094,#6107,#6128,#6148,#6162,#6176,#6196,#6209,
#6221,#6235,#6248,#6267,#6280,#6292,#6305,#6318,#6330,#6342,#6354,#6377,#6400,
#6415,#6437,#6452,#6466,#6481,#6495,#6516,#6530,#6543,#6564,#6584,#6598,#6612,
#6626,#6640,#6658,#6671,#6683,#6695,#6708,#6725,#6738,#6750,#6762,#6774));
#6776=MANIFOLD_SOLID_BREP('',#6775);
#6778=DIMENSIONAL_EXPONENTS(0.E0,0.E0,0.E0,0.E0,0.E0,0.E0,0.E0);
#6780=PLANE_ANGLE_MEASURE_WITH_UNIT(PLANE_ANGLE_MEASURE(1.745329251994E-2),
#6779);
#6781=(CONVERSION_BASED_UNIT('DEGREE',#6780)NAMED_UNIT(*)PLANE_ANGLE_UNIT());
#6783=UNCERTAINTY_MEASURE_WITH_UNIT(LENGTH_MEASURE(1.316868250515E-3),#6777,
'closure',
'Maximum model space distance between geometric entities at asserted connectivities');
#6786=APPLICATION_CONTEXT(
'CONFIGURATION CONTROLLED 3D DESIGNS OF MECHANICAL PARTS AND ASSEMBLIES');
#6787=APPLICATION_PROTOCOL_DEFINITION('international standard',
'config_control_design',1994,#6786);
#6788=DESIGN_CONTEXT('',#6786,'design');
#6789=MECHANICAL_CONTEXT('',#6786,'mechanical');
#6790=PRODUCT('4120R','4120R','NOT SPECIFIED',(#6789));
#6791=PRODUCT_DEFINITION_FORMATION_WITH_SPECIFIED_SOURCE('2','LAST_VERSION',
#6790,.MADE.);
#6795=PRODUCT_CATEGORY('part','');
#6796=PRODUCT_RELATED_PRODUCT_CATEGORY('detail','',(#6790));
#6797=PRODUCT_CATEGORY_RELATIONSHIP('','',#6795,#6796);
#6798=SECURITY_CLASSIFICATION_LEVEL('unclassified');
#6799=SECURITY_CLASSIFICATION('','',#6798);
#6800=CC_DESIGN_SECURITY_CLASSIFICATION(#6799,(#6791));
#6801=APPROVAL_STATUS('approved');
#6802=APPROVAL(#6801,'');
#6803=CC_DESIGN_APPROVAL(#6802,(#6799,#6791,#6792));
#6804=CALENDAR_DATE(112,22,8);
#6805=COORDINATED_UNIVERSAL_TIME_OFFSET(7,0,.BEHIND.);
#6806=LOCAL_TIME(8,28,3.2E1,#6805);
#6807=DATE_AND_TIME(#6804,#6806);
#6808=APPROVAL_DATE_TIME(#6807,#6802);
#6809=DATE_TIME_ROLE('creation_date');
#6810=CC_DESIGN_DATE_AND_TIME_ASSIGNMENT(#6807,#6809,(#6792));
#6811=DATE_TIME_ROLE('classification_date');
#6812=CC_DESIGN_DATE_AND_TIME_ASSIGNMENT(#6807,#6811,(#6799));
#6813=PERSON('UNSPECIFIED','UNSPECIFIED',$,$,$,$);
#6814=ORGANIZATION('UNSPECIFIED','UNSPECIFIED','UNSPECIFIED');
#6815=PERSON_AND_ORGANIZATION(#6813,#6814);
#6816=APPROVAL_ROLE('approver');
#6817=APPROVAL_PERSON_ORGANIZATION(#6815,#6802,#6816);
#6818=PERSON_AND_ORGANIZATION_ROLE('creator');
#6819=CC_DESIGN_PERSON_AND_ORGANIZATION_ASSIGNMENT(#6815,#6818,(#6791,#6792));
#6820=PERSON_AND_ORGANIZATION_ROLE('design_supplier');
#6821=CC_DESIGN_PERSON_AND_ORGANIZATION_ASSIGNMENT(#6815,#6820,(#6791));
#6822=PERSON_AND_ORGANIZATION_ROLE('classification_officer');
#6823=CC_DESIGN_PERSON_AND_ORGANIZATION_ASSIGNMENT(#6815,#6822,(#6799));
#6824=PERSON_AND_ORGANIZATION_ROLE('design_owner');
#6825=CC_DESIGN_PERSON_AND_ORGANIZATION_ASSIGNMENT(#6815,#6824,(#6790));
#189=CIRCLE('',#188,5.E-1);
#214=CIRCLE('',#213,5.E-1);
#427=CIRCLE('',#426,5.E-1);
#432=CIRCLE('',#431,5.E-1);
#489=CIRCLE('',#488,5.E-1);
#494=CIRCLE('',#493,5.E-1);
#503=CIRCLE('',#502,5.E-1);
#528=CIRCLE('',#527,5.E-1);
#589=CIRCLE('',#588,5.E-1);
#614=CIRCLE('',#613,5.E-1);
#687=CIRCLE('',#686,5.E-1);
#712=CIRCLE('',#711,5.E-1);
#769=CIRCLE('',#768,5.E-1);
#774=CIRCLE('',#773,5.E-1);
#811=CIRCLE('',#810,5.E-1);
#816=CIRCLE('',#815,5.E-1);
#853=CIRCLE('',#852,5.E-1);
#878=CIRCLE('',#877,5.E-1);
#951=CIRCLE('',#950,5.E-1);
#976=CIRCLE('',#975,5.E-1);
#1033=CIRCLE('',#1032,5.E-1);
#1038=CIRCLE('',#1037,5.E-1);
#1075=CIRCLE('',#1074,5.E-1);
#1080=CIRCLE('',#1079,5.E-1);
#1117=CIRCLE('',#1116,5.E-1);
#1142=CIRCLE('',#1141,5.E-1);
#1215=CIRCLE('',#1214,5.E-1);
#1240=CIRCLE('',#1239,5.E-1);
#1297=CIRCLE('',#1296,5.E-1);
#1302=CIRCLE('',#1301,5.E-1);
#1339=CIRCLE('',#1338,5.E-1);
#1344=CIRCLE('',#1343,5.E-1);
#1381=CIRCLE('',#1380,5.E-1);
#1406=CIRCLE('',#1405,5.E-1);
#1479=CIRCLE('',#1478,5.E-1);
#1504=CIRCLE('',#1503,5.E-1);
#1561=CIRCLE('',#1560,5.E-1);
#1566=CIRCLE('',#1565,5.E-1);
#1603=CIRCLE('',#1602,5.E-1);
#1608=CIRCLE('',#1607,5.E-1);
#1645=CIRCLE('',#1644,5.E-1);
#1670=CIRCLE('',#1669,5.E-1);
#1743=CIRCLE('',#1742,5.E-1);
#1768=CIRCLE('',#1767,5.E-1);
#1825=CIRCLE('',#1824,5.E-1);
#1830=CIRCLE('',#1829,5.E-1);
#1867=CIRCLE('',#1866,5.E-1);
#1872=CIRCLE('',#1871,5.E-1);
#1909=CIRCLE('',#1908,5.E-1);
#1934=CIRCLE('',#1933,5.E-1);
#2007=CIRCLE('',#2006,5.E-1);
#2032=CIRCLE('',#2031,5.E-1);
#2089=CIRCLE('',#2088,5.E-1);
#2094=CIRCLE('',#2093,5.E-1);
#2131=CIRCLE('',#2130,5.E-1);
#2136=CIRCLE('',#2135,5.E-1);
#2173=CIRCLE('',#2172,5.E-1);
#2198=CIRCLE('',#2197,5.E-1);
#2279=CIRCLE('',#2278,5.E-1);
#2304=CIRCLE('',#2303,5.E-1);
#2361=CIRCLE('',#2360,5.E-1);
#2366=CIRCLE('',#2365,5.E-1);
#2419=CIRCLE('',#2418,5.E-1);
#2424=CIRCLE('',#2423,5.E-1);
#3238=EDGE_CURVE('',#2443,#2444,#4,.T.);
#3240=EDGE_CURVE('',#2444,#2446,#8,.T.);
#3242=EDGE_CURVE('',#2446,#2449,#12,.T.);
#3244=EDGE_CURVE('',#2449,#2450,#16,.T.);
#3246=EDGE_CURVE('',#2450,#2452,#20,.T.);
#3248=EDGE_CURVE('',#2452,#2443,#24,.T.);
#3252=ADVANCED_FACE('',(#3251),#3237,.F.);
#3258=EDGE_CURVE('',#3159,#3160,#28,.T.);
#3260=EDGE_CURVE('',#2444,#3160,#418,.T.);
#3263=EDGE_CURVE('',#2443,#3159,#32,.T.);
#3267=ADVANCED_FACE('',(#3266),#3257,.T.);
#3274=EDGE_CURVE('',#3168,#3159,#36,.T.);
#3276=EDGE_CURVE('',#3166,#3168,#44,.T.);
#3278=EDGE_CURVE('',#3165,#3166,#180,.T.);
#3280=EDGE_CURVE('',#3162,#3165,#2436,.T.);
#3282=EDGE_CURVE('',#3160,#3162,#414,.T.);
#3286=ADVANCED_FACE('',(#3285),#3272,.F.);
#3295=EDGE_CURVE('',#2452,#3168,#40,.T.);
#3299=ADVANCED_FACE('',(#3298),#3291,.T.);
#3308=EDGE_CURVE('',#2450,#3166,#48,.T.);
#3312=ADVANCED_FACE('',(#3311),#3304,.T.);
#3321=EDGE_CURVE('',#2449,#3165,#184,.T.);
#3325=EDGE_CURVE('',#2479,#2480,#68,.T.);
#3327=EDGE_CURVE('',#2480,#2484,#72,.T.);
#3329=EDGE_CURVE('',#2483,#2484,#76,.T.);
#3331=EDGE_CURVE('',#2479,#2483,#80,.T.);
#3335=EDGE_CURVE('',#2495,#2496,#84,.T.);
#3337=EDGE_CURVE('',#2496,#2500,#88,.T.);
#3339=EDGE_CURVE('',#2499,#2500,#92,.T.);
#3341=EDGE_CURVE('',#2495,#2499,#96,.T.);
#3345=EDGE_CURVE('',#2511,#2512,#100,.T.);
#3347=EDGE_CURVE('',#2512,#2516,#104,.T.);
#3349=EDGE_CURVE('',#2515,#2516,#108,.T.);
#3351=EDGE_CURVE('',#2511,#2515,#112,.T.);
#3355=EDGE_CURVE('',#2527,#2528,#116,.T.);
#3357=EDGE_CURVE('',#2528,#2532,#120,.T.);
#3359=EDGE_CURVE('',#2531,#2532,#124,.T.);
#3361=EDGE_CURVE('',#2527,#2531,#128,.T.);
#3365=EDGE_CURVE('',#2543,#2544,#132,.T.);
#3367=EDGE_CURVE('',#2544,#2548,#136,.T.);
#3369=EDGE_CURVE('',#2547,#2548,#140,.T.);
#3371=EDGE_CURVE('',#2543,#2547,#144,.T.);
#3375=EDGE_CURVE('',#2559,#2560,#148,.T.);
#3377=EDGE_CURVE('',#2560,#2564,#152,.T.);
#3379=EDGE_CURVE('',#2563,#2564,#156,.T.);
#3381=EDGE_CURVE('',#2559,#2563,#160,.T.);
#3385=EDGE_CURVE('',#3179,#3180,#164,.T.);
#3387=EDGE_CURVE('',#3180,#3184,#168,.T.);
#3389=EDGE_CURVE('',#3183,#3184,#172,.T.);
#3391=EDGE_CURVE('',#3179,#3183,#176,.T.);
#3395=EDGE_CURVE('',#2463,#2464,#52,.T.);
#3397=EDGE_CURVE('',#2464,#2468,#56,.T.);
#3399=EDGE_CURVE('',#2467,#2468,#60,.T.);
#3401=EDGE_CURVE('',#2463,#2467,#64,.T.);
#3405=ADVANCED_FACE('',(#3324,#3334,#3344,#3354,#3364,#3374,#3384,#3394,#3404),
#3317,.T.);
#3411=EDGE_CURVE('',#2935,#2936,#189,.T.);
#3413=EDGE_CURVE('',#2935,#2464,#193,.T.);
#3416=EDGE_CURVE('',#2463,#2923,#197,.T.);
#3418=EDGE_CURVE('',#2919,#2923,#489,.T.);
#3420=EDGE_CURVE('',#2919,#2571,#201,.T.);
#3422=EDGE_CURVE('',#2571,#2572,#205,.T.);
#3424=EDGE_CURVE('',#2572,#2936,#209,.T.);
#3428=ADVANCED_FACE('',(#3427),#3410,.F.);
#3434=EDGE_CURVE('',#2943,#2944,#214,.T.);
#3436=EDGE_CURVE('',#2943,#2567,#218,.T.);
#3438=EDGE_CURVE('',#2567,#2568,#222,.T.);
#3440=EDGE_CURVE('',#2568,#2931,#226,.T.);
#3442=EDGE_CURVE('',#2927,#2931,#427,.T.);
#3444=EDGE_CURVE('',#2927,#2456,#230,.T.);
#3446=EDGE_CURVE('',#2455,#2456,#286,.T.);
#3448=EDGE_CURVE('',#2455,#2944,#234,.T.);
#3452=ADVANCED_FACE('',(#3451),#3433,.F.);
#3459=EDGE_CURVE('',#2938,#2936,#238,.T.);
#3461=EDGE_CURVE('',#2938,#2940,#503,.T.);
#3463=EDGE_CURVE('',#2940,#2935,#584,.T.);
#3467=ADVANCED_FACE('',(#3466),#3457,.T.);
#3475=EDGE_CURVE('',#2572,#2594,#242,.T.);
#3477=EDGE_CURVE('',#2590,#2594,#246,.T.);
#3479=EDGE_CURVE('',#2590,#2592,#250,.T.);
#3481=EDGE_CURVE('',#2592,#2596,#254,.T.);
#3483=EDGE_CURVE('',#2596,#2580,#258,.T.);
#3485=EDGE_CURVE('',#2580,#2938,#507,.T.);
#3489=ADVANCED_FACE('',(#3488),#3472,.T.);
#3496=EDGE_CURVE('',#2567,#2598,#278,.T.);
#3498=EDGE_CURVE('',#2598,#2610,#464,.T.);
#3500=EDGE_CURVE('',#2568,#2610,#440,.T.);
#3504=ADVANCED_FACE('',(#3503),#3494,.F.);
#3511=EDGE_CURVE('',#2571,#2582,#484,.T.);
#3513=EDGE_CURVE('',#2582,#2594,#460,.T.);
#3518=ADVANCED_FACE('',(#3517),#3509,.F.);
#3524=EDGE_CURVE('',#2948,#2943,#262,.T.);
#3526=EDGE_CURVE('',#2948,#2575,#548,.T.);
#3528=EDGE_CURVE('',#2604,#2575,#266,.T.);
#3530=EDGE_CURVE('',#2603,#2604,#270,.T.);
#3532=EDGE_CURVE('',#2600,#2603,#576,.T.);
#3534=EDGE_CURVE('',#2600,#2598,#274,.T.);
#3540=ADVANCED_FACE('',(#3539),#3523,.T.);
#3547=EDGE_CURVE('',#2946,#2944,#282,.T.);
#3549=EDGE_CURVE('',#2946,#2948,#528,.T.);
#3554=ADVANCED_FACE('',(#3553),#3545,.T.);
#3562=EDGE_CURVE('',#2455,#2459,#298,.T.);
#3564=EDGE_CURVE('',#2459,#2946,#532,.T.);
#3568=ADVANCED_FACE('',(#3567),#3559,.T.);
#3575=EDGE_CURVE('',#2446,#3162,#2440,.T.);
#3581=EDGE_CURVE('',#2471,#2472,#302,.T.);
#3583=EDGE_CURVE('',#2472,#2476,#306,.T.);
#3585=EDGE_CURVE('',#2475,#2476,#310,.T.);
#3587=EDGE_CURVE('',#2471,#2475,#314,.T.);
#3591=EDGE_CURVE('',#2487,#2488,#318,.T.);
#3593=EDGE_CURVE('',#2488,#2492,#322,.T.);
#3595=EDGE_CURVE('',#2491,#2492,#326,.T.);
#3597=EDGE_CURVE('',#2487,#2491,#330,.T.);
#3601=EDGE_CURVE('',#2503,#2504,#334,.T.);
#3603=EDGE_CURVE('',#2504,#2508,#338,.T.);
#3605=EDGE_CURVE('',#2507,#2508,#342,.T.);
#3607=EDGE_CURVE('',#2503,#2507,#346,.T.);
#3611=EDGE_CURVE('',#2519,#2520,#350,.T.);
#3613=EDGE_CURVE('',#2520,#2524,#354,.T.);
#3615=EDGE_CURVE('',#2523,#2524,#358,.T.);
#3617=EDGE_CURVE('',#2519,#2523,#362,.T.);
#3621=EDGE_CURVE('',#2535,#2536,#366,.T.);
#3623=EDGE_CURVE('',#2536,#2540,#370,.T.);
#3625=EDGE_CURVE('',#2539,#2540,#374,.T.);
#3627=EDGE_CURVE('',#2535,#2539,#378,.T.);
#3631=EDGE_CURVE('',#2551,#2552,#382,.T.);
#3633=EDGE_CURVE('',#2552,#2556,#386,.T.);
#3635=EDGE_CURVE('',#2555,#2556,#390,.T.);
#3637=EDGE_CURVE('',#2551,#2555,#394,.T.);
#3641=EDGE_CURVE('',#3171,#3172,#398,.T.);
#3643=EDGE_CURVE('',#3172,#3176,#402,.T.);
#3645=EDGE_CURVE('',#3175,#3176,#406,.T.);
#3647=EDGE_CURVE('',#3171,#3175,#410,.T.);
#3652=EDGE_CURVE('',#2456,#2460,#290,.T.);
#3654=EDGE_CURVE('',#2459,#2460,#294,.T.);
#3659=ADVANCED_FACE('',(#3580,#3590,#3600,#3610,#3620,#3630,#3640,#3650,#3658),
#3573,.T.);
#3665=EDGE_CURVE('',#2927,#2928,#422,.T.);
#3667=EDGE_CURVE('',#2928,#2460,#536,.T.);
#3673=ADVANCED_FACE('',(#3672),#3664,.T.);
#3681=EDGE_CURVE('',#2931,#2932,#436,.T.);
#3683=EDGE_CURVE('',#2932,#2928,#432,.T.);
#3687=ADVANCED_FACE('',(#3686),#3678,.F.);
#3696=EDGE_CURVE('',#2606,#2610,#444,.T.);
#3698=EDGE_CURVE('',#2606,#2608,#448,.T.);
#3700=EDGE_CURVE('',#2608,#2612,#452,.T.);
#3702=EDGE_CURVE('',#2612,#2576,#456,.T.);
#3704=EDGE_CURVE('',#2576,#2932,#540,.T.);
#3708=ADVANCED_FACE('',(#3707),#3692,.T.);
#3714=EDGE_CURVE('',#2584,#2582,#480,.T.);
#3716=EDGE_CURVE('',#2584,#2590,#560,.T.);
#3722=ADVANCED_FACE('',(#3721),#3713,.F.);
#3729=EDGE_CURVE('',#2600,#2606,#572,.T.);
#3735=ADVANCED_FACE('',(#3734),#3727,.F.);
#3741=EDGE_CURVE('',#2919,#2920,#468,.T.);
#3743=EDGE_CURVE('',#2920,#2579,#515,.T.);
#3745=EDGE_CURVE('',#2588,#2579,#472,.T.);
#3747=EDGE_CURVE('',#2587,#2588,#476,.T.);
#3749=EDGE_CURVE('',#2584,#2587,#564,.T.);
#3756=ADVANCED_FACE('',(#3755),#3740,.T.);
#3764=EDGE_CURVE('',#2923,#2924,#498,.T.);
#3766=EDGE_CURVE('',#2924,#2920,#494,.T.);
#3770=ADVANCED_FACE('',(#3769),#3761,.F.);
#3779=EDGE_CURVE('',#2467,#2924,#519,.T.);
#3783=ADVANCED_FACE('',(#3782),#3775,.T.);
#3791=EDGE_CURVE('',#2579,#2580,#511,.T.);
#3797=EDGE_CURVE('',#2940,#2468,#523,.T.);
#3801=ADVANCED_FACE('',(#3800),#3788,.T.);
#3813=EDGE_CURVE('',#2575,#2576,#544,.T.);
#3818=ADVANCED_FACE('',(#3817),#3806,.T.);
#3826=EDGE_CURVE('',#2604,#2612,#552,.T.);
#3831=ADVANCED_FACE('',(#3830),#3823,.F.);
#3839=EDGE_CURVE('',#2588,#2596,#556,.T.);
#3844=ADVANCED_FACE('',(#3843),#3836,.F.);
#3853=EDGE_CURVE('',#2587,#2592,#568,.T.);
#3857=ADVANCED_FACE('',(#3856),#3849,.F.);
#3866=EDGE_CURVE('',#2603,#2608,#580,.T.);
#3870=ADVANCED_FACE('',(#3869),#3862,.F.);
#3882=ADVANCED_FACE('',(#3881),#3875,.T.);
#3894=ADVANCED_FACE('',(#3893),#3887,.T.);
#3906=ADVANCED_FACE('',(#3905),#3899,.T.);
#3912=EDGE_CURVE('',#2967,#2968,#589,.T.);
#3914=EDGE_CURVE('',#2967,#2480,#593,.T.);
#3917=EDGE_CURVE('',#2479,#2955,#597,.T.);
#3919=EDGE_CURVE('',#2951,#2955,#811,.T.);
#3921=EDGE_CURVE('',#2951,#2619,#601,.T.);
#3923=EDGE_CURVE('',#2619,#2620,#605,.T.);
#3925=EDGE_CURVE('',#2620,#2968,#609,.T.);
#3929=ADVANCED_FACE('',(#3928),#3911,.F.);
#3935=EDGE_CURVE('',#2975,#2976,#614,.T.);
#3937=EDGE_CURVE('',#2975,#2615,#618,.T.);
#3939=EDGE_CURVE('',#2615,#2616,#622,.T.);
#3941=EDGE_CURVE('',#2616,#2963,#626,.T.);
#3943=EDGE_CURVE('',#2959,#2963,#769,.T.);
#3945=EDGE_CURVE('',#2959,#2472,#630,.T.);
#3948=EDGE_CURVE('',#2471,#2976,#634,.T.);
#3952=ADVANCED_FACE('',(#3951),#3934,.F.);
#3959=EDGE_CURVE('',#2970,#2968,#638,.T.);
#3961=EDGE_CURVE('',#2970,#2972,#687,.T.);
#3963=EDGE_CURVE('',#2972,#2967,#848,.T.);
#3967=ADVANCED_FACE('',(#3966),#3957,.T.);
#3975=EDGE_CURVE('',#2620,#2642,#642,.T.);
#3977=EDGE_CURVE('',#2638,#2642,#646,.T.);
#3979=EDGE_CURVE('',#2638,#2640,#650,.T.);
#3981=EDGE_CURVE('',#2640,#2644,#654,.T.);
#3983=EDGE_CURVE('',#2644,#2628,#658,.T.);
#3985=EDGE_CURVE('',#2628,#2970,#691,.T.);
#3989=ADVANCED_FACE('',(#3988),#3972,.T.);
#3996=EDGE_CURVE('',#2615,#2646,#678,.T.);
#3998=EDGE_CURVE('',#2646,#2658,#786,.T.);
#4000=EDGE_CURVE('',#2616,#2658,#748,.T.);
#4004=ADVANCED_FACE('',(#4003),#3994,.F.);
#4011=EDGE_CURVE('',#2619,#2630,#806,.T.);
#4013=EDGE_CURVE('',#2630,#2642,#782,.T.);
#4018=ADVANCED_FACE('',(#4017),#4009,.F.);
#4024=EDGE_CURVE('',#2980,#2975,#662,.T.);
#4026=EDGE_CURVE('',#2980,#2623,#732,.T.);
#4028=EDGE_CURVE('',#2652,#2623,#666,.T.);
#4030=EDGE_CURVE('',#2651,#2652,#670,.T.);
#4032=EDGE_CURVE('',#2648,#2651,#840,.T.);
#4034=EDGE_CURVE('',#2648,#2646,#674,.T.);
#4040=ADVANCED_FACE('',(#4039),#4023,.T.);
#4047=EDGE_CURVE('',#2978,#2976,#682,.T.);
#4049=EDGE_CURVE('',#2978,#2980,#712,.T.);
#4054=ADVANCED_FACE('',(#4053),#4045,.T.);
#4063=EDGE_CURVE('',#2475,#2978,#716,.T.);
#4067=ADVANCED_FACE('',(#4066),#4059,.T.);
#4075=EDGE_CURVE('',#2627,#2628,#695,.T.);
#4077=EDGE_CURVE('',#2952,#2627,#699,.T.);
#4079=EDGE_CURVE('',#2956,#2952,#816,.T.);
#4081=EDGE_CURVE('',#2483,#2956,#703,.T.);
#4084=EDGE_CURVE('',#2972,#2484,#707,.T.);
#4088=ADVANCED_FACE('',(#4087),#4072,.T.);
#4097=EDGE_CURVE('',#2960,#2476,#720,.T.);
#4099=EDGE_CURVE('',#2964,#2960,#774,.T.);
#4101=EDGE_CURVE('',#2624,#2964,#724,.T.);
#4103=EDGE_CURVE('',#2623,#2624,#728,.T.);
#4108=ADVANCED_FACE('',(#4107),#4093,.T.);
#4115=EDGE_CURVE('',#2660,#2624,#764,.T.);
#4117=EDGE_CURVE('',#2652,#2660,#736,.T.);
#4122=ADVANCED_FACE('',(#4121),#4113,.F.);
#4130=EDGE_CURVE('',#2636,#2644,#740,.T.);
#4132=EDGE_CURVE('',#2636,#2627,#794,.T.);
#4136=ADVANCED_FACE('',(#4135),#4127,.F.);
#4142=EDGE_CURVE('',#2963,#2964,#744,.T.);
#4146=EDGE_CURVE('',#2654,#2658,#752,.T.);
#4148=EDGE_CURVE('',#2654,#2656,#756,.T.);
#4150=EDGE_CURVE('',#2656,#2660,#760,.T.);
#4156=ADVANCED_FACE('',(#4155),#4141,.T.);
#4162=EDGE_CURVE('',#2959,#2960,#778,.T.);
#4169=ADVANCED_FACE('',(#4168),#4161,.F.);
#4181=ADVANCED_FACE('',(#4180),#4174,.T.);
#4187=EDGE_CURVE('',#2632,#2630,#802,.T.);
#4189=EDGE_CURVE('',#2632,#2638,#824,.T.);
#4195=ADVANCED_FACE('',(#4194),#4186,.F.);
#4202=EDGE_CURVE('',#2648,#2654,#836,.T.);
#4208=ADVANCED_FACE('',(#4207),#4200,.F.);
#4214=EDGE_CURVE('',#2951,#2952,#790,.T.);
#4218=EDGE_CURVE('',#2635,#2636,#798,.T.);
#4220=EDGE_CURVE('',#2632,#2635,#828,.T.);
#4227=ADVANCED_FACE('',(#4226),#4213,.T.);
#4235=EDGE_CURVE('',#2955,#2956,#820,.T.);
#4240=ADVANCED_FACE('',(#4239),#4232,.F.);
#4252=ADVANCED_FACE('',(#4251),#4245,.T.);
#4261=EDGE_CURVE('',#2635,#2640,#832,.T.);
#4265=ADVANCED_FACE('',(#4264),#4257,.F.);
#4274=EDGE_CURVE('',#2651,#2656,#844,.T.);
#4278=ADVANCED_FACE('',(#4277),#4270,.F.);
#4290=ADVANCED_FACE('',(#4289),#4283,.T.);
#4302=ADVANCED_FACE('',(#4301),#4295,.T.);
#4314=ADVANCED_FACE('',(#4313),#4307,.T.);
#4320=EDGE_CURVE('',#2999,#3000,#853,.T.);
#4322=EDGE_CURVE('',#2999,#2496,#857,.T.);
#4325=EDGE_CURVE('',#2495,#2987,#861,.T.);
#4327=EDGE_CURVE('',#2983,#2987,#1075,.T.);
#4329=EDGE_CURVE('',#2983,#2667,#865,.T.);
#4331=EDGE_CURVE('',#2667,#2668,#869,.T.);
#4333=EDGE_CURVE('',#2668,#3000,#873,.T.);
#4337=ADVANCED_FACE('',(#4336),#4319,.F.);
#4343=EDGE_CURVE('',#3007,#3008,#878,.T.);
#4345=EDGE_CURVE('',#3007,#2663,#882,.T.);
#4347=EDGE_CURVE('',#2663,#2664,#886,.T.);
#4349=EDGE_CURVE('',#2664,#2995,#890,.T.);
#4351=EDGE_CURVE('',#2991,#2995,#1033,.T.);
#4353=EDGE_CURVE('',#2991,#2488,#894,.T.);
#4356=EDGE_CURVE('',#2487,#3008,#898,.T.);
#4360=ADVANCED_FACE('',(#4359),#4342,.F.);
#4367=EDGE_CURVE('',#3002,#3000,#902,.T.);
#4369=EDGE_CURVE('',#3002,#3004,#951,.T.);
#4371=EDGE_CURVE('',#3004,#2999,#1112,.T.);
#4375=ADVANCED_FACE('',(#4374),#4365,.T.);
#4383=EDGE_CURVE('',#2668,#2690,#906,.T.);
#4385=EDGE_CURVE('',#2686,#2690,#910,.T.);
#4387=EDGE_CURVE('',#2686,#2688,#914,.T.);
#4389=EDGE_CURVE('',#2688,#2692,#918,.T.);
#4391=EDGE_CURVE('',#2692,#2676,#922,.T.);
#4393=EDGE_CURVE('',#2676,#3002,#955,.T.);
#4397=ADVANCED_FACE('',(#4396),#4380,.T.);
#4404=EDGE_CURVE('',#2663,#2694,#942,.T.);
#4406=EDGE_CURVE('',#2694,#2706,#1050,.T.);
#4408=EDGE_CURVE('',#2664,#2706,#1012,.T.);
#4412=ADVANCED_FACE('',(#4411),#4402,.F.);
#4419=EDGE_CURVE('',#2667,#2678,#1070,.T.);
#4421=EDGE_CURVE('',#2678,#2690,#1046,.T.);
#4426=ADVANCED_FACE('',(#4425),#4417,.F.);
#4432=EDGE_CURVE('',#3012,#3007,#926,.T.);
#4434=EDGE_CURVE('',#3012,#2671,#996,.T.);
#4436=EDGE_CURVE('',#2700,#2671,#930,.T.);
#4438=EDGE_CURVE('',#2699,#2700,#934,.T.);
#4440=EDGE_CURVE('',#2696,#2699,#1104,.T.);
#4442=EDGE_CURVE('',#2696,#2694,#938,.T.);
#4448=ADVANCED_FACE('',(#4447),#4431,.T.);
#4455=EDGE_CURVE('',#3010,#3008,#946,.T.);
#4457=EDGE_CURVE('',#3010,#3012,#976,.T.);
#4462=ADVANCED_FACE('',(#4461),#4453,.T.);
#4471=EDGE_CURVE('',#2491,#3010,#980,.T.);
#4475=ADVANCED_FACE('',(#4474),#4467,.T.);
#4483=EDGE_CURVE('',#2675,#2676,#959,.T.);
#4485=EDGE_CURVE('',#2984,#2675,#963,.T.);
#4487=EDGE_CURVE('',#2988,#2984,#1080,.T.);
#4489=EDGE_CURVE('',#2499,#2988,#967,.T.);
#4492=EDGE_CURVE('',#3004,#2500,#971,.T.);
#4496=ADVANCED_FACE('',(#4495),#4480,.T.);
#4505=EDGE_CURVE('',#2992,#2492,#984,.T.);
#4507=EDGE_CURVE('',#2996,#2992,#1038,.T.);
#4509=EDGE_CURVE('',#2672,#2996,#988,.T.);
#4511=EDGE_CURVE('',#2671,#2672,#992,.T.);
#4516=ADVANCED_FACE('',(#4515),#4501,.T.);
#4523=EDGE_CURVE('',#2708,#2672,#1028,.T.);
#4525=EDGE_CURVE('',#2700,#2708,#1000,.T.);
#4530=ADVANCED_FACE('',(#4529),#4521,.F.);
#4538=EDGE_CURVE('',#2684,#2692,#1004,.T.);
#4540=EDGE_CURVE('',#2684,#2675,#1058,.T.);
#4544=ADVANCED_FACE('',(#4543),#4535,.F.);
#4550=EDGE_CURVE('',#2995,#2996,#1008,.T.);
#4554=EDGE_CURVE('',#2702,#2706,#1016,.T.);
#4556=EDGE_CURVE('',#2702,#2704,#1020,.T.);
#4558=EDGE_CURVE('',#2704,#2708,#1024,.T.);
#4564=ADVANCED_FACE('',(#4563),#4549,.T.);
#4570=EDGE_CURVE('',#2991,#2992,#1042,.T.);
#4577=ADVANCED_FACE('',(#4576),#4569,.F.);
#4589=ADVANCED_FACE('',(#4588),#4582,.T.);
#4595=EDGE_CURVE('',#2680,#2678,#1066,.T.);
#4597=EDGE_CURVE('',#2680,#2686,#1088,.T.);
#4603=ADVANCED_FACE('',(#4602),#4594,.F.);
#4610=EDGE_CURVE('',#2696,#2702,#1100,.T.);
#4616=ADVANCED_FACE('',(#4615),#4608,.F.);
#4622=EDGE_CURVE('',#2983,#2984,#1054,.T.);
#4626=EDGE_CURVE('',#2683,#2684,#1062,.T.);
#4628=EDGE_CURVE('',#2680,#2683,#1092,.T.);
#4635=ADVANCED_FACE('',(#4634),#4621,.T.);
#4643=EDGE_CURVE('',#2987,#2988,#1084,.T.);
#4648=ADVANCED_FACE('',(#4647),#4640,.F.);
#4660=ADVANCED_FACE('',(#4659),#4653,.T.);
#4669=EDGE_CURVE('',#2683,#2688,#1096,.T.);
#4673=ADVANCED_FACE('',(#4672),#4665,.F.);
#4682=EDGE_CURVE('',#2699,#2704,#1108,.T.);
#4686=ADVANCED_FACE('',(#4685),#4678,.F.);
#4698=ADVANCED_FACE('',(#4697),#4691,.T.);
#4710=ADVANCED_FACE('',(#4709),#4703,.T.);
#4722=ADVANCED_FACE('',(#4721),#4715,.T.);
#4728=EDGE_CURVE('',#3031,#3032,#1117,.T.);
#4730=EDGE_CURVE('',#3031,#2512,#1121,.T.);
#4733=EDGE_CURVE('',#2511,#3019,#1125,.T.);
#4735=EDGE_CURVE('',#3015,#3019,#1339,.T.);
#4737=EDGE_CURVE('',#3015,#2715,#1129,.T.);
#4739=EDGE_CURVE('',#2715,#2716,#1133,.T.);
#4741=EDGE_CURVE('',#2716,#3032,#1137,.T.);
#4745=ADVANCED_FACE('',(#4744),#4727,.F.);
#4751=EDGE_CURVE('',#3039,#3040,#1142,.T.);
#4753=EDGE_CURVE('',#3039,#2711,#1146,.T.);
#4755=EDGE_CURVE('',#2711,#2712,#1150,.T.);
#4757=EDGE_CURVE('',#2712,#3027,#1154,.T.);
#4759=EDGE_CURVE('',#3023,#3027,#1297,.T.);
#4761=EDGE_CURVE('',#3023,#2504,#1158,.T.);
#4764=EDGE_CURVE('',#2503,#3040,#1162,.T.);
#4768=ADVANCED_FACE('',(#4767),#4750,.F.);
#4775=EDGE_CURVE('',#3034,#3032,#1166,.T.);
#4777=EDGE_CURVE('',#3034,#3036,#1215,.T.);
#4779=EDGE_CURVE('',#3036,#3031,#1376,.T.);
#4783=ADVANCED_FACE('',(#4782),#4773,.T.);
#4791=EDGE_CURVE('',#2716,#2738,#1170,.T.);
#4793=EDGE_CURVE('',#2734,#2738,#1174,.T.);
#4795=EDGE_CURVE('',#2734,#2736,#1178,.T.);
#4797=EDGE_CURVE('',#2736,#2740,#1182,.T.);
#4799=EDGE_CURVE('',#2740,#2724,#1186,.T.);
#4801=EDGE_CURVE('',#2724,#3034,#1219,.T.);
#4805=ADVANCED_FACE('',(#4804),#4788,.T.);
#4812=EDGE_CURVE('',#2711,#2742,#1206,.T.);
#4814=EDGE_CURVE('',#2742,#2754,#1314,.T.);
#4816=EDGE_CURVE('',#2712,#2754,#1276,.T.);
#4820=ADVANCED_FACE('',(#4819),#4810,.F.);
#4827=EDGE_CURVE('',#2715,#2726,#1334,.T.);
#4829=EDGE_CURVE('',#2726,#2738,#1310,.T.);
#4834=ADVANCED_FACE('',(#4833),#4825,.F.);
#4840=EDGE_CURVE('',#3044,#3039,#1190,.T.);
#4842=EDGE_CURVE('',#3044,#2719,#1260,.T.);
#4844=EDGE_CURVE('',#2748,#2719,#1194,.T.);
#4846=EDGE_CURVE('',#2747,#2748,#1198,.T.);
#4848=EDGE_CURVE('',#2744,#2747,#1368,.T.);
#4850=EDGE_CURVE('',#2744,#2742,#1202,.T.);
#4856=ADVANCED_FACE('',(#4855),#4839,.T.);
#4863=EDGE_CURVE('',#3042,#3040,#1210,.T.);
#4865=EDGE_CURVE('',#3042,#3044,#1240,.T.);
#4870=ADVANCED_FACE('',(#4869),#4861,.T.);
#4879=EDGE_CURVE('',#2507,#3042,#1244,.T.);
#4883=ADVANCED_FACE('',(#4882),#4875,.T.);
#4891=EDGE_CURVE('',#2723,#2724,#1223,.T.);
#4893=EDGE_CURVE('',#3016,#2723,#1227,.T.);
#4895=EDGE_CURVE('',#3020,#3016,#1344,.T.);
#4897=EDGE_CURVE('',#2515,#3020,#1231,.T.);
#4900=EDGE_CURVE('',#3036,#2516,#1235,.T.);
#4904=ADVANCED_FACE('',(#4903),#4888,.T.);
#4913=EDGE_CURVE('',#3024,#2508,#1248,.T.);
#4915=EDGE_CURVE('',#3028,#3024,#1302,.T.);
#4917=EDGE_CURVE('',#2720,#3028,#1252,.T.);
#4919=EDGE_CURVE('',#2719,#2720,#1256,.T.);
#4924=ADVANCED_FACE('',(#4923),#4909,.T.);
#4931=EDGE_CURVE('',#2756,#2720,#1292,.T.);
#4933=EDGE_CURVE('',#2748,#2756,#1264,.T.);
#4938=ADVANCED_FACE('',(#4937),#4929,.F.);
#4946=EDGE_CURVE('',#2732,#2740,#1268,.T.);
#4948=EDGE_CURVE('',#2732,#2723,#1322,.T.);
#4952=ADVANCED_FACE('',(#4951),#4943,.F.);
#4958=EDGE_CURVE('',#3027,#3028,#1272,.T.);
#4962=EDGE_CURVE('',#2750,#2754,#1280,.T.);
#4964=EDGE_CURVE('',#2750,#2752,#1284,.T.);
#4966=EDGE_CURVE('',#2752,#2756,#1288,.T.);
#4972=ADVANCED_FACE('',(#4971),#4957,.T.);
#4978=EDGE_CURVE('',#3023,#3024,#1306,.T.);
#4985=ADVANCED_FACE('',(#4984),#4977,.F.);
#4997=ADVANCED_FACE('',(#4996),#4990,.T.);
#5003=EDGE_CURVE('',#2728,#2726,#1330,.T.);
#5005=EDGE_CURVE('',#2728,#2734,#1352,.T.);
#5011=ADVANCED_FACE('',(#5010),#5002,.F.);
#5018=EDGE_CURVE('',#2744,#2750,#1364,.T.);
#5024=ADVANCED_FACE('',(#5023),#5016,.F.);
#5030=EDGE_CURVE('',#3015,#3016,#1318,.T.);
#5034=EDGE_CURVE('',#2731,#2732,#1326,.T.);
#5036=EDGE_CURVE('',#2728,#2731,#1356,.T.);
#5043=ADVANCED_FACE('',(#5042),#5029,.T.);
#5051=EDGE_CURVE('',#3019,#3020,#1348,.T.);
#5056=ADVANCED_FACE('',(#5055),#5048,.F.);
#5068=ADVANCED_FACE('',(#5067),#5061,.T.);
#5077=EDGE_CURVE('',#2731,#2736,#1360,.T.);
#5081=ADVANCED_FACE('',(#5080),#5073,.F.);
#5090=EDGE_CURVE('',#2747,#2752,#1372,.T.);
#5094=ADVANCED_FACE('',(#5093),#5086,.F.);
#5106=ADVANCED_FACE('',(#5105),#5099,.T.);
#5118=ADVANCED_FACE('',(#5117),#5111,.T.);
#5130=ADVANCED_FACE('',(#5129),#5123,.T.);
#5136=EDGE_CURVE('',#3063,#3064,#1381,.T.);
#5138=EDGE_CURVE('',#3063,#2528,#1385,.T.);
#5141=EDGE_CURVE('',#2527,#3051,#1389,.T.);
#5143=EDGE_CURVE('',#3047,#3051,#1603,.T.);
#5145=EDGE_CURVE('',#3047,#2763,#1393,.T.);
#5147=EDGE_CURVE('',#2763,#2764,#1397,.T.);
#5149=EDGE_CURVE('',#2764,#3064,#1401,.T.);
#5153=ADVANCED_FACE('',(#5152),#5135,.F.);
#5159=EDGE_CURVE('',#3071,#3072,#1406,.T.);
#5161=EDGE_CURVE('',#3071,#2759,#1410,.T.);
#5163=EDGE_CURVE('',#2759,#2760,#1414,.T.);
#5165=EDGE_CURVE('',#2760,#3059,#1418,.T.);
#5167=EDGE_CURVE('',#3055,#3059,#1561,.T.);
#5169=EDGE_CURVE('',#3055,#2520,#1422,.T.);
#5172=EDGE_CURVE('',#2519,#3072,#1426,.T.);
#5176=ADVANCED_FACE('',(#5175),#5158,.F.);
#5183=EDGE_CURVE('',#3066,#3064,#1430,.T.);
#5185=EDGE_CURVE('',#3066,#3068,#1479,.T.);
#5187=EDGE_CURVE('',#3068,#3063,#1640,.T.);
#5191=ADVANCED_FACE('',(#5190),#5181,.T.);
#5199=EDGE_CURVE('',#2764,#2786,#1434,.T.);
#5201=EDGE_CURVE('',#2782,#2786,#1438,.T.);
#5203=EDGE_CURVE('',#2782,#2784,#1442,.T.);
#5205=EDGE_CURVE('',#2784,#2788,#1446,.T.);
#5207=EDGE_CURVE('',#2788,#2772,#1450,.T.);
#5209=EDGE_CURVE('',#2772,#3066,#1483,.T.);
#5213=ADVANCED_FACE('',(#5212),#5196,.T.);
#5220=EDGE_CURVE('',#2759,#2790,#1470,.T.);
#5222=EDGE_CURVE('',#2790,#2802,#1578,.T.);
#5224=EDGE_CURVE('',#2760,#2802,#1540,.T.);
#5228=ADVANCED_FACE('',(#5227),#5218,.F.);
#5235=EDGE_CURVE('',#2763,#2774,#1598,.T.);
#5237=EDGE_CURVE('',#2774,#2786,#1574,.T.);
#5242=ADVANCED_FACE('',(#5241),#5233,.F.);
#5248=EDGE_CURVE('',#3076,#3071,#1454,.T.);
#5250=EDGE_CURVE('',#3076,#2767,#1524,.T.);
#5252=EDGE_CURVE('',#2796,#2767,#1458,.T.);
#5254=EDGE_CURVE('',#2795,#2796,#1462,.T.);
#5256=EDGE_CURVE('',#2792,#2795,#1632,.T.);
#5258=EDGE_CURVE('',#2792,#2790,#1466,.T.);
#5264=ADVANCED_FACE('',(#5263),#5247,.T.);
#5271=EDGE_CURVE('',#3074,#3072,#1474,.T.);
#5273=EDGE_CURVE('',#3074,#3076,#1504,.T.);
#5278=ADVANCED_FACE('',(#5277),#5269,.T.);
#5287=EDGE_CURVE('',#2523,#3074,#1508,.T.);
#5291=ADVANCED_FACE('',(#5290),#5283,.T.);
#5299=EDGE_CURVE('',#2771,#2772,#1487,.T.);
#5301=EDGE_CURVE('',#3048,#2771,#1491,.T.);
#5303=EDGE_CURVE('',#3052,#3048,#1608,.T.);
#5305=EDGE_CURVE('',#2531,#3052,#1495,.T.);
#5308=EDGE_CURVE('',#3068,#2532,#1499,.T.);
#5312=ADVANCED_FACE('',(#5311),#5296,.T.);
#5321=EDGE_CURVE('',#3056,#2524,#1512,.T.);
#5323=EDGE_CURVE('',#3060,#3056,#1566,.T.);
#5325=EDGE_CURVE('',#2768,#3060,#1516,.T.);
#5327=EDGE_CURVE('',#2767,#2768,#1520,.T.);
#5332=ADVANCED_FACE('',(#5331),#5317,.T.);
#5339=EDGE_CURVE('',#2804,#2768,#1556,.T.);
#5341=EDGE_CURVE('',#2796,#2804,#1528,.T.);
#5346=ADVANCED_FACE('',(#5345),#5337,.F.);
#5354=EDGE_CURVE('',#2780,#2788,#1532,.T.);
#5356=EDGE_CURVE('',#2780,#2771,#1586,.T.);
#5360=ADVANCED_FACE('',(#5359),#5351,.F.);
#5366=EDGE_CURVE('',#3059,#3060,#1536,.T.);
#5370=EDGE_CURVE('',#2798,#2802,#1544,.T.);
#5372=EDGE_CURVE('',#2798,#2800,#1548,.T.);
#5374=EDGE_CURVE('',#2800,#2804,#1552,.T.);
#5380=ADVANCED_FACE('',(#5379),#5365,.T.);
#5386=EDGE_CURVE('',#3055,#3056,#1570,.T.);
#5393=ADVANCED_FACE('',(#5392),#5385,.F.);
#5405=ADVANCED_FACE('',(#5404),#5398,.T.);
#5411=EDGE_CURVE('',#2776,#2774,#1594,.T.);
#5413=EDGE_CURVE('',#2776,#2782,#1616,.T.);
#5419=ADVANCED_FACE('',(#5418),#5410,.F.);
#5426=EDGE_CURVE('',#2792,#2798,#1628,.T.);
#5432=ADVANCED_FACE('',(#5431),#5424,.F.);
#5438=EDGE_CURVE('',#3047,#3048,#1582,.T.);
#5442=EDGE_CURVE('',#2779,#2780,#1590,.T.);
#5444=EDGE_CURVE('',#2776,#2779,#1620,.T.);
#5451=ADVANCED_FACE('',(#5450),#5437,.T.);
#5459=EDGE_CURVE('',#3051,#3052,#1612,.T.);
#5464=ADVANCED_FACE('',(#5463),#5456,.F.);
#5476=ADVANCED_FACE('',(#5475),#5469,.T.);
#5485=EDGE_CURVE('',#2779,#2784,#1624,.T.);
#5489=ADVANCED_FACE('',(#5488),#5481,.F.);
#5498=EDGE_CURVE('',#2795,#2800,#1636,.T.);
#5502=ADVANCED_FACE('',(#5501),#5494,.F.);
#5514=ADVANCED_FACE('',(#5513),#5507,.T.);
#5526=ADVANCED_FACE('',(#5525),#5519,.T.);
#5538=ADVANCED_FACE('',(#5537),#5531,.T.);
#5544=EDGE_CURVE('',#3095,#3096,#1645,.T.);
#5546=EDGE_CURVE('',#3095,#2544,#1649,.T.);
#5549=EDGE_CURVE('',#2543,#3083,#1653,.T.);
#5551=EDGE_CURVE('',#3079,#3083,#1867,.T.);
#5553=EDGE_CURVE('',#3079,#2811,#1657,.T.);
#5555=EDGE_CURVE('',#2811,#2812,#1661,.T.);
#5557=EDGE_CURVE('',#2812,#3096,#1665,.T.);
#5561=ADVANCED_FACE('',(#5560),#5543,.F.);
#5567=EDGE_CURVE('',#3103,#3104,#1670,.T.);
#5569=EDGE_CURVE('',#3103,#2807,#1674,.T.);
#5571=EDGE_CURVE('',#2807,#2808,#1678,.T.);
#5573=EDGE_CURVE('',#2808,#3091,#1682,.T.);
#5575=EDGE_CURVE('',#3087,#3091,#1825,.T.);
#5577=EDGE_CURVE('',#3087,#2536,#1686,.T.);
#5580=EDGE_CURVE('',#2535,#3104,#1690,.T.);
#5584=ADVANCED_FACE('',(#5583),#5566,.F.);
#5591=EDGE_CURVE('',#3098,#3096,#1694,.T.);
#5593=EDGE_CURVE('',#3098,#3100,#1743,.T.);
#5595=EDGE_CURVE('',#3100,#3095,#1904,.T.);
#5599=ADVANCED_FACE('',(#5598),#5589,.T.);
#5607=EDGE_CURVE('',#2812,#2834,#1698,.T.);
#5609=EDGE_CURVE('',#2830,#2834,#1702,.T.);
#5611=EDGE_CURVE('',#2830,#2832,#1706,.T.);
#5613=EDGE_CURVE('',#2832,#2836,#1710,.T.);
#5615=EDGE_CURVE('',#2836,#2820,#1714,.T.);
#5617=EDGE_CURVE('',#2820,#3098,#1747,.T.);
#5621=ADVANCED_FACE('',(#5620),#5604,.T.);
#5628=EDGE_CURVE('',#2807,#2838,#1734,.T.);
#5630=EDGE_CURVE('',#2838,#2850,#1842,.T.);
#5632=EDGE_CURVE('',#2808,#2850,#1804,.T.);
#5636=ADVANCED_FACE('',(#5635),#5626,.F.);
#5643=EDGE_CURVE('',#2811,#2822,#1862,.T.);
#5645=EDGE_CURVE('',#2822,#2834,#1838,.T.);
#5650=ADVANCED_FACE('',(#5649),#5641,.F.);
#5656=EDGE_CURVE('',#3108,#3103,#1718,.T.);
#5658=EDGE_CURVE('',#3108,#2815,#1788,.T.);
#5660=EDGE_CURVE('',#2844,#2815,#1722,.T.);
#5662=EDGE_CURVE('',#2843,#2844,#1726,.T.);
#5664=EDGE_CURVE('',#2840,#2843,#1896,.T.);
#5666=EDGE_CURVE('',#2840,#2838,#1730,.T.);
#5672=ADVANCED_FACE('',(#5671),#5655,.T.);
#5679=EDGE_CURVE('',#3106,#3104,#1738,.T.);
#5681=EDGE_CURVE('',#3106,#3108,#1768,.T.);
#5686=ADVANCED_FACE('',(#5685),#5677,.T.);
#5695=EDGE_CURVE('',#2539,#3106,#1772,.T.);
#5699=ADVANCED_FACE('',(#5698),#5691,.T.);
#5707=EDGE_CURVE('',#2819,#2820,#1751,.T.);
#5709=EDGE_CURVE('',#3080,#2819,#1755,.T.);
#5711=EDGE_CURVE('',#3084,#3080,#1872,.T.);
#5713=EDGE_CURVE('',#2547,#3084,#1759,.T.);
#5716=EDGE_CURVE('',#3100,#2548,#1763,.T.);
#5720=ADVANCED_FACE('',(#5719),#5704,.T.);
#5729=EDGE_CURVE('',#3088,#2540,#1776,.T.);
#5731=EDGE_CURVE('',#3092,#3088,#1830,.T.);
#5733=EDGE_CURVE('',#2816,#3092,#1780,.T.);
#5735=EDGE_CURVE('',#2815,#2816,#1784,.T.);
#5740=ADVANCED_FACE('',(#5739),#5725,.T.);
#5747=EDGE_CURVE('',#2852,#2816,#1820,.T.);
#5749=EDGE_CURVE('',#2844,#2852,#1792,.T.);
#5754=ADVANCED_FACE('',(#5753),#5745,.F.);
#5762=EDGE_CURVE('',#2828,#2836,#1796,.T.);
#5764=EDGE_CURVE('',#2828,#2819,#1850,.T.);
#5768=ADVANCED_FACE('',(#5767),#5759,.F.);
#5774=EDGE_CURVE('',#3091,#3092,#1800,.T.);
#5778=EDGE_CURVE('',#2846,#2850,#1808,.T.);
#5780=EDGE_CURVE('',#2846,#2848,#1812,.T.);
#5782=EDGE_CURVE('',#2848,#2852,#1816,.T.);
#5788=ADVANCED_FACE('',(#5787),#5773,.T.);
#5794=EDGE_CURVE('',#3087,#3088,#1834,.T.);
#5801=ADVANCED_FACE('',(#5800),#5793,.F.);
#5813=ADVANCED_FACE('',(#5812),#5806,.T.);
#5819=EDGE_CURVE('',#2824,#2822,#1858,.T.);
#5821=EDGE_CURVE('',#2824,#2830,#1880,.T.);
#5827=ADVANCED_FACE('',(#5826),#5818,.F.);
#5834=EDGE_CURVE('',#2840,#2846,#1892,.T.);
#5840=ADVANCED_FACE('',(#5839),#5832,.F.);
#5846=EDGE_CURVE('',#3079,#3080,#1846,.T.);
#5850=EDGE_CURVE('',#2827,#2828,#1854,.T.);
#5852=EDGE_CURVE('',#2824,#2827,#1884,.T.);
#5859=ADVANCED_FACE('',(#5858),#5845,.T.);
#5867=EDGE_CURVE('',#3083,#3084,#1876,.T.);
#5872=ADVANCED_FACE('',(#5871),#5864,.F.);
#5884=ADVANCED_FACE('',(#5883),#5877,.T.);
#5893=EDGE_CURVE('',#2827,#2832,#1888,.T.);
#5897=ADVANCED_FACE('',(#5896),#5889,.F.);
#5906=EDGE_CURVE('',#2843,#2848,#1900,.T.);
#5910=ADVANCED_FACE('',(#5909),#5902,.F.);
#5922=ADVANCED_FACE('',(#5921),#5915,.T.);
#5934=ADVANCED_FACE('',(#5933),#5927,.T.);
#5946=ADVANCED_FACE('',(#5945),#5939,.T.);
#5952=EDGE_CURVE('',#3127,#3128,#1909,.T.);
#5954=EDGE_CURVE('',#3127,#2560,#1913,.T.);
#5957=EDGE_CURVE('',#2559,#3115,#1917,.T.);
#5959=EDGE_CURVE('',#3111,#3115,#2131,.T.);
#5961=EDGE_CURVE('',#3111,#2859,#1921,.T.);
#5963=EDGE_CURVE('',#2859,#2860,#1925,.T.);
#5965=EDGE_CURVE('',#2860,#3128,#1929,.T.);
#5969=ADVANCED_FACE('',(#5968),#5951,.F.);
#5975=EDGE_CURVE('',#3135,#3136,#1934,.T.);
#5977=EDGE_CURVE('',#3135,#2855,#1938,.T.);
#5979=EDGE_CURVE('',#2855,#2856,#1942,.T.);
#5981=EDGE_CURVE('',#2856,#3123,#1946,.T.);
#5983=EDGE_CURVE('',#3119,#3123,#2089,.T.);
#5985=EDGE_CURVE('',#3119,#2552,#1950,.T.);
#5988=EDGE_CURVE('',#2551,#3136,#1954,.T.);
#5992=ADVANCED_FACE('',(#5991),#5974,.F.);
#5999=EDGE_CURVE('',#3130,#3128,#1958,.T.);
#6001=EDGE_CURVE('',#3130,#3132,#2007,.T.);
#6003=EDGE_CURVE('',#3132,#3127,#2168,.T.);
#6007=ADVANCED_FACE('',(#6006),#5997,.T.);
#6015=EDGE_CURVE('',#2860,#2882,#1962,.T.);
#6017=EDGE_CURVE('',#2878,#2882,#1966,.T.);
#6019=EDGE_CURVE('',#2878,#2880,#1970,.T.);
#6021=EDGE_CURVE('',#2880,#2884,#1974,.T.);
#6023=EDGE_CURVE('',#2884,#2868,#1978,.T.);
#6025=EDGE_CURVE('',#2868,#3130,#2011,.T.);
#6029=ADVANCED_FACE('',(#6028),#6012,.T.);
#6036=EDGE_CURVE('',#2855,#2886,#1998,.T.);
#6038=EDGE_CURVE('',#2886,#2898,#2106,.T.);
#6040=EDGE_CURVE('',#2856,#2898,#2068,.T.);
#6044=ADVANCED_FACE('',(#6043),#6034,.F.);
#6051=EDGE_CURVE('',#2859,#2870,#2126,.T.);
#6053=EDGE_CURVE('',#2870,#2882,#2102,.T.);
#6058=ADVANCED_FACE('',(#6057),#6049,.F.);
#6064=EDGE_CURVE('',#3140,#3135,#1982,.T.);
#6066=EDGE_CURVE('',#3140,#2863,#2052,.T.);
#6068=EDGE_CURVE('',#2892,#2863,#1986,.T.);
#6070=EDGE_CURVE('',#2891,#2892,#1990,.T.);
#6072=EDGE_CURVE('',#2888,#2891,#2160,.T.);
#6074=EDGE_CURVE('',#2888,#2886,#1994,.T.);
#6080=ADVANCED_FACE('',(#6079),#6063,.T.);
#6087=EDGE_CURVE('',#3138,#3136,#2002,.T.);
#6089=EDGE_CURVE('',#3138,#3140,#2032,.T.);
#6094=ADVANCED_FACE('',(#6093),#6085,.T.);
#6103=EDGE_CURVE('',#2555,#3138,#2036,.T.);
#6107=ADVANCED_FACE('',(#6106),#6099,.T.);
#6115=EDGE_CURVE('',#2867,#2868,#2015,.T.);
#6117=EDGE_CURVE('',#3112,#2867,#2019,.T.);
#6119=EDGE_CURVE('',#3116,#3112,#2136,.T.);
#6121=EDGE_CURVE('',#2563,#3116,#2023,.T.);
#6124=EDGE_CURVE('',#3132,#2564,#2027,.T.);
#6128=ADVANCED_FACE('',(#6127),#6112,.T.);
#6137=EDGE_CURVE('',#3120,#2556,#2040,.T.);
#6139=EDGE_CURVE('',#3124,#3120,#2094,.T.);
#6141=EDGE_CURVE('',#2864,#3124,#2044,.T.);
#6143=EDGE_CURVE('',#2863,#2864,#2048,.T.);
#6148=ADVANCED_FACE('',(#6147),#6133,.T.);
#6155=EDGE_CURVE('',#2900,#2864,#2084,.T.);
#6157=EDGE_CURVE('',#2892,#2900,#2056,.T.);
#6162=ADVANCED_FACE('',(#6161),#6153,.F.);
#6170=EDGE_CURVE('',#2876,#2884,#2060,.T.);
#6172=EDGE_CURVE('',#2876,#2867,#2114,.T.);
#6176=ADVANCED_FACE('',(#6175),#6167,.F.);
#6182=EDGE_CURVE('',#3123,#3124,#2064,.T.);
#6186=EDGE_CURVE('',#2894,#2898,#2072,.T.);
#6188=EDGE_CURVE('',#2894,#2896,#2076,.T.);
#6190=EDGE_CURVE('',#2896,#2900,#2080,.T.);
#6196=ADVANCED_FACE('',(#6195),#6181,.T.);
#6202=EDGE_CURVE('',#3119,#3120,#2098,.T.);
#6209=ADVANCED_FACE('',(#6208),#6201,.F.);
#6221=ADVANCED_FACE('',(#6220),#6214,.T.);
#6227=EDGE_CURVE('',#2872,#2870,#2122,.T.);
#6229=EDGE_CURVE('',#2872,#2878,#2144,.T.);
#6235=ADVANCED_FACE('',(#6234),#6226,.F.);
#6242=EDGE_CURVE('',#2888,#2894,#2156,.T.);
#6248=ADVANCED_FACE('',(#6247),#6240,.F.);
#6254=EDGE_CURVE('',#3111,#3112,#2110,.T.);
#6258=EDGE_CURVE('',#2875,#2876,#2118,.T.);
#6260=EDGE_CURVE('',#2872,#2875,#2148,.T.);
#6267=ADVANCED_FACE('',(#6266),#6253,.T.);
#6275=EDGE_CURVE('',#3115,#3116,#2140,.T.);
#6280=ADVANCED_FACE('',(#6279),#6272,.F.);
#6292=ADVANCED_FACE('',(#6291),#6285,.T.);
#6301=EDGE_CURVE('',#2875,#2880,#2152,.T.);
#6305=ADVANCED_FACE('',(#6304),#6297,.F.);
#6314=EDGE_CURVE('',#2891,#2896,#2164,.T.);
#6318=ADVANCED_FACE('',(#6317),#6310,.F.);
#6330=ADVANCED_FACE('',(#6329),#6323,.T.);
#6342=ADVANCED_FACE('',(#6341),#6335,.T.);
#6354=ADVANCED_FACE('',(#6353),#6347,.T.);
#6360=EDGE_CURVE('',#3219,#3220,#2173,.T.);
#6362=EDGE_CURVE('',#3219,#3180,#2177,.T.);
#6365=EDGE_CURVE('',#3179,#3144,#2181,.T.);
#6367=EDGE_CURVE('',#3143,#3144,#2419,.T.);
#6369=EDGE_CURVE('',#3143,#3191,#2185,.T.);
#6371=EDGE_CURVE('',#3191,#3192,#2189,.T.);
#6373=EDGE_CURVE('',#3192,#3220,#2193,.T.);
#6377=ADVANCED_FACE('',(#6376),#6359,.F.);
#6383=EDGE_CURVE('',#3227,#3228,#2198,.T.);
#6385=EDGE_CURVE('',#3227,#3187,#2202,.T.);
#6387=EDGE_CURVE('',#3187,#3188,#2206,.T.);
#6389=EDGE_CURVE('',#3188,#3152,#2210,.T.);
#6391=EDGE_CURVE('',#3151,#3152,#2361,.T.);
#6393=EDGE_CURVE('',#3151,#3172,#2214,.T.);
#6396=EDGE_CURVE('',#3171,#3228,#2218,.T.);
#6400=ADVANCED_FACE('',(#6399),#6382,.F.);
#6407=EDGE_CURVE('',#3222,#3220,#2222,.T.);
#6409=EDGE_CURVE('',#3222,#3224,#2279,.T.);
#6411=EDGE_CURVE('',#3224,#3219,#2432,.T.);
#6415=ADVANCED_FACE('',(#6414),#6405,.T.);
#6423=EDGE_CURVE('',#3192,#2908,#2226,.T.);
#6425=EDGE_CURVE('',#3206,#2908,#2230,.T.);
#6427=EDGE_CURVE('',#3206,#3208,#2234,.T.);
#6429=EDGE_CURVE('',#3208,#2916,#2238,.T.);
#6431=EDGE_CURVE('',#2916,#3200,#2242,.T.);
#6433=EDGE_CURVE('',#3200,#3222,#2283,.T.);
#6437=ADVANCED_FACE('',(#6436),#6420,.T.);
#6443=EDGE_CURVE('',#2903,#2904,#2246,.T.);
#6445=EDGE_CURVE('',#3188,#2904,#2340,.T.);
#6448=EDGE_CURVE('',#3187,#2903,#2270,.T.);
#6452=ADVANCED_FACE('',(#6451),#6442,.F.);
#6458=EDGE_CURVE('',#2907,#2908,#2250,.T.);
#6462=EDGE_CURVE('',#3191,#2907,#2414,.T.);
#6466=ADVANCED_FACE('',(#6465),#6457,.F.);
#6473=EDGE_CURVE('',#3210,#2903,#2266,.T.);
#6475=EDGE_CURVE('',#3210,#3214,#2374,.T.);
#6477=EDGE_CURVE('',#3214,#2904,#2344,.T.);
#6481=ADVANCED_FACE('',(#6480),#6471,.F.);
#6488=EDGE_CURVE('',#3202,#2907,#2410,.T.);
#6490=EDGE_CURVE('',#3202,#3206,#2386,.T.);
#6495=ADVANCED_FACE('',(#6494),#6486,.F.);
#6501=EDGE_CURVE('',#3232,#3227,#2254,.T.);
#6503=EDGE_CURVE('',#3232,#3195,#2324,.T.);
#6505=EDGE_CURVE('',#2911,#3195,#2258,.T.);
#6507=EDGE_CURVE('',#3212,#2911,#2262,.T.);
#6509=EDGE_CURVE('',#3210,#3212,#2378,.T.);
#6516=ADVANCED_FACE('',(#6515),#6500,.T.);
#6523=EDGE_CURVE('',#3230,#3228,#2274,.T.);
#6525=EDGE_CURVE('',#3230,#3232,#2304,.T.);
#6530=ADVANCED_FACE('',(#6529),#6521,.T.);
#6539=EDGE_CURVE('',#3175,#3230,#2308,.T.);
#6543=ADVANCED_FACE('',(#6542),#6535,.T.);
#6551=EDGE_CURVE('',#3199,#3200,#2287,.T.);
#6553=EDGE_CURVE('',#3148,#3199,#2291,.T.);
#6555=EDGE_CURVE('',#3147,#3148,#2424,.T.);
#6557=EDGE_CURVE('',#3183,#3147,#2295,.T.);
#6560=EDGE_CURVE('',#3224,#3184,#2299,.T.);
#6564=ADVANCED_FACE('',(#6563),#6548,.T.);
#6573=EDGE_CURVE('',#3156,#3176,#2312,.T.);
#6575=EDGE_CURVE('',#3155,#3156,#2366,.T.);
#6577=EDGE_CURVE('',#3196,#3155,#2316,.T.);
#6579=EDGE_CURVE('',#3195,#3196,#2320,.T.);
#6584=ADVANCED_FACE('',(#6583),#6569,.T.);
#6590=EDGE_CURVE('',#2911,#2912,#2328,.T.);
#6594=EDGE_CURVE('',#2912,#3196,#2356,.T.);
#6598=ADVANCED_FACE('',(#6597),#6589,.F.);
#6604=EDGE_CURVE('',#2915,#2916,#2332,.T.);
#6606=EDGE_CURVE('',#2915,#3199,#2402,.T.);
#6612=ADVANCED_FACE('',(#6611),#6603,.F.);
#6619=EDGE_CURVE('',#3216,#2912,#2352,.T.);
#6621=EDGE_CURVE('',#3212,#3216,#2382,.T.);
#6626=ADVANCED_FACE('',(#6625),#6617,.F.);
#6634=EDGE_CURVE('',#3204,#3208,#2394,.T.);
#6636=EDGE_CURVE('',#3204,#2915,#2406,.T.);
#6640=ADVANCED_FACE('',(#6639),#6631,.F.);
#6646=EDGE_CURVE('',#3152,#3155,#2336,.T.);
#6651=EDGE_CURVE('',#3214,#3216,#2348,.T.);
#6658=ADVANCED_FACE('',(#6657),#6645,.T.);
#6667=EDGE_CURVE('',#3151,#3156,#2370,.T.);
#6671=ADVANCED_FACE('',(#6670),#6663,.F.);
#6683=ADVANCED_FACE('',(#6682),#6676,.T.);
#6695=ADVANCED_FACE('',(#6694),#6688,.T.);
#6702=EDGE_CURVE('',#3202,#3204,#2390,.T.);
#6708=ADVANCED_FACE('',(#6707),#6700,.T.);
#6714=EDGE_CURVE('',#3143,#3148,#2398,.T.);
#6725=ADVANCED_FACE('',(#6724),#6713,.T.);
#6732=EDGE_CURVE('',#3144,#3147,#2428,.T.);
#6738=ADVANCED_FACE('',(#6737),#6730,.F.);
#6750=ADVANCED_FACE('',(#6749),#6743,.T.);
#6762=ADVANCED_FACE('',(#6761),#6755,.T.);
#6774=ADVANCED_FACE('',(#6773),#6767,.T.);
#6777=(LENGTH_UNIT()NAMED_UNIT(*)SI_UNIT(.MILLI.,.METRE.));
#6779=(NAMED_UNIT(*)PLANE_ANGLE_UNIT()SI_UNIT($,.RADIAN.));
#6782=(NAMED_UNIT(*)SI_UNIT($,.STERADIAN.)SOLID_ANGLE_UNIT());
#6784=(GEOMETRIC_REPRESENTATION_CONTEXT(3)GLOBAL_UNCERTAINTY_ASSIGNED_CONTEXT((
#6783))GLOBAL_UNIT_ASSIGNED_CONTEXT((#6777,#6781,#6782))REPRESENTATION_CONTEXT(
'ID1','3'));
#6785=ADVANCED_BREP_SHAPE_REPRESENTATION('',(#6776),#6784);
#6792=PRODUCT_DEFINITION('design','',#6791,#6788);
#6793=PRODUCT_DEFINITION_SHAPE('','SHAPE FOR 4120R.',#6792);
#6794=SHAPE_DEFINITION_REPRESENTATION(#6793,#6785);
ENDSEC;
END-ISO-10303-21;
