ISO-10303-21;
HEADER;
FILE_DESCRIPTION (( 'STEP AP214' ),
    '1' );
FILE_NAME ('633477C8-8B27-4449-BC71-5F30399CCA24.STEP',
    '2026-04-12T06:55:46',
    ( '' ),
    ( '' ),
    'SwSTEP 2.0',
    'SolidWorks 2022',
    '' );
FILE_SCHEMA (( 'AUTOMOTIVE_DESIGN' ));
ENDSEC;

DATA;
#1 = VECTOR ( 'NONE', #1777, 1000.000000000000000 ) ;
#2 = DIRECTION ( 'NONE',  ( -1.000000000000000000, 0.0000000000000000000, 0.0000000000000000000 ) ) ;
#3 = UNCERTAINTY_MEASURE_WITH_UNIT (LENGTH_MEASURE( 1.000000000000000082E-05 ), #754, 'distance_accuracy_value', 'NONE');
#4 = DIRECTION ( 'NONE',  ( 0.0000000000000000000, -0.0000000000000000000, -1.000000000000000000 ) ) ;
#5 = SURFACE_SIDE_STYLE ('',( #86 ) ) ;
#6 = LINE ( 'NONE', #4390, #2763 ) ;
#7 = VECTOR ( 'NONE', #2774, 1000.000000000000000 ) ;
#8 = CARTESIAN_POINT ( 'NONE',  ( 12.95500000000000007, 15.00000000000000000, 5.049999999999998046 ) ) ;
#9 = VECTOR ( 'NONE', #2048, 1000.000000000000000 ) ;
#10 = UNCERTAINTY_MEASURE_WITH_UNIT (LENGTH_MEASURE( 1.000000000000000082E-05 ), #536, 'distance_accuracy_value', 'NONE');
#11 = CARTESIAN_POINT ( 'NONE',  ( 2.225000000000000533, -4.500000000000000000, 4.200000000000000178 ) ) ;
#12 = CARTESIAN_POINT ( 'NONE',  ( 13.94254015188354678, -4.500000000000000000, 4.362459848116452044 ) ) ;
#13 = ORIENTED_EDGE ( 'NONE', *, *, #4432, .T. ) ;
#14 = VERTEX_POINT ( 'NONE', #4123 ) ;
#15 = VECTOR ( 'NONE', #3933, 1000.000000000000227 ) ;
#16 = PRESENTATION_STYLE_ASSIGNMENT (( #1849 ) ) ;
#17 =( LENGTH_UNIT ( ) NAMED_UNIT ( * ) SI_UNIT ( .MILLI., .METRE. ) );
#18 = CARTESIAN_POINT ( 'NONE',  ( 6.184999999999999609, -4.500000000000000000, 4.362459848116452044 ) ) ;
#19 = ORIENTED_EDGE ( 'NONE', *, *, #2285, .F. ) ;
#20 = ADVANCED_FACE ( 'NONE', ( #498 ), #3019, .F. ) ;
#21 = DIRECTION ( 'NONE',  ( -0.0000000000000000000, 1.000000000000000000, -0.0000000000000000000 ) ) ;
#22 = VECTOR ( 'NONE', #388, 1000.000000000000000 ) ;
#23 = DIRECTION ( 'NONE',  ( -1.000000000000000000, 0.0000000000000000000, 0.0000000000000000000 ) ) ;
#24 = PRESENTATION_LAYER_ASSIGNMENT (  '', '', ( #2132 ) ) ;
#25 = DIRECTION ( 'NONE',  ( -1.000000000000000000, 0.0000000000000000000, -0.0000000000000000000 ) ) ;
#26 = ORIENTED_EDGE ( 'NONE', *, *, #1544, .T. ) ;
#27 = EDGE_CURVE ( 'NONE', #2163, #389, #947, .T. ) ;
#28 = EDGE_CURVE ( 'NONE', #4037, #3894, #3491, .T. ) ;
#29 = DIRECTION ( 'NONE',  ( -0.0000000000000000000, 0.0000000000000000000, 1.000000000000000000 ) ) ;
#30 = STYLED_ITEM ( 'NONE', ( #3221 ), #3192 ) ;
#31 = VECTOR ( 'NONE', #4673, 1000.000000000000000 ) ;
#32 = ADVANCED_FACE ( 'NONE', ( #2003 ), #550, .T. ) ;
#33 = CARTESIAN_POINT ( 'NONE',  ( 12.95500000000000007, -4.500000000000000000, 4.200000000000000178 ) ) ;
#34 = DIRECTION ( 'NONE',  ( -0.0000000000000000000, 1.000000000000000000, -0.0000000000000000000 ) ) ;
#35 =( NAMED_UNIT ( * ) PLANE_ANGLE_UNIT ( ) SI_UNIT ( $, .RADIAN. ) );
#36 =( NAMED_UNIT ( * ) SI_UNIT ( $, .STERADIAN. ) SOLID_ANGLE_UNIT ( ) );
#37 = ORIENTED_EDGE ( 'NONE', *, *, #4137, .T. ) ;
#38 = VECTOR ( 'NONE', #255, 1000.000000000000000 ) ;
#39 = PRESENTATION_LAYER_ASSIGNMENT (  '', '', ( #3059 ) ) ;
#40 = FILL_AREA_STYLE_COLOUR ( '', #2972 ) ;
#41 = CARTESIAN_POINT ( 'NONE',  ( 0.0000000000000000000, 3.200000000000000178, 4.200000000000000178 ) ) ;
#42 = ORIENTED_EDGE ( 'NONE', *, *, #4393, .T. ) ;
#43 = MECHANICAL_DESIGN_GEOMETRIC_PRESENTATION_REPRESENTATION (  '', ( #1217 ), #1136 ) ;
#44 = APPLICATION_PROTOCOL_DEFINITION ( 'draft international standard', 'automotive_design', 1998, #647 ) ;
#45 = DIRECTION ( 'NONE',  ( 0.0000000000000000000, -0.4472135954999579832, -0.8944271909999159664 ) ) ;
#46 =( NAMED_UNIT ( * ) SI_UNIT ( $, .STERADIAN. ) SOLID_ANGLE_UNIT ( ) );
#47 = VERTEX_POINT ( 'NONE', #1692 ) ;
#48 = CARTESIAN_POINT ( 'NONE',  ( 1.237459848116452488, -4.500000000000000000, 4.200000000000000178 ) ) ;
#49 = LINE ( 'NONE', #123, #3563 ) ;
#50 = ORIENTED_EDGE ( 'NONE', *, *, #4309, .F. ) ;
#51 = CARTESIAN_POINT ( 'NONE',  ( 20.87499999999999645, -4.500000000000000000, 5.187540151883544226 ) ) ;
#52 = LINE ( 'NONE', #2268, #1144 ) ;
#53 = EDGE_CURVE ( 'NONE', #1223, #1742, #2023, .T. ) ;
#54 =( NAMED_UNIT ( * ) SI_UNIT ( $, .STERADIAN. ) SOLID_ANGLE_UNIT ( ) );
#55 = PRESENTATION_STYLE_ASSIGNMENT (( #3077 ) ) ;
#56 = ORIENTED_EDGE ( 'NONE', *, *, #3924, .T. ) ;
#57 = FILL_AREA_STYLE_COLOUR ( '', #2983 ) ;
#58 = MECHANICAL_DESIGN_GEOMETRIC_PRESENTATION_REPRESENTATION (  '', ( #755 ), #2775 ) ;
#59 = EDGE_CURVE ( 'NONE', #1711, #3840, #209, .T. ) ;
#60 = DIRECTION ( 'NONE',  ( -0.0000000000000000000, 1.000000000000000000, -0.0000000000000000000 ) ) ;
#61 = UNCERTAINTY_MEASURE_WITH_UNIT (LENGTH_MEASURE( 1.000000000000000082E-05 ), #1553, 'distance_accuracy_value', 'NONE');
#62 =( LENGTH_UNIT ( ) NAMED_UNIT ( * ) SI_UNIT ( .MILLI., .METRE. ) );
#63 = PRESENTATION_STYLE_ASSIGNMENT (( #4551 ) ) ;
#64 = ORIENTED_EDGE ( 'NONE', *, *, #2082, .T. ) ;
#65 = STYLED_ITEM ( 'NONE', ( #1532 ), #385 ) ;
#66 = EDGE_CURVE ( 'NONE', #680, #3990, #1361, .T. ) ;
#67 = FACE_OUTER_BOUND ( 'NONE', #1123, .T. ) ;
#68 = CARTESIAN_POINT ( 'NONE',  ( 5.034999999999999254, 14.40000000000000391, 5.349999999999999645 ) ) ;
#69 = ORIENTED_EDGE ( 'NONE', *, *, #3604, .T. ) ;
#70 = MECHANICAL_DESIGN_GEOMETRIC_PRESENTATION_REPRESENTATION (  '', ( #3960 ), #1859 ) ;
#71 = SURFACE_STYLE_USAGE ( .BOTH. , #3357 ) ;
#72 = CARTESIAN_POINT ( 'NONE',  ( 13.80499999999999794, 15.00000000000000000, 4.500000000000001776 ) ) ;
#73 = CARTESIAN_POINT ( 'NONE',  ( 6.184999999999999609, 14.40000000000000391, 5.349999999999999645 ) ) ;
#74 = VECTOR ( 'NONE', #2311, 1000.000000000000227 ) ;
#75 = MECHANICAL_DESIGN_GEOMETRIC_PRESENTATION_REPRESENTATION (  '', ( #2177 ), #617 ) ;
#76 = CYLINDRICAL_SURFACE ( 'NONE', #961, 1.000000000000000000 ) ;
#77 = DIRECTION ( 'NONE',  ( 0.0000000000000000000, -0.0000000000000000000, -1.000000000000000000 ) ) ;
#78 = MECHANICAL_DESIGN_GEOMETRIC_PRESENTATION_REPRESENTATION (  '', ( #626 ), #2489 ) ;
#79 = CARTESIAN_POINT ( 'NONE',  ( 13.11745984811645194, -4.500000000000000000, 4.200000000000000178 ) ) ;
#80 = DIRECTION ( 'NONE',  ( 0.0000000000000000000, -0.3090169943749456749, 0.9510565162951541973 ) ) ;
#81 = DIRECTION ( 'NONE',  ( 0.0000000000000000000, 0.0000000000000000000, 1.000000000000000000 ) ) ;
#82 = EDGE_CURVE ( 'NONE', #1366, #340, #2761, .T. ) ;
#83 = EDGE_LOOP ( 'NONE', ( #2620, #4735, #2544, #1411 ) ) ;
#84 = DIRECTION ( 'NONE',  ( 0.4082482904638630172, 0.8164965809277260345, -0.4082482904638630172 ) ) ;
#85 = DIRECTION ( 'NONE',  ( 0.4082482904638661259, 0.8164965809277228148, -0.4082482904638661259 ) ) ;
#86 = SURFACE_STYLE_FILL_AREA ( #1917 ) ;
#87 = ADVANCED_FACE ( 'NONE', ( #3514 ), #4650, .F. ) ;
#88 =( LENGTH_UNIT ( ) NAMED_UNIT ( * ) SI_UNIT ( .MILLI., .METRE. ) );
#89 = VERTEX_POINT ( 'NONE', #160 ) ;
#90 =( NAMED_UNIT ( * ) PLANE_ANGLE_UNIT ( ) SI_UNIT ( $, .RADIAN. ) );
#91 = DIRECTION ( 'NONE',  ( -1.000000000000000000, 0.0000000000000000000, -0.0000000000000000000 ) ) ;
#92 = SURFACE_STYLE_USAGE ( .BOTH. , #2669 ) ;
#93 = ORIENTED_EDGE ( 'NONE', *, *, #2298, .T. ) ;
#94 = EDGE_LOOP ( 'NONE', ( #2138, #3394, #368, #1756 ) ) ;
#95 = VECTOR ( 'NONE', #3348, 1000.000000000000000 ) ;
#96 = MECHANICAL_DESIGN_GEOMETRIC_PRESENTATION_REPRESENTATION (  '', ( #403 ), #1200 ) ;
#97 = ORIENTED_EDGE ( 'NONE', *, *, #2238, .T. ) ;
#98 = DIRECTION ( 'NONE',  ( 0.0000000000000000000, -0.0000000000000000000, -1.000000000000000000 ) ) ;
#99 = SURFACE_STYLE_FILL_AREA ( #781 ) ;
#100 = FACE_OUTER_BOUND ( 'NONE', #3581, .T. ) ;
#101 = CARTESIAN_POINT ( 'NONE',  ( 8.994999999999999218, 14.40000000000000391, 5.349999999999999645 ) ) ;
#102 =( GEOMETRIC_REPRESENTATION_CONTEXT ( 3 ) GLOBAL_UNCERTAINTY_ASSIGNED_CONTEXT ( ( #4443 ) ) GLOBAL_UNIT_ASSIGNED_CONTEXT ( ( #2098, #3536, #3955 ) ) REPRESENTATION_CONTEXT ( 'NONE', 'WORKASPACE' ) );
#103 = DIRECTION ( 'NONE',  ( 0.0000000000000000000, 0.0000000000000000000, -1.000000000000000000 ) ) ;
#104 =( NAMED_UNIT ( * ) PLANE_ANGLE_UNIT ( ) SI_UNIT ( $, .RADIAN. ) );
#105 =( NAMED_UNIT ( * ) SI_UNIT ( $, .STERADIAN. ) SOLID_ANGLE_UNIT ( ) );
#106 = VECTOR ( 'NONE', #3120, 1000.000000000000000 ) ;
#107 = LINE ( 'NONE', #1241, #156 ) ;
#108 = ORIENTED_EDGE ( 'NONE', *, *, #3266, .F. ) ;
#109 =( GEOMETRIC_REPRESENTATION_CONTEXT ( 3 ) GLOBAL_UNCERTAINTY_ASSIGNED_CONTEXT ( ( #603 ) ) GLOBAL_UNIT_ASSIGNED_CONTEXT ( ( #3114, #4171, #4216 ) ) REPRESENTATION_CONTEXT ( 'NONE', 'WORKASPACE' ) );
#110 = LINE ( 'NONE', #3443, #2804 ) ;
#111 = SURFACE_SIDE_STYLE ('',( #1981 ) ) ;
#112 = VECTOR ( 'NONE', #1341, 1000.000000000000000 ) ;
#113 = EDGE_CURVE ( 'NONE', #3072, #4113, #684, .T. ) ;
#114 = SURFACE_SIDE_STYLE ('',( #475 ) ) ;
#115 = UNCERTAINTY_MEASURE_WITH_UNIT (LENGTH_MEASURE( 1.000000000000000082E-05 ), #3016, 'distance_accuracy_value', 'NONE');
#116 = CARTESIAN_POINT ( 'NONE',  ( 18.06499999999999773, -4.500000000000000000, 5.349999999999999645 ) ) ;
#117 = LINE ( 'NONE', #2716, #2795 ) ;
#118 = VECTOR ( 'NONE', #3654, 1000.000000000000000 ) ;
#119 = ORIENTED_EDGE ( 'NONE', *, *, #2067, .T. ) ;
#120 = VECTOR ( 'NONE', #4236, 1000.000000000000000 ) ;
#121 = ADVANCED_FACE ( 'NONE', ( #1315 ), #1642, .F. ) ;
#122 = AXIS2_PLACEMENT_3D ( 'NONE', #2559, #2873, #2539 ) ;
#123 = CARTESIAN_POINT ( 'NONE',  ( 13.11745984811645194, -4.500000000000000000, 4.200000000000000178 ) ) ;
#124 = CARTESIAN_POINT ( 'NONE',  ( 23.10000000000000142, 9.033243561979320546, 1.835620030455011653 ) ) ;
#125 = EDGE_CURVE ( 'NONE', #4645, #699, #2542, .T. ) ;
#126 = CARTESIAN_POINT ( 'NONE',  ( 8.994999999999999218, 0.0000000000000000000, 10.34999999999999964 ) ) ;
#127 = CARTESIAN_POINT ( 'NONE',  ( 0.0000000000000000000, 12.30000000000000071, 0.0000000000000000000 ) ) ;
#128 = ORIENTED_EDGE ( 'NONE', *, *, #2849, .F. ) ;
#129 = SURFACE_STYLE_USAGE ( .BOTH. , #1936 ) ;
#130 = DIRECTION ( 'NONE',  ( 0.0000000000000000000, 0.0000000000000000000, 1.000000000000000000 ) ) ;
#131 = ORIENTED_EDGE ( 'NONE', *, *, #3788, .T. ) ;
#132 =( NAMED_UNIT ( * ) PLANE_ANGLE_UNIT ( ) SI_UNIT ( $, .RADIAN. ) );
#133 = SURFACE_STYLE_USAGE ( .BOTH. , #3487 ) ;
#134 = DIRECTION ( 'NONE',  ( -1.000000000000000000, 0.0000000000000000000, -0.0000000000000000000 ) ) ;
#135 = FILL_AREA_STYLE ('',( #233 ) ) ;
#136 = CARTESIAN_POINT ( 'NONE',  ( 0.0000000000000000000, 8.502343819118461710, 1.556068651825732285 ) ) ;
#137 = PLANE ( 'NONE',  #3771 ) ;
#138 =( LENGTH_UNIT ( ) NAMED_UNIT ( * ) SI_UNIT ( .MILLI., .METRE. ) );
#139 = ORIENTED_EDGE ( 'NONE', *, *, #4076, .T. ) ;
#140 = AXIS2_PLACEMENT_3D ( 'NONE', #566, #991, #963 ) ;
#141 = ORIENTED_EDGE ( 'NONE', *, *, #2410, .F. ) ;
#142 = VECTOR ( 'NONE', #3119, 1000.000000000000227 ) ;
#143 = PLANE ( 'NONE',  #1829 ) ;
#144 = LINE ( 'NONE', #1625, #1014 ) ;
#145 = SURFACE_SIDE_STYLE ('',( #4472 ) ) ;
#146 = SURFACE_SIDE_STYLE ('',( #3474 ) ) ;
#147 = FILL_AREA_STYLE_COLOUR ( '', #3508 ) ;
#148 = VECTOR ( 'NONE', #1495, 1000.000000000000000 ) ;
#149 = EDGE_CURVE ( 'NONE', #3921, #3601, #4332, .T. ) ;
#150 = DIRECTION ( 'NONE',  ( -1.000000000000000000, 0.0000000000000000000, -0.0000000000000000000 ) ) ;
#151 = CARTESIAN_POINT ( 'NONE',  ( 10.14499999999999957, -4.500000000000000000, 5.349999999999999645 ) ) ;
#152 = EDGE_LOOP ( 'NONE', ( #852, #4749, #683, #3224 ) ) ;
#153 = CARTESIAN_POINT ( 'NONE',  ( 16.91499999999999915, 0.0000000000000000000, 4.200000000000000178 ) ) ;
#154 = ADVANCED_FACE ( 'NONE', ( #3587 ), #4405, .F. ) ;
#155 = AXIS2_PLACEMENT_3D ( 'NONE', #3297, #4361, #1836 ) ;
#156 = VECTOR ( 'NONE', #2708, 1000.000000000000000 ) ;
#157 = DIRECTION ( 'NONE',  ( -0.0000000000000000000, 1.000000000000000000, -0.0000000000000000000 ) ) ;
#158 = ORIENTED_EDGE ( 'NONE', *, *, #2525, .T. ) ;
#159 = SURFACE_SIDE_STYLE ('',( #3488 ) ) ;
#160 = CARTESIAN_POINT ( 'NONE',  ( 5.197459848116452008, -4.500000000000000000, 5.187540151883547779 ) ) ;
#161 = LINE ( 'NONE', #4555, #173 ) ;
#162 = UNCERTAINTY_MEASURE_WITH_UNIT (LENGTH_MEASURE( 1.000000000000000082E-05 ), #393, 'distance_accuracy_value', 'NONE');
#163 = FACE_OUTER_BOUND ( 'NONE', #1362, .T. ) ;
#164 = DIRECTION ( 'NONE',  ( 0.0000000000000000000, 5.900419986315671085E-17, -1.000000000000000000 ) ) ;
#165 = ORIENTED_EDGE ( 'NONE', *, *, #2020, .F. ) ;
#166 = ORIENTED_EDGE ( 'NONE', *, *, #2111, .T. ) ;
#167 = SURFACE_STYLE_USAGE ( .BOTH. , #1373 ) ;
#168 = EDGE_CURVE ( 'NONE', #3024, #4113, #3685, .T. ) ;
#169 =( LENGTH_UNIT ( ) NAMED_UNIT ( * ) SI_UNIT ( .MILLI., .METRE. ) );
#170 = SURFACE_STYLE_USAGE ( .BOTH. , #3178 ) ;
#171 = SURFACE_SIDE_STYLE ('',( #3503 ) ) ;
#172 = EDGE_LOOP ( 'NONE', ( #2118, #1507, #2308, #1331 ) ) ;
#173 = VECTOR ( 'NONE', #3067, 1000.000000000000114 ) ;
#174 = DIRECTION ( 'NONE',  ( 0.0000000000000000000, -0.0000000000000000000, -1.000000000000000000 ) ) ;
#175 = AXIS2_PLACEMENT_3D ( 'NONE', #1796, #2250, #2878 ) ;
#176 = EDGE_CURVE ( 'NONE', #1792, #809, #4357, .T. ) ;
#177 = PRESENTATION_STYLE_ASSIGNMENT (( #2364 ) ) ;
#178 = VERTEX_POINT ( 'NONE', #3999 ) ;
#179 = CARTESIAN_POINT ( 'NONE',  ( 5.034999999999999254, -3.999999999999999112, 5.349999999999999645 ) ) ;
#180 = FILL_AREA_STYLE ('',( #3512 ) ) ;
#181 = FACE_OUTER_BOUND ( 'NONE', #3941, .T. ) ;
#182 = SURFACE_STYLE_USAGE ( .BOTH. , #2466 ) ;
#183 = STYLED_ITEM ( 'NONE', ( #1606 ), #2821 ) ;
#184 = VECTOR ( 'NONE', #1729, 1000.000000000000000 ) ;
#185 = SURFACE_STYLE_FILL_AREA ( #2396 ) ;
#186 = CARTESIAN_POINT ( 'NONE',  ( 20.87499999999999645, 14.40000000000000391, 5.349999999999999645 ) ) ;
#187 = DIRECTION ( 'NONE',  ( 0.0000000000000000000, 0.0000000000000000000, 1.000000000000000000 ) ) ;
#188 = CARTESIAN_POINT ( 'NONE',  ( 5.197459848116452008, -4.500000000000000000, 4.200000000000000178 ) ) ;
#189 = ORIENTED_EDGE ( 'NONE', *, *, #901, .T. ) ;
#190 = VECTOR ( 'NONE', #4775, 1000.000000000000000 ) ;
#191 = CARTESIAN_POINT ( 'NONE',  ( 10.14499999999999957, -4.500000000000000000, 5.349999999999999645 ) ) ;
#192 =( NAMED_UNIT ( * ) SI_UNIT ( $, .STERADIAN. ) SOLID_ANGLE_UNIT ( ) );
#193 = VECTOR ( 'NONE', #2975, 1000.000000000000000 ) ;
#194 = PLANE ( 'NONE',  #810 ) ;
#195 = DIRECTION ( 'NONE',  ( 1.000000000000000000, 0.0000000000000000000, 0.0000000000000000000 ) ) ;
#196 = ORIENTED_EDGE ( 'NONE', *, *, #1235, .F. ) ;
#197 = FILL_AREA_STYLE_COLOUR ( '', #956 ) ;
#198 =( GEOMETRIC_REPRESENTATION_CONTEXT ( 3 ) GLOBAL_UNCERTAINTY_ASSIGNED_CONTEXT ( ( #652 ) ) GLOBAL_UNIT_ASSIGNED_CONTEXT ( ( #2271, #1908, #4041 ) ) REPRESENTATION_CONTEXT ( 'NONE', 'WORKASPACE' ) );
#199 = DIRECTION ( 'NONE',  ( 0.9510565162951541973, -0.3090169943749456749, 0.0000000000000000000 ) ) ;
#200 = DIRECTION ( 'NONE',  ( -1.000000000000000000, 0.0000000000000000000, 0.0000000000000000000 ) ) ;
#201 = ORIENTED_EDGE ( 'NONE', *, *, #1358, .T. ) ;
#202 = PRESENTATION_LAYER_ASSIGNMENT (  '', '', ( #669 ) ) ;
#203 = FILL_AREA_STYLE ('',( #1656 ) ) ;
#204 = DIRECTION ( 'NONE',  ( -0.0000000000000000000, -0.0000000000000000000, -1.000000000000000000 ) ) ;
#205 = ORIENTED_EDGE ( 'NONE', *, *, #3051, .T. ) ;
#206 = DIRECTION ( 'NONE',  ( 0.4472135954999579277, -0.8944271909999158554, 0.0000000000000000000 ) ) ;
#207 = SURFACE_STYLE_USAGE ( .BOTH. , #3537 ) ;
#208 = DIRECTION ( 'NONE',  ( 0.9510565162951544194, -0.3090169943749448977, 3.586565360430266892E-16 ) ) ;
#209 = LINE ( 'NONE', #1267, #4244 ) ;
#210 = LINE ( 'NONE', #3167, #112 ) ;
#211 = DIRECTION ( 'NONE',  ( 0.8944271909999159664, -0.4472135954999579832, 0.0000000000000000000 ) ) ;
#212 =( NAMED_UNIT ( * ) PLANE_ANGLE_UNIT ( ) SI_UNIT ( $, .RADIAN. ) );
#213 = VERTEX_POINT ( 'NONE', #3607 ) ;
#214 = EDGE_CURVE ( 'NONE', #616, #1325, #1653, .T. ) ;
#215 = MECHANICAL_DESIGN_GEOMETRIC_PRESENTATION_REPRESENTATION (  '', ( #1008 ), #3318 ) ;
#216 = CARTESIAN_POINT ( 'NONE',  ( 14.10499999999999865, 3.200000000000000622, 5.349999999999999645 ) ) ;
#217 = LINE ( 'NONE', #4320, #3244 ) ;
#218 = CARTESIAN_POINT ( 'NONE',  ( 20.87499999999999645, 15.00000000000000000, 4.500000000000001776 ) ) ;
#219 = ORIENTED_EDGE ( 'NONE', *, *, #3331, .T. ) ;
#220 =( LENGTH_UNIT ( ) NAMED_UNIT ( * ) SI_UNIT ( .MILLI., .METRE. ) );
#221 = VECTOR ( 'NONE', #980, 1000.000000000000227 ) ;
#222 = LINE ( 'NONE', #3549, #2543 ) ;
#223 = LINE ( 'NONE', #1418, #1753 ) ;
#224 = FACE_OUTER_BOUND ( 'NONE', #2931, .T. ) ;
#225 = ORIENTED_EDGE ( 'NONE', *, *, #1212, .T. ) ;
#226 = PLANE ( 'NONE',  #2912 ) ;
#227 = VECTOR ( 'NONE', #486, 1000.000000000000000 ) ;
#228 =( NAMED_UNIT ( * ) PLANE_ANGLE_UNIT ( ) SI_UNIT ( $, .RADIAN. ) );
#229 = ORIENTED_EDGE ( 'NONE', *, *, #3363, .F. ) ;
#230 = CARTESIAN_POINT ( 'NONE',  ( 23.10000000000000142, 5.518723555460829822, 1.115171409084289467 ) ) ;
#231 = CARTESIAN_POINT ( 'NONE',  ( 22.02499999999999503, -4.500000000000000000, 5.349999999999999645 ) ) ;
#232 = AXIS2_PLACEMENT_3D ( 'NONE', #3797, #2626, #3774 ) ;
#233 = FILL_AREA_STYLE_COLOUR ( '', #3401 ) ;
#234 = VECTOR ( 'NONE', #1155, 1000.000000000000000 ) ;
#235 = PRESENTATION_LAYER_ASSIGNMENT (  '', '', ( #1333 ) ) ;
#236 = ORIENTED_EDGE ( 'NONE', *, *, #2760, .T. ) ;
#237 = EDGE_CURVE ( 'NONE', #4599, #2125, #3127, .T. ) ;
#238 = CARTESIAN_POINT ( 'NONE',  ( 6.184999999999999609, -4.500000000000000000, 5.349999999999999645 ) ) ;
#239 = SURFACE_STYLE_FILL_AREA ( #4705 ) ;
#240 =( LENGTH_UNIT ( ) NAMED_UNIT ( * ) SI_UNIT ( .MILLI., .METRE. ) );
#241 = CARTESIAN_POINT ( 'NONE',  ( 1.075000000000000178, -4.500000000000000000, 4.200000000000000178 ) ) ;
#242 = ORIENTED_EDGE ( 'NONE', *, *, #773, .T. ) ;
#243 = DIRECTION ( 'NONE',  ( 0.4472135954999579277, 0.8944271909999158554, 0.0000000000000000000 ) ) ;
#244 = EDGE_CURVE ( 'NONE', #484, #867, #1467, .T. ) ;
#245 = LINE ( 'NONE', #3599, #184 ) ;
#246 = DIRECTION ( 'NONE',  ( 1.000000000000000000, -0.0000000000000000000, 0.0000000000000000000 ) ) ;
#247 = VERTEX_POINT ( 'NONE', #912 ) ;
#248 = FILL_AREA_STYLE ('',( #197 ) ) ;
#249 = DIRECTION ( 'NONE',  ( 0.2952418088443231059, -0.9086608545660279646, 0.2952418088443231059 ) ) ;
#250 = VECTOR ( 'NONE', #4063, 1000.000000000000227 ) ;
#251 = ADVANCED_FACE ( 'NONE', ( #1309 ), #614, .T. ) ;
#252 =( NAMED_UNIT ( * ) PLANE_ANGLE_UNIT ( ) SI_UNIT ( $, .RADIAN. ) );
#253 =( NAMED_UNIT ( * ) SI_UNIT ( $, .STERADIAN. ) SOLID_ANGLE_UNIT ( ) );
#254 = ORIENTED_EDGE ( 'NONE', *, *, #909, .T. ) ;
#255 = DIRECTION ( 'NONE',  ( -1.000000000000000000, 0.0000000000000000000, -0.0000000000000000000 ) ) ;
#256 = CARTESIAN_POINT ( 'NONE',  ( 23.10000000000000142, 5.052806862587393866, 0.9999999999999991118 ) ) ;
#257 = EDGE_LOOP ( 'NONE', ( #3997, #3827, #1091, #856 ) ) ;
#258 = FACE_OUTER_BOUND ( 'NONE', #4626, .T. ) ;
#259 =( NAMED_UNIT ( * ) SI_UNIT ( $, .STERADIAN. ) SOLID_ANGLE_UNIT ( ) );
#260 = ORIENTED_EDGE ( 'NONE', *, *, #66, .F. ) ;
#261 = LINE ( 'NONE', #238, #9 ) ;
#262 = SURFACE_SIDE_STYLE ('',( #1270 ) ) ;
#263 = CARTESIAN_POINT ( 'NONE',  ( 8.994999999999999218, -4.500000000000000000, 5.349999999999999645 ) ) ;
#264 = CARTESIAN_POINT ( 'NONE',  ( 2.225000000000000089, -4.500000000000000000, 5.349999999999999645 ) ) ;
#265 = EDGE_LOOP ( 'NONE', ( #579, #3729, #4479, #2129 ) ) ;
#266 = DIRECTION ( 'NONE',  ( -0.0000000000000000000, 0.0000000000000000000, 1.000000000000000000 ) ) ;
#267 = PRESENTATION_STYLE_ASSIGNMENT (( #2885 ) ) ;
#268 = CARTESIAN_POINT ( 'NONE',  ( 12.95500000000000007, 0.0000000000000000000, 10.34999999999999964 ) ) ;
#269 = LINE ( 'NONE', #3546, #459 ) ;
#270 = ORIENTED_EDGE ( 'NONE', *, *, #2285, .T. ) ;
#271 =( NAMED_UNIT ( * ) PLANE_ANGLE_UNIT ( ) SI_UNIT ( $, .RADIAN. ) );
#272 = EDGE_CURVE ( 'NONE', #4412, #505, #1632, .T. ) ;
#273 = CARTESIAN_POINT ( 'NONE',  ( 17.87333333333332774, 14.78333333333333677, 5.158333333333330550 ) ) ;
#274 =( GEOMETRIC_REPRESENTATION_CONTEXT ( 3 ) GLOBAL_UNCERTAINTY_ASSIGNED_CONTEXT ( ( #4096 ) ) GLOBAL_UNIT_ASSIGNED_CONTEXT ( ( #1092, #1832, #2589 ) ) REPRESENTATION_CONTEXT ( 'NONE', 'WORKASPACE' ) );
#275 = CARTESIAN_POINT ( 'NONE',  ( 21.03745984811645187, -4.500000000000000000, 4.200000000000000178 ) ) ;
#276 = LINE ( 'NONE', #1043, #2861 ) ;
#277 = ORIENTED_EDGE ( 'NONE', *, *, #1384, .F. ) ;
#278 = PRESENTATION_STYLE_ASSIGNMENT (( #667 ) ) ;
#279 = COLOUR_RGB ( '',0.5019607843137254832, 0.5019607843137254832, 0.5019607843137254832 ) ;
#280 = ADVANCED_FACE ( 'NONE', ( #2036 ), #3526, .F. ) ;
#281 = VECTOR ( 'NONE', #578, 1000.000000000000000 ) ;
#282 = DIRECTION ( 'NONE',  ( 0.0000000000000000000, 0.0000000000000000000, 1.000000000000000000 ) ) ;
#283 = ORIENTED_EDGE ( 'NONE', *, *, #4108, .T. ) ;
#284 = ORIENTED_EDGE ( 'NONE', *, *, #3198, .T. ) ;
#285 = DIRECTION ( 'NONE',  ( 0.4472135954999579277, -0.8944271909999158554, 0.0000000000000000000 ) ) ;
#286 = LINE ( 'NONE', #3270, #3029 ) ;
#287 = SURFACE_SIDE_STYLE ('',( #2137 ) ) ;
#288 = ORIENTED_EDGE ( 'NONE', *, *, #2971, .T. ) ;
#289 = ORIENTED_EDGE ( 'NONE', *, *, #416, .F. ) ;
#290 = ADVANCED_FACE ( 'NONE', ( #224 ), #1354, .F. ) ;
#291 = ORIENTED_EDGE ( 'NONE', *, *, #1351, .T. ) ;
#292 = MECHANICAL_DESIGN_GEOMETRIC_PRESENTATION_REPRESENTATION (  '', ( #4481 ), #686 ) ;
#293 = CARTESIAN_POINT ( 'NONE',  ( 16.91499999999999915, -3.999999999999985345, 4.200000000000000178 ) ) ;
#294 = VECTOR ( 'NONE', #2517, 1000.000000000000000 ) ;
#295 = SURFACE_SIDE_STYLE ('',( #3313 ) ) ;
#296 = FILL_AREA_STYLE ('',( #3707 ) ) ;
#297 = ORIENTED_EDGE ( 'NONE', *, *, #1089, .F. ) ;
#298 = ADVANCED_FACE ( 'NONE', ( #2555 ), #710, .F. ) ;
#299 = CARTESIAN_POINT ( 'NONE',  ( 16.91499999999999915, -4.500000000000000000, 5.349999999999999645 ) ) ;
#300 = PRESENTATION_LAYER_ASSIGNMENT (  '', '', ( #847 ) ) ;
#301 = CYLINDRICAL_SURFACE ( 'NONE', #848, 1.000000000000000000 ) ;
#302 = ORIENTED_EDGE ( 'NONE', *, *, #1544, .F. ) ;
#303 = EDGE_CURVE ( 'NONE', #1763, #4359, #3705, .T. ) ;
#304 = DIRECTION ( 'NONE',  ( -0.0000000000000000000, 0.0000000000000000000, 1.000000000000000000 ) ) ;
#305 = AXIS2_PLACEMENT_3D ( 'NONE', #4087, #665, #757 ) ;
#306 = ORIENTED_EDGE ( 'NONE', *, *, #53, .F. ) ;
#307 =( GEOMETRIC_REPRESENTATION_CONTEXT ( 3 ) GLOBAL_UNCERTAINTY_ASSIGNED_CONTEXT ( ( #10 ) ) GLOBAL_UNIT_ASSIGNED_CONTEXT ( ( #536, #1678, #2383 ) ) REPRESENTATION_CONTEXT ( 'NONE', 'WORKASPACE' ) );
#308 = UNCERTAINTY_MEASURE_WITH_UNIT (LENGTH_MEASURE( 1.000000000000000082E-05 ), #4257, 'distance_accuracy_value', 'NONE');
#309 =( LENGTH_UNIT ( ) NAMED_UNIT ( * ) SI_UNIT ( .MILLI., .METRE. ) );
#310 = DIRECTION ( 'NONE',  ( -0.0000000000000000000, 1.000000000000000000, -0.0000000000000000000 ) ) ;
#311 = PRESENTATION_STYLE_ASSIGNMENT (( #1778 ) ) ;
#312 = ORIENTED_EDGE ( 'NONE', *, *, #2270, .F. ) ;
#313 = PRESENTATION_LAYER_ASSIGNMENT (  '', '', ( #4502 ) ) ;
#314 = LINE ( 'NONE', #1799, #1118 ) ;
#315 = SURFACE_STYLE_USAGE ( .BOTH. , #2886 ) ;
#316 = ORIENTED_EDGE ( 'NONE', *, *, #1351, .F. ) ;
#317 = CARTESIAN_POINT ( 'NONE',  ( 17.21499999999999986, 15.00000000000000000, 5.049999999999998046 ) ) ;
#318 =( NAMED_UNIT ( * ) PLANE_ANGLE_UNIT ( ) SI_UNIT ( $, .RADIAN. ) );
#319 =( LENGTH_UNIT ( ) NAMED_UNIT ( * ) SI_UNIT ( .MILLI., .METRE. ) );
#320 = ORIENTED_EDGE ( 'NONE', *, *, #466, .T. ) ;
#321 = CARTESIAN_POINT ( 'NONE',  ( 2.225000000000000533, -4.500000000000000000, 4.362459848116452044 ) ) ;
#322 = ADVANCED_FACE ( 'NONE', ( #361 ), #1106, .F. ) ;
#323 = LINE ( 'NONE', #733, #387 ) ;
#324 = ORIENTED_EDGE ( 'NONE', *, *, #2111, .F. ) ;
#325 = VECTOR ( 'NONE', #1448, 1000.000000000000000 ) ;
#326 = PRESENTATION_STYLE_ASSIGNMENT (( #2516 ) ) ;
#327 = EDGE_CURVE ( 'NONE', #4496, #4494, #1419, .T. ) ;
#328 = ORIENTED_EDGE ( 'NONE', *, *, #3721, .F. ) ;
#329 = FACE_OUTER_BOUND ( 'NONE', #1795, .T. ) ;
#330 =( NAMED_UNIT ( * ) SI_UNIT ( $, .STERADIAN. ) SOLID_ANGLE_UNIT ( ) );
#331 = DIRECTION ( 'NONE',  ( 0.0000000000000000000, 0.0000000000000000000, -1.000000000000000000 ) ) ;
#332 = FILL_AREA_STYLE ('',( #2570 ) ) ;
#333 = EDGE_LOOP ( 'NONE', ( #4403, #3692, #306, #4531 ) ) ;
#334 =( GEOMETRIC_REPRESENTATION_CONTEXT ( 3 ) GLOBAL_UNCERTAINTY_ASSIGNED_CONTEXT ( ( #2937 ) ) GLOBAL_UNIT_ASSIGNED_CONTEXT ( ( #3378, #2956, #723 ) ) REPRESENTATION_CONTEXT ( 'NONE', 'WORKASPACE' ) );
#335 = ADVANCED_FACE ( 'NONE', ( #4739 ), #1399, .F. ) ;
#336 = PRESENTATION_LAYER_ASSIGNMENT (  '', '', ( #1652 ) ) ;
#337 = DIRECTION ( 'NONE',  ( 1.000000000000000000, 0.0000000000000000000, 0.0000000000000000000 ) ) ;
#338 = CARTESIAN_POINT ( 'NONE',  ( 6.184999999999999609, -4.500000000000000000, 5.349999999999999645 ) ) ;
#339 = PLANE ( 'NONE',  #4336 ) ;
#340 = VERTEX_POINT ( 'NONE', #3027 ) ;
#341 = VECTOR ( 'NONE', #2864, 1000.000000000000000 ) ;
#342 = FILL_AREA_STYLE_COLOUR ( '', #2157 ) ;
#343 =( NAMED_UNIT ( * ) PLANE_ANGLE_UNIT ( ) SI_UNIT ( $, .RADIAN. ) );
#344 = COLOUR_RGB ( '',0.5019607843137254832, 0.5019607843137254832, 0.5019607843137254832 ) ;
#345 = CARTESIAN_POINT ( 'NONE',  ( 0.0000000000000000000, 5.300000000000003375, 0.0000000000000000000 ) ) ;
#346 = LINE ( 'NONE', #3756, #1725 ) ;
#347 = COLOUR_RGB ( '',0.5019607843137254832, 0.5019607843137254832, 0.5019607843137254832 ) ;
#348 = PRESENTATION_LAYER_ASSIGNMENT (  '', '', ( #1975 ) ) ;
#349 = EDGE_CURVE ( 'NONE', #360, #2240, #855, .T. ) ;
#350 = AXIS2_PLACEMENT_3D ( 'NONE', #4569, #199, #1260 ) ;
#351 = DIRECTION ( 'NONE',  ( 1.000000000000000000, 0.0000000000000000000, 0.0000000000000000000 ) ) ;
#352 = EDGE_CURVE ( 'NONE', #2988, #4599, #2695, .T. ) ;
#353 = CARTESIAN_POINT ( 'NONE',  ( 8.994999999999999218, 14.40000000000000391, 4.200000000000000178 ) ) ;
#354 = EDGE_LOOP ( 'NONE', ( #1441, #3610, #1019, #3915 ) ) ;
#355 =( GEOMETRIC_REPRESENTATION_CONTEXT ( 3 ) GLOBAL_UNCERTAINTY_ASSIGNED_CONTEXT ( ( #1813 ) ) GLOBAL_UNIT_ASSIGNED_CONTEXT ( ( #679, #212, #2522 ) ) REPRESENTATION_CONTEXT ( 'NONE', 'WORKASPACE' ) );
#356 = UNCERTAINTY_MEASURE_WITH_UNIT (LENGTH_MEASURE( 1.000000000000000082E-05 ), #4704, 'distance_accuracy_value', 'NONE');
#357 = DIRECTION ( 'NONE',  ( 0.0000000000000000000, 0.0000000000000000000, 1.000000000000000000 ) ) ;
#358 = SURFACE_STYLE_USAGE ( .BOTH. , #3254 ) ;
#359 = EDGE_CURVE ( 'NONE', #4412, #2125, #2263, .T. ) ;
#360 = VERTEX_POINT ( 'NONE', #877 ) ;
#361 = FACE_OUTER_BOUND ( 'NONE', #758, .T. ) ;
#362 = PRESENTATION_STYLE_ASSIGNMENT (( #2151 ) ) ;
#363 = ORIENTED_EDGE ( 'NONE', *, *, #960, .F. ) ;
#364 = LINE ( 'NONE', #321, #4433 ) ;
#365 = CARTESIAN_POINT ( 'NONE',  ( 1.375000000000001776, 15.00000000000000000, 4.200000000000000178 ) ) ;
#366 = AXIS2_PLACEMENT_3D ( 'NONE', #2100, #3291, #304 ) ;
#367 = PLANE ( 'NONE',  #4034 ) ;
#368 = ORIENTED_EDGE ( 'NONE', *, *, #4717, .F. ) ;
#369 = VECTOR ( 'NONE', #2817, 1000.000000000000000 ) ;
#370 = DIRECTION ( 'NONE',  ( -1.000000000000000000, 0.0000000000000000000, 0.0000000000000000000 ) ) ;
#371 = LINE ( 'NONE', #3320, #816 ) ;
#372 =( GEOMETRIC_REPRESENTATION_CONTEXT ( 3 ) GLOBAL_UNCERTAINTY_ASSIGNED_CONTEXT ( ( #897 ) ) GLOBAL_UNIT_ASSIGNED_CONTEXT ( ( #2317, #104, #542 ) ) REPRESENTATION_CONTEXT ( 'NONE', 'WORKASPACE' ) );
#373 = PLANE ( 'NONE',  #4149 ) ;
#374 = ORIENTED_EDGE ( 'NONE', *, *, #1407, .T. ) ;
#375 = VECTOR ( 'NONE', #643, 1000.000000000000000 ) ;
#376 = EDGE_CURVE ( 'NONE', #637, #4101, #4198, .T. ) ;
#377 = COLOUR_RGB ( '',0.5019607843137254832, 0.5019607843137254832, 0.5019607843137254832 ) ;
#378 = DIRECTION ( 'NONE',  ( 1.000000000000000000, 0.0000000000000000000, 0.0000000000000000000 ) ) ;
#379 = DIRECTION ( 'NONE',  ( 0.0000000000000000000, -0.3090169943749456749, -0.9510565162951541973 ) ) ;
#380 = FILL_AREA_STYLE ('',( #1489 ) ) ;
#381 = ORIENTED_EDGE ( 'NONE', *, *, #3630, .F. ) ;
#382 = VECTOR ( 'NONE', #2771, 1000.000000000000114 ) ;
#383 = VECTOR ( 'NONE', #3439, 1000.000000000000000 ) ;
#384 = EDGE_CURVE ( 'NONE', #2779, #3995, #3732, .T. ) ;
#385 = ADVANCED_FACE ( 'NONE', ( #2632 ), #1965, .F. ) ;
#386 = FILL_AREA_STYLE ('',( #432 ) ) ;
#387 = VECTOR ( 'NONE', #3341, 1000.000000000000114 ) ;
#388 = DIRECTION ( 'NONE',  ( -0.0000000000000000000, -1.000000000000000000, -0.0000000000000000000 ) ) ;
#389 = VERTEX_POINT ( 'NONE', #2676 ) ;
#390 = LINE ( 'NONE', #2679, #4313 ) ;
#391 = EDGE_CURVE ( 'NONE', #4708, #734, #805, .T. ) ;
#392 = PRESENTATION_STYLE_ASSIGNMENT (( #2947 ) ) ;
#393 =( LENGTH_UNIT ( ) NAMED_UNIT ( * ) SI_UNIT ( .MILLI., .METRE. ) );
#394 = ORIENTED_EDGE ( 'NONE', *, *, #4383, .F. ) ;
#395 = DIRECTION ( 'NONE',  ( 0.2952418088443246602, 0.9086608545660269654, 0.2952418088443246602 ) ) ;
#396 = UNCERTAINTY_MEASURE_WITH_UNIT (LENGTH_MEASURE( 1.000000000000000082E-05 ), #3675, 'distance_accuracy_value', 'NONE');
#397 = PLANE ( 'NONE',  #1974 ) ;
#398 = SURFACE_SIDE_STYLE ('',( #2324 ) ) ;
#399 = CARTESIAN_POINT ( 'NONE',  ( 5.034999999999999254, 15.00000000000000000, 5.050000000000001599 ) ) ;
#400 = ORIENTED_EDGE ( 'NONE', *, *, #28, .T. ) ;
#401 = VECTOR ( 'NONE', #4465, 1000.000000000000227 ) ;
#402 = SURFACE_STYLE_USAGE ( .BOTH. , #774 ) ;
#403 = STYLED_ITEM ( 'NONE', ( #1363 ), #2347 ) ;
#404 = CARTESIAN_POINT ( 'NONE',  ( 5.034999999999999254, -3.999999999999999112, 4.200000000000000178 ) ) ;
#405 = ORIENTED_EDGE ( 'NONE', *, *, #1468, .T. ) ;
#406 = EDGE_CURVE ( 'NONE', #1183, #4498, #2743, .T. ) ;
#407 = MECHANICAL_DESIGN_GEOMETRIC_PRESENTATION_REPRESENTATION (  '', ( #1652 ), #1894 ) ;
#408 =( NAMED_UNIT ( * ) SI_UNIT ( $, .STERADIAN. ) SOLID_ANGLE_UNIT ( ) );
#409 = CARTESIAN_POINT ( 'NONE',  ( 14.10499999999999865, -4.500000000000000000, 5.349999999999999645 ) ) ;
#410 = LINE ( 'NONE', #4035, #3681 ) ;
#411 = DIRECTION ( 'NONE',  ( 0.0000000000000000000, -5.900419986315671085E-17, 1.000000000000000000 ) ) ;
#412 = ORIENTED_EDGE ( 'NONE', *, *, #1108, .T. ) ;
#413 = SURFACE_SIDE_STYLE ('',( #3709 ) ) ;
#414 = VECTOR ( 'NONE', #3572, 1000.000000000000000 ) ;
#415 = PLANE ( 'NONE',  #4159 ) ;
#416 = EDGE_CURVE ( 'NONE', #2462, #800, #3897, .T. ) ;
#417 = CARTESIAN_POINT ( 'NONE',  ( 13.91333333333333400, 14.78333333333332966, 5.158333333333333215 ) ) ;
#418 = ORIENTED_EDGE ( 'NONE', *, *, #3510, .F. ) ;
#419 = DIRECTION ( 'NONE',  ( 0.0000000000000000000, -4.130293990420969390E-16, -1.000000000000000000 ) ) ;
#420 = EDGE_CURVE ( 'NONE', #637, #1204, #4660, .T. ) ;
#421 = AXIS2_PLACEMENT_3D ( 'NONE', #4072, #1835, #3717 ) ;
#422 = CARTESIAN_POINT ( 'NONE',  ( 0.0000000000000000000, 3.199999999999999734, 1.000000000000000000 ) ) ;
#423 = PRESENTATION_STYLE_ASSIGNMENT (( #469 ) ) ;
#424 = DIRECTION ( 'NONE',  ( 0.8944271909999159664, -0.4472135954999579832, 1.686504180195158004E-16 ) ) ;
#425 = ORIENTED_EDGE ( 'NONE', *, *, #4220, .T. ) ;
#426 = MECHANICAL_DESIGN_GEOMETRIC_PRESENTATION_REPRESENTATION (  '', ( #823 ), #198 ) ;
#427 = AXIS2_PLACEMENT_3D ( 'NONE', #4246, #930, #876 ) ;
#428 = SURFACE_STYLE_FILL_AREA ( #1529 ) ;
#429 = ORIENTED_EDGE ( 'NONE', *, *, #2403, .F. ) ;
#430 = EDGE_CURVE ( 'NONE', #3458, #2125, #217, .T. ) ;
#431 = FILL_AREA_STYLE_COLOUR ( '', #4542 ) ;
#432 = FILL_AREA_STYLE_COLOUR ( '', #3642 ) ;
#433 = EDGE_LOOP ( 'NONE', ( #4577, #4161, #3639, #2346 ) ) ;
#434 = DIRECTION ( 'NONE',  ( 0.0000000000000000000, -0.3090169943749439541, -0.9510565162951547524 ) ) ;
#435 = SURFACE_SIDE_STYLE ('',( #487 ) ) ;
#436 = PLANE ( 'NONE',  #826 ) ;
#437 = EDGE_CURVE ( 'NONE', #867, #3535, #2405, .T. ) ;
#438 = SURFACE_SIDE_STYLE ('',( #2245 ) ) ;
#439 = CARTESIAN_POINT ( 'NONE',  ( 14.10499999999999865, 3.200000000000000178, 4.200000000000000178 ) ) ;
#440 = EDGE_LOOP ( 'NONE', ( #3437, #1576, #3204, #2339 ) ) ;
#441 = ADVANCED_FACE ( 'NONE', ( #1989 ), #1347, .F. ) ;
#442 = VECTOR ( 'NONE', #2799, 1000.000000000000000 ) ;
#443 = CARTESIAN_POINT ( 'NONE',  ( 20.87499999999999645, -3.999999999999985345, 4.200000000000000178 ) ) ;
#444 = CARTESIAN_POINT ( 'NONE',  ( 0.0000000000000000000, 11.73852024497704960, 9.629649721936179265E-32 ) ) ;
#445 = DIRECTION ( 'NONE',  ( 3.771137991253928080E-16, 0.0000000000000000000, -1.000000000000000000 ) ) ;
#446 = FILL_AREA_STYLE ('',( #3444 ) ) ;
#447 = DIRECTION ( 'NONE',  ( 1.000000000000000000, 0.0000000000000000000, 0.0000000000000000000 ) ) ;
#448 = UNCERTAINTY_MEASURE_WITH_UNIT (LENGTH_MEASURE( 1.000000000000000082E-05 ), #2698, 'distance_accuracy_value', 'NONE');
#449 = DIRECTION ( 'NONE',  ( -1.000000000000000000, 0.0000000000000000000, -0.0000000000000000000 ) ) ;
#450 = FILL_AREA_STYLE_COLOUR ( '', #1628 ) ;
#451 = ORIENTED_EDGE ( 'NONE', *, *, #214, .T. ) ;
#452 = EDGE_LOOP ( 'NONE', ( #1934, #627, #165, #3307 ) ) ;
#453 = AXIS2_PLACEMENT_3D ( 'NONE', #3054, #434, #2699 ) ;
#454 = DIRECTION ( 'NONE',  ( 0.2952418088443246602, -0.9086608545660269654, 0.2952418088443246602 ) ) ;
#455 =( NAMED_UNIT ( * ) PLANE_ANGLE_UNIT ( ) SI_UNIT ( $, .RADIAN. ) );
#456 = EDGE_LOOP ( 'NONE', ( #4048, #50, #2388, #141 ) ) ;
#457 = DIRECTION ( 'NONE',  ( 0.0000000000000000000, -1.000000000000000000, 0.0000000000000000000 ) ) ;
#458 = CARTESIAN_POINT ( 'NONE',  ( 17.16354147718337231, -4.764932012632482561, 5.101458522816626484 ) ) ;
#459 = VECTOR ( 'NONE', #636, 1000.000000000000000 ) ;
#460 = CARTESIAN_POINT ( 'NONE',  ( 23.10000000000000142, 12.30000000000000071, 0.0000000000000000000 ) ) ;
#461 = PRESENTATION_LAYER_ASSIGNMENT (  '', '', ( #626 ) ) ;
#462 = COLOUR_RGB ( '',0.5019607843137254832, 0.5019607843137254832, 0.5019607843137254832 ) ;
#463 = CARTESIAN_POINT ( 'NONE',  ( 12.95500000000000007, 14.39999999999999680, 4.200000000000000178 ) ) ;
#464 = ORIENTED_EDGE ( 'NONE', *, *, #2729, .T. ) ;
#465 = FACE_OUTER_BOUND ( 'NONE', #3520, .T. ) ;
#466 = EDGE_CURVE ( 'NONE', #3840, #3702, #4636, .T. ) ;
#467 = ORIENTED_EDGE ( 'NONE', *, *, #967, .T. ) ;
#468 = CARTESIAN_POINT ( 'NONE',  ( 1.224606353822377012E-16, 5.300000000000003375, 1.000000000000000000 ) ) ;
#469 = SURFACE_STYLE_USAGE ( .BOTH. , #3768 ) ;
#470 = LINE ( 'NONE', #1194, #3507 ) ;
#471 = FILL_AREA_STYLE_COLOUR ( '', #2538 ) ;
#472 = ORIENTED_EDGE ( 'NONE', *, *, #1577, .T. ) ;
#473 = EDGE_CURVE ( 'NONE', #4101, #3042, #2381, .T. ) ;
#474 = MECHANICAL_DESIGN_GEOMETRIC_PRESENTATION_REPRESENTATION (  '', ( #2421 ), #3978 ) ;
#475 = SURFACE_STYLE_FILL_AREA ( #501 ) ;
#476 = CARTESIAN_POINT ( 'NONE',  ( 18.06499999999999773, 3.199999999999999734, 10.34999999999999964 ) ) ;
#477 = ORIENTED_EDGE ( 'NONE', *, *, #2017, .T. ) ;
#478 = ORIENTED_EDGE ( 'NONE', *, *, #2082, .F. ) ;
#479 = STYLED_ITEM ( 'NONE', ( #2657 ), #1962 ) ;
#480 = EDGE_CURVE ( 'NONE', #3990, #4708, #4721, .T. ) ;
#481 = VECTOR ( 'NONE', #1269, 1000.000000000000000 ) ;
#482 = DIRECTION ( 'NONE',  ( 1.224606353822377012E-16, 0.0000000000000000000, 1.000000000000000000 ) ) ;
#483 = DIRECTION ( 'NONE',  ( 0.0000000000000000000, 5.900419986315671085E-17, -1.000000000000000000 ) ) ;
#484 = VERTEX_POINT ( 'NONE', #3194 ) ;
#485 = CARTESIAN_POINT ( 'NONE',  ( 10.14499999999999957, -4.500000000000000000, 4.362459848116452044 ) ) ;
#486 = DIRECTION ( 'NONE',  ( 1.000000000000000000, -0.0000000000000000000, 0.0000000000000000000 ) ) ;
#487 = SURFACE_STYLE_FILL_AREA ( #3802 ) ;
#488 = LINE ( 'NONE', #1972, #3694 ) ;
#489 =( GEOMETRIC_REPRESENTATION_CONTEXT ( 3 ) GLOBAL_UNCERTAINTY_ASSIGNED_CONTEXT ( ( #448 ) ) GLOBAL_UNIT_ASSIGNED_CONTEXT ( ( #2698, #1276, #4588 ) ) REPRESENTATION_CONTEXT ( 'NONE', 'WORKASPACE' ) );
#490 = CARTESIAN_POINT ( 'NONE',  ( 2.225000000000000089, 3.200000000000000622, 5.349999999999999645 ) ) ;
#491 = EDGE_LOOP ( 'NONE', ( #993, #2851, #837, #2683 ) ) ;
#492 = CARTESIAN_POINT ( 'NONE',  ( 23.10000000000000142, 9.529740267014847888, 1.498730534993784280 ) ) ;
#493 = EDGE_LOOP ( 'NONE', ( #3762, #316, #4522, #3864 ) ) ;
#494 = LINE ( 'NONE', #789, #3515 ) ;
#495 = FACE_OUTER_BOUND ( 'NONE', #548, .T. ) ;
#496 = PLANE ( 'NONE',  #1802 ) ;
#497 = PRESENTATION_STYLE_ASSIGNMENT (( #3422 ) ) ;
#498 = FACE_OUTER_BOUND ( 'NONE', #752, .T. ) ;
#499 = PRESENTATION_LAYER_ASSIGNMENT (  '', '', ( #3302 ) ) ;
#500 = ADVANCED_FACE ( 'NONE', ( #3875 ), #4611, .F. ) ;
#501 = FILL_AREA_STYLE ('',( #3090 ) ) ;
#502 = UNCERTAINTY_MEASURE_WITH_UNIT (LENGTH_MEASURE( 1.000000000000000082E-05 ), #17, 'distance_accuracy_value', 'NONE');
#503 = DIRECTION ( 'NONE',  ( 1.000000000000000000, 0.0000000000000000000, 0.0000000000000000000 ) ) ;
#504 = SURFACE_STYLE_USAGE ( .BOTH. , #2789 ) ;
#505 = VERTEX_POINT ( 'NONE', #3544 ) ;
#506 = PRESENTATION_LAYER_ASSIGNMENT (  '', '', ( #1298 ) ) ;
#507 = VERTEX_POINT ( 'NONE', #1700 ) ;
#508 =( GEOMETRIC_REPRESENTATION_CONTEXT ( 3 ) GLOBAL_UNCERTAINTY_ASSIGNED_CONTEXT ( ( #1389 ) ) GLOBAL_UNIT_ASSIGNED_CONTEXT ( ( #1493, #3828, #3498 ) ) REPRESENTATION_CONTEXT ( 'NONE', 'WORKASPACE' ) );
#509 = VECTOR ( 'NONE', #618, 1000.000000000000000 ) ;
#510 =( LENGTH_UNIT ( ) NAMED_UNIT ( * ) SI_UNIT ( .MILLI., .METRE. ) );
#511 = CARTESIAN_POINT ( 'NONE',  ( 20.87499999999999645, -4.500000000000000000, 4.200000000000000178 ) ) ;
#512 = CARTESIAN_POINT ( 'NONE',  ( 0.0000000000000000000, 12.30000000000000071, 0.8274904740837607520 ) ) ;
#513 = CARTESIAN_POINT ( 'NONE',  ( 16.91499999999999915, 3.199999999999999734, 10.34999999999999964 ) ) ;
#514 = FILL_AREA_STYLE_COLOUR ( '', #4152 ) ;
#515 = FACE_OUTER_BOUND ( 'NONE', #2924, .T. ) ;
#516 = ORIENTED_EDGE ( 'NONE', *, *, #3147, .T. ) ;
#517 = CARTESIAN_POINT ( 'NONE',  ( 18.06499999999999773, 0.0000000000000000000, 10.34999999999999964 ) ) ;
#518 = SURFACE_SIDE_STYLE ('',( #3463 ) ) ;
#519 = ORIENTED_EDGE ( 'NONE', *, *, #1794, .F. ) ;
#520 = FILL_AREA_STYLE_COLOUR ( '', #4212 ) ;
#521 = AXIS2_PLACEMENT_3D ( 'NONE', #4487, #1196, #3423 ) ;
#522 = DIRECTION ( 'NONE',  ( 1.000000000000000000, 0.0000000000000000000, 0.0000000000000000000 ) ) ;
#523 = PLANE ( 'NONE',  #4272 ) ;
#524 = VECTOR ( 'NONE', #1041, 1000.000000000000227 ) ;
#525 = SURFACE_SIDE_STYLE ('',( #4210 ) ) ;
#526 =( NAMED_UNIT ( * ) PLANE_ANGLE_UNIT ( ) SI_UNIT ( $, .RADIAN. ) );
#527 = DIRECTION ( 'NONE',  ( -0.0000000000000000000, 0.0000000000000000000, 1.000000000000000000 ) ) ;
#528 = SURFACE_SIDE_STYLE ('',( #827 ) ) ;
#529 = CARTESIAN_POINT ( 'NONE',  ( 0.0000000000000000000, 11.73852024497704960, 9.629649721936179265E-32 ) ) ;
#530 = VECTOR ( 'NONE', #4292, 1000.000000000000000 ) ;
#531 = ORIENTED_EDGE ( 'NONE', *, *, #3895, .T. ) ;
#532 = EDGE_CURVE ( 'NONE', #1242, #2331, #2084, .T. ) ;
#533 = DIRECTION ( 'NONE',  ( 1.000000000000000000, 0.0000000000000000000, 0.0000000000000000000 ) ) ;
#534 = FILL_AREA_STYLE_COLOUR ( '', #1997 ) ;
#535 = LINE ( 'NONE', #4613, #2590 ) ;
#536 =( LENGTH_UNIT ( ) NAMED_UNIT ( * ) SI_UNIT ( .MILLI., .METRE. ) );
#537 = SURFACE_STYLE_FILL_AREA ( #4178 ) ;
#538 = EDGE_CURVE ( 'NONE', #2768, #1742, #144, .T. ) ;
#539 = EDGE_CURVE ( 'NONE', #2134, #561, #2502, .T. ) ;
#540 = VECTOR ( 'NONE', #3969, 1000.000000000000000 ) ;
#541 =( NAMED_UNIT ( * ) PLANE_ANGLE_UNIT ( ) SI_UNIT ( $, .RADIAN. ) );
#542 =( NAMED_UNIT ( * ) SI_UNIT ( $, .STERADIAN. ) SOLID_ANGLE_UNIT ( ) );
#543 = EDGE_LOOP ( 'NONE', ( #1044, #776, #788, #3218 ) ) ;
#544 = DIRECTION ( 'NONE',  ( 1.000000000000000000, 0.0000000000000000000, 0.0000000000000000000 ) ) ;
#545 = PRESENTATION_LAYER_ASSIGNMENT (  '', '', ( #3174 ) ) ;
#546 = ADVANCED_FACE ( 'NONE', ( #707 ), #2113, .F. ) ;
#547 = VECTOR ( 'NONE', #3106, 1000.000000000000000 ) ;
#548 = EDGE_LOOP ( 'NONE', ( #1524, #830, #2424, #2732 ) ) ;
#549 = PLANE ( 'NONE',  #3383 ) ;
#550 = PLANE ( 'NONE',  #1239 ) ;
#551 = FACE_OUTER_BOUND ( 'NONE', #4676, .T. ) ;
#552 = UNCERTAINTY_MEASURE_WITH_UNIT (LENGTH_MEASURE( 1.000000000000000082E-05 ), #2265, 'distance_accuracy_value', 'NONE');
#553 = LINE ( 'NONE', #3619, #889 ) ;
#554 = DIRECTION ( 'NONE',  ( 0.4472135954999579277, 0.8944271909999158554, 0.0000000000000000000 ) ) ;
#555 = PLANE ( 'NONE',  #3703 ) ;
#556 = VERTEX_POINT ( 'NONE', #2573 ) ;
#557 = SURFACE_STYLE_FILL_AREA ( #3917 ) ;
#558 = CARTESIAN_POINT ( 'NONE',  ( 12.95500000000000007, 14.39999999999999680, 5.349999999999999645 ) ) ;
#559 = MECHANICAL_DESIGN_GEOMETRIC_PRESENTATION_REPRESENTATION (  '', ( #3184 ), #1951 ) ;
#560 = SURFACE_STYLE_FILL_AREA ( #586 ) ;
#561 = VERTEX_POINT ( 'NONE', #4007 ) ;
#562 = ADVANCED_FACE ( 'NONE', ( #1800 ), #3598, .T. ) ;
#563 = DIRECTION ( 'NONE',  ( 0.0000000000000000000, -5.900419986315671085E-17, 1.000000000000000000 ) ) ;
#564 = VECTOR ( 'NONE', #3602, 1000.000000000000000 ) ;
#565 = PLANE ( 'NONE',  #350 ) ;
#566 = CARTESIAN_POINT ( 'NONE',  ( 16.91499999999999915, -4.500000000000000000, 5.187540151883544226 ) ) ;
#567 = PLANE ( 'NONE',  #1175 ) ;
#568 = ORIENTED_EDGE ( 'NONE', *, *, #539, .F. ) ;
#569 = ADVANCED_FACE ( 'NONE', ( #2863 ), #1102, .T. ) ;
#570 =( GEOMETRIC_REPRESENTATION_CONTEXT ( 3 ) GLOBAL_UNCERTAINTY_ASSIGNED_CONTEXT ( ( #4194 ) ) GLOBAL_UNIT_ASSIGNED_CONTEXT ( ( #2230, #4095, #1096 ) ) REPRESENTATION_CONTEXT ( 'NONE', 'WORKASPACE' ) );
#571 = LINE ( 'NONE', #2128, #4732 ) ;
#572 = ORIENTED_EDGE ( 'NONE', *, *, #2475, .T. ) ;
#573 = ADVANCED_FACE ( 'NONE', ( #2686 ), #915, .F. ) ;
#574 = CARTESIAN_POINT ( 'NONE',  ( 22.02499999999999503, 0.0000000000000000000, 4.200000000000000178 ) ) ;
#575 = FILL_AREA_STYLE ('',( #2443 ) ) ;
#576 = PRESENTATION_STYLE_ASSIGNMENT (( #4262 ) ) ;
#577 =( NAMED_UNIT ( * ) SI_UNIT ( $, .STERADIAN. ) SOLID_ANGLE_UNIT ( ) );
#578 = DIRECTION ( 'NONE',  ( -0.0000000000000000000, 1.000000000000000000, -0.0000000000000000000 ) ) ;
#579 = ORIENTED_EDGE ( 'NONE', *, *, #3904, .F. ) ;
#580 = MECHANICAL_DESIGN_GEOMETRIC_PRESENTATION_REPRESENTATION (  '', ( #1367 ), #4070 ) ;
#581 = DIRECTION ( 'NONE',  ( -1.000000000000000000, 0.0000000000000000000, -0.0000000000000000000 ) ) ;
#582 = DIRECTION ( 'NONE',  ( 0.8944271909999159664, -0.4472135954999579832, 0.0000000000000000000 ) ) ;
#583 = AXIS2_PLACEMENT_3D ( 'NONE', #2619, #2999, #4486 ) ;
#584 = MECHANICAL_DESIGN_GEOMETRIC_PRESENTATION_REPRESENTATION (  '', ( #1292 ), #2754 ) ;
#585 = LINE ( 'NONE', #635, #1437 ) ;
#586 = FILL_AREA_STYLE ('',( #4638 ) ) ;
#587 = EDGE_LOOP ( 'NONE', ( #3708, #4258, #743, #425 ) ) ;
#588 = DIRECTION ( 'NONE',  ( -1.000000000000000000, 0.0000000000000000000, 0.0000000000000000000 ) ) ;
#589 = COLOUR_RGB ( '',0.5019607843137254832, 0.5019607843137254832, 0.5019607843137254832 ) ;
#590 = AXIS2_PLACEMENT_3D ( 'NONE', #3862, #419, #1913 ) ;
#591 = DIRECTION ( 'NONE',  ( 1.000000000000000000, 0.0000000000000000000, 0.0000000000000000000 ) ) ;
#592 = PLANE ( 'NONE',  #3061 ) ;
#593 = CARTESIAN_POINT ( 'NONE',  ( 5.034999999999999254, -4.500000000000000000, 4.200000000000000178 ) ) ;
#594 = ORIENTED_EDGE ( 'NONE', *, *, #480, .T. ) ;
#595 = VECTOR ( 'NONE', #3780, 1000.000000000000000 ) ;
#596 = FACE_OUTER_BOUND ( 'NONE', #3317, .T. ) ;
#597 = ORIENTED_EDGE ( 'NONE', *, *, #842, .F. ) ;
#598 = PLANE ( 'NONE',  #1124 ) ;
#599 = SURFACE_STYLE_USAGE ( .BOTH. , #2734 ) ;
#600 =( LENGTH_UNIT ( ) NAMED_UNIT ( * ) SI_UNIT ( .MILLI., .METRE. ) );
#601 = EDGE_CURVE ( 'NONE', #1742, #672, #886, .T. ) ;
#602 = ORIENTED_EDGE ( 'NONE', *, *, #3339, .T. ) ;
#603 = UNCERTAINTY_MEASURE_WITH_UNIT (LENGTH_MEASURE( 1.000000000000000082E-05 ), #3114, 'distance_accuracy_value', 'NONE');
#604 = PRESENTATION_STYLE_ASSIGNMENT (( #3565 ) ) ;
#605 = CARTESIAN_POINT ( 'NONE',  ( 8.994999999999999218, 14.40000000000000391, 5.349999999999999645 ) ) ;
#606 = CARTESIAN_POINT ( 'NONE',  ( 14.10499999999999865, 0.0000000000000000000, 5.349999999999999645 ) ) ;
#607 = ORIENTED_EDGE ( 'NONE', *, *, #3929, .F. ) ;
#608 = VECTOR ( 'NONE', #3469, 1000.000000000000000 ) ;
#609 = DIRECTION ( 'NONE',  ( 0.0000000000000000000, 0.0000000000000000000, -1.000000000000000000 ) ) ;
#610 = FILL_AREA_STYLE ('',( #3919 ) ) ;
#611 = EDGE_LOOP ( 'NONE', ( #400, #1671, #3629, #933 ) ) ;
#612 = SURFACE_STYLE_FILL_AREA ( #1732 ) ;
#613 = CARTESIAN_POINT ( 'NONE',  ( 21.02329859264025202, -4.456416137155164492, 4.348298592640254867 ) ) ;
#614 = PLANE ( 'NONE',  #140 ) ;
#615 = CARTESIAN_POINT ( 'NONE',  ( 6.184999999999999609, 14.40000000000000391, 5.349999999999999645 ) ) ;
#616 = VERTEX_POINT ( 'NONE', #3062 ) ;
#617 =( GEOMETRIC_REPRESENTATION_CONTEXT ( 3 ) GLOBAL_UNCERTAINTY_ASSIGNED_CONTEXT ( ( #4105 ) ) GLOBAL_UNIT_ASSIGNED_CONTEXT ( ( #3583, #4307, #3906 ) ) REPRESENTATION_CONTEXT ( 'NONE', 'WORKASPACE' ) );
#618 = DIRECTION ( 'NONE',  ( 0.0000000000000000000, 0.0000000000000000000, 1.000000000000000000 ) ) ;
#619 = MECHANICAL_DESIGN_GEOMETRIC_PRESENTATION_REPRESENTATION (  '', ( #1939 ), #1546 ) ;
#620 =( GEOMETRIC_REPRESENTATION_CONTEXT ( 3 ) GLOBAL_UNCERTAINTY_ASSIGNED_CONTEXT ( ( #1153 ) ) GLOBAL_UNIT_ASSIGNED_CONTEXT ( ( #4709, #3484, #4524 ) ) REPRESENTATION_CONTEXT ( 'NONE', 'WORKASPACE' ) );
#621 = FACE_BOUND ( 'NONE', #2982, .T. ) ;
#622 = ORIENTED_EDGE ( 'NONE', *, *, #1151, .T. ) ;
#623 = DIRECTION ( 'NONE',  ( 0.4082482904638630172, 0.8164965809277260345, 0.4082482904638630172 ) ) ;
#624 = LINE ( 'NONE', #919, #3455 ) ;
#625 = EDGE_CURVE ( 'NONE', #4020, #1231, #2322, .T. ) ;
#626 = STYLED_ITEM ( 'NONE', ( #2569 ), #1604 ) ;
#627 = ORIENTED_EDGE ( 'NONE', *, *, #3790, .F. ) ;
#628 = LINE ( 'NONE', #3142, #1806 ) ;
#629 = CARTESIAN_POINT ( 'NONE',  ( 13.20354147718336968, -4.764932012632485225, 5.101458522816628260 ) ) ;
#630 = DIRECTION ( 'NONE',  ( -1.000000000000000000, 0.0000000000000000000, 0.0000000000000000000 ) ) ;
#631 = EDGE_CURVE ( 'NONE', #4093, #4546, #4442, .T. ) ;
#632 = LINE ( 'NONE', #2859, #1759 ) ;
#633 = ORIENTED_EDGE ( 'NONE', *, *, #2499, .T. ) ;
#634 = PLANE ( 'NONE',  #3794 ) ;
#635 = CARTESIAN_POINT ( 'NONE',  ( 5.334999999999997300, 15.00000000000000000, 4.200000000000000178 ) ) ;
#636 = DIRECTION ( 'NONE',  ( -0.0000000000000000000, 1.000000000000000000, -0.0000000000000000000 ) ) ;
#637 = VERTEX_POINT ( 'NONE', #3863 ) ;
#638 = EDGE_CURVE ( 'NONE', #1874, #2481, #4233, .T. ) ;
#639 = CARTESIAN_POINT ( 'NONE',  ( 12.95500000000000007, -4.500000000000000000, 5.349999999999999645 ) ) ;
#640 = DIRECTION ( 'NONE',  ( 1.000000000000000000, 0.0000000000000000000, 1.885568995626964040E-16 ) ) ;
#641 = AXIS2_PLACEMENT_3D ( 'NONE', #3513, #208, #1689 ) ;
#642 = DIRECTION ( 'NONE',  ( 0.0000000000000000000, 0.0000000000000000000, -1.000000000000000000 ) ) ;
#643 = DIRECTION ( 'NONE',  ( 0.0000000000000000000, 0.0000000000000000000, -1.000000000000000000 ) ) ;
#644 = EDGE_LOOP ( 'NONE', ( #1215, #2417, #965, #291 ) ) ;
#645 = SURFACE_SIDE_STYLE ('',( #4376 ) ) ;
#646 = PRESENTATION_LAYER_ASSIGNMENT (  '', '', ( #3434 ) ) ;
#647 = APPLICATION_CONTEXT ( 'automotive_design' ) ;
#648 = ORIENTED_EDGE ( 'NONE', *, *, #2773, .F. ) ;
#649 = DIRECTION ( 'NONE',  ( -0.0000000000000000000, 1.000000000000000000, -0.0000000000000000000 ) ) ;
#650 = ORIENTED_EDGE ( 'NONE', *, *, #3505, .T. ) ;
#651 = DIRECTION ( 'NONE',  ( -0.8944271909999159664, -0.4472135954999579832, -3.373008360390316007E-16 ) ) ;
#652 = UNCERTAINTY_MEASURE_WITH_UNIT (LENGTH_MEASURE( 1.000000000000000082E-05 ), #2271, 'distance_accuracy_value', 'NONE');
#653 = DIRECTION ( 'NONE',  ( 1.000000000000000000, -0.0000000000000000000, -0.0000000000000000000 ) ) ;
#654 = CARTESIAN_POINT ( 'NONE',  ( 23.10000000000000142, 9.098226611966742539, 2.999999999999999556 ) ) ;
#655 = FILL_AREA_STYLE ('',( #4707 ) ) ;
#656 = ORIENTED_EDGE ( 'NONE', *, *, #923, .F. ) ;
#657 = VECTOR ( 'NONE', #3046, 1000.000000000000000 ) ;
#658 = EDGE_CURVE ( 'NONE', #2361, #2462, #4547, .T. ) ;
#659 = SURFACE_STYLE_FILL_AREA ( #380 ) ;
#660 = ORIENTED_EDGE ( 'NONE', *, *, #416, .T. ) ;
#661 = ORIENTED_EDGE ( 'NONE', *, *, #4632, .T. ) ;
#662 = PRESENTATION_LAYER_ASSIGNMENT (  '', '', ( #2290 ) ) ;
#663 = LINE ( 'NONE', #3154, #1386 ) ;
#664 = LINE ( 'NONE', #4738, #118 ) ;
#665 = DIRECTION ( 'NONE',  ( 0.0000000000000000000, -0.4472135954999579832, 0.8944271909999159664 ) ) ;
#666 = EDGE_LOOP ( 'NONE', ( #3542, #3249, #709, #1910 ) ) ;
#667 = SURFACE_STYLE_USAGE ( .BOTH. , #3611 ) ;
#668 = PRESENTATION_LAYER_ASSIGNMENT (  '', '', ( #3217 ) ) ;
#669 = STYLED_ITEM ( 'NONE', ( #2083 ), #4604 ) ;
#670 = VECTOR ( 'NONE', #23, 1000.000000000000000 ) ;
#671 = SURFACE_STYLE_USAGE ( .BOTH. , #3557 ) ;
#672 = VERTEX_POINT ( 'NONE', #2391 ) ;
#673 = CARTESIAN_POINT ( 'NONE',  ( 13.94254015188354678, -4.500000000000000000, 4.200000000000000178 ) ) ;
#674 = CARTESIAN_POINT ( 'NONE',  ( 14.10499999999999865, -4.500000000000000000, 5.349999999999999645 ) ) ;
#675 = ORIENTED_EDGE ( 'NONE', *, *, #4772, .T. ) ;
#676 =( LENGTH_UNIT ( ) NAMED_UNIT ( * ) SI_UNIT ( .MILLI., .METRE. ) );
#677 = SURFACE_STYLE_USAGE ( .BOTH. , #1173 ) ;
#678 = DIRECTION ( 'NONE',  ( 0.2952418088443247157, -0.9086608545660269654, -0.2952418088443246602 ) ) ;
#679 =( LENGTH_UNIT ( ) NAMED_UNIT ( * ) SI_UNIT ( .MILLI., .METRE. ) );
#680 = VERTEX_POINT ( 'NONE', #3884 ) ;
#681 =( NAMED_UNIT ( * ) SI_UNIT ( $, .STERADIAN. ) SOLID_ANGLE_UNIT ( ) );
#682 = CARTESIAN_POINT ( 'NONE',  ( 21.72499999999999432, 15.00000000000000000, 4.500000000000001776 ) ) ;
#683 = ORIENTED_EDGE ( 'NONE', *, *, #4427, .F. ) ;
#684 = CIRCLE ( 'NONE', #761, 1.000000000000000000 ) ;
#685 = ORIENTED_EDGE ( 'NONE', *, *, #2532, .F. ) ;
#686 =( GEOMETRIC_REPRESENTATION_CONTEXT ( 3 ) GLOBAL_UNCERTAINTY_ASSIGNED_CONTEXT ( ( #396 ) ) GLOBAL_UNIT_ASSIGNED_CONTEXT ( ( #3675, #3280, #1846 ) ) REPRESENTATION_CONTEXT ( 'NONE', 'WORKASPACE' ) );
#687 = DIRECTION ( 'NONE',  ( 0.0000000000000000000, 1.000000000000000000, -4.130293990420969390E-16 ) ) ;
#688 = AXIS2_PLACEMENT_3D ( 'NONE', #4085, #2508, #4786 ) ;
#689 = DIRECTION ( 'NONE',  ( -0.0000000000000000000, 1.000000000000000000, -0.0000000000000000000 ) ) ;
#690 = PRESENTATION_STYLE_ASSIGNMENT (( #2918 ) ) ;
#691 = SURFACE_SIDE_STYLE ('',( #3282 ) ) ;
#692 = EDGE_LOOP ( 'NONE', ( #93, #2939, #516, #2842 ) ) ;
#693 = LINE ( 'NONE', #2895, #3133 ) ;
#694 =( NAMED_UNIT ( * ) PLANE_ANGLE_UNIT ( ) SI_UNIT ( $, .RADIAN. ) );
#695 = EDGE_LOOP ( 'NONE', ( #328, #1808, #1515, #3713 ) ) ;
#696 = EDGE_CURVE ( 'NONE', #4699, #3735, #2598, .T. ) ;
#697 = PRESENTATION_STYLE_ASSIGNMENT (( #4022 ) ) ;
#698 = COLOUR_RGB ( '',1.000000000000000000, 1.000000000000000000, 1.000000000000000000 ) ;
#699 = VERTEX_POINT ( 'NONE', #3417 ) ;
#700 =( GEOMETRIC_REPRESENTATION_CONTEXT ( 3 ) GLOBAL_UNCERTAINTY_ASSIGNED_CONTEXT ( ( #4490 ) ) GLOBAL_UNIT_ASSIGNED_CONTEXT ( ( #4758, #4009, #2167 ) ) REPRESENTATION_CONTEXT ( 'NONE', 'WORKASPACE' ) );
#701 = CARTESIAN_POINT ( 'NONE',  ( 10.14499999999999957, 0.0000000000000000000, 5.349999999999999645 ) ) ;
#702 = LINE ( 'NONE', #1480, #3125 ) ;
#703 = CARTESIAN_POINT ( 'NONE',  ( 20.87499999999999645, -3.999999999999985345, 5.349999999999999645 ) ) ;
#704 = EDGE_LOOP ( 'NONE', ( #1588, #477, #721, #3368 ) ) ;
#705 = VECTOR ( 'NONE', #3003, 1000.000000000000000 ) ;
#706 = PLANE ( 'NONE',  #2966 ) ;
#707 = FACE_OUTER_BOUND ( 'NONE', #704, .T. ) ;
#708 = LINE ( 'NONE', #4445, #1860 ) ;
#709 = ORIENTED_EDGE ( 'NONE', *, *, #1635, .T. ) ;
#710 = PLANE ( 'NONE',  #1010 ) ;
#711 = DIRECTION ( 'NONE',  ( -1.000000000000000000, 0.0000000000000000000, 0.0000000000000000000 ) ) ;
#712 = DIRECTION ( 'NONE',  ( 0.0000000000000000000, 0.0000000000000000000, 1.000000000000000000 ) ) ;
#713 = ORIENTED_EDGE ( 'NONE', *, *, #3641, .F. ) ;
#714 = AXIS2_PLACEMENT_3D ( 'NONE', #946, #2806, #3164 ) ;
#715 = EDGE_CURVE ( 'NONE', #4469, #4496, #107, .T. ) ;
#716 = VECTOR ( 'NONE', #4103, 1000.000000000000000 ) ;
#717 = DIRECTION ( 'NONE',  ( -0.0000000000000000000, 0.0000000000000000000, 1.000000000000000000 ) ) ;
#718 = EDGE_CURVE ( 'NONE', #3954, #2344, #1551, .T. ) ;
#719 = DIRECTION ( 'NONE',  ( -1.000000000000000000, 0.0000000000000000000, 0.0000000000000000000 ) ) ;
#720 = FACE_OUTER_BOUND ( 'NONE', #3657, .T. ) ;
#721 = ORIENTED_EDGE ( 'NONE', *, *, #4044, .T. ) ;
#722 = VECTOR ( 'NONE', #2803, 1000.000000000000114 ) ;
#723 =( NAMED_UNIT ( * ) SI_UNIT ( $, .STERADIAN. ) SOLID_ANGLE_UNIT ( ) );
#724 = DIRECTION ( 'NONE',  ( -1.000000000000000000, 0.0000000000000000000, 0.0000000000000000000 ) ) ;
#725 = ORIENTED_EDGE ( 'NONE', *, *, #4658, .T. ) ;
#726 = CARTESIAN_POINT ( 'NONE',  ( 12.95500000000000007, -3.999999999999999112, 5.349999999999999645 ) ) ;
#727 = STYLED_ITEM ( 'NONE', ( #1229 ), #3131 ) ;
#728 = CARTESIAN_POINT ( 'NONE',  ( 23.10000000000000142, 8.968260511991896777, 0.6712400609100229731 ) ) ;
#729 = DIRECTION ( 'NONE',  ( -0.0000000000000000000, 0.0000000000000000000, 1.000000000000000000 ) ) ;
#730 = LINE ( 'NONE', #2267, #4354 ) ;
#731 = CARTESIAN_POINT ( 'NONE',  ( 23.10000000000000142, 5.052806862587393866, 1.999999999999999112 ) ) ;
#732 = CARTESIAN_POINT ( 'NONE',  ( 2.224999999999998312, 3.199999999999999734, 10.34999999999999964 ) ) ;
#733 = CARTESIAN_POINT ( 'NONE',  ( 0.0000000000000000000, 5.299999999999999822, 0.9999999999999991118 ) ) ;
#734 = VERTEX_POINT ( 'NONE', #256 ) ;
#735 = MECHANICAL_DESIGN_GEOMETRIC_PRESENTATION_REPRESENTATION (  '', ( #1975 ), #4381 ) ;
#736 = VECTOR ( 'NONE', #4628, 1000.000000000000000 ) ;
#737 = DIRECTION ( 'NONE',  ( 0.0000000000000000000, 0.0000000000000000000, 1.000000000000000000 ) ) ;
#738 = EDGE_CURVE ( 'NONE', #3860, #4703, #2850, .T. ) ;
#739 = COLOUR_RGB ( '',0.5019607843137254832, 0.5019607843137254832, 0.5019607843137254832 ) ;
#740 = SURFACE_SIDE_STYLE ('',( #1409 ) ) ;
#741 = UNCERTAINTY_MEASURE_WITH_UNIT (LENGTH_MEASURE( 1.000000000000000082E-05 ), #1427, 'distance_accuracy_value', 'NONE');
#742 = SURFACE_STYLE_FILL_AREA ( #2231 ) ;
#743 = ORIENTED_EDGE ( 'NONE', *, *, #2995, .F. ) ;
#744 = AXIS2_PLACEMENT_3D ( 'NONE', #760, #2702, #77 ) ;
#745 = EDGE_CURVE ( 'NONE', #2481, #2361, #4329, .T. ) ;
#746 = EDGE_CURVE ( 'NONE', #2356, #2434, #2829, .T. ) ;
#747 = FILL_AREA_STYLE ('',( #3275 ) ) ;
#748 = CARTESIAN_POINT ( 'NONE',  ( 14.10499999999999865, -4.500000000000000000, 4.200000000000000178 ) ) ;
#749 = UNCERTAINTY_MEASURE_WITH_UNIT (LENGTH_MEASURE( 1.000000000000000082E-05 ), #2413, 'distance_accuracy_value', 'NONE');
#750 = CARTESIAN_POINT ( 'NONE',  ( 8.994999999999999218, -3.999999999999999112, 5.349999999999999645 ) ) ;
#751 = DIRECTION ( 'NONE',  ( 0.0000000000000000000, 0.0000000000000000000, -1.000000000000000000 ) ) ;
#752 = EDGE_LOOP ( 'NONE', ( #2097, #4789, #4176, #622 ) ) ;
#753 = EDGE_CURVE ( 'NONE', #794, #887, #969, .T. ) ;
#754 =( LENGTH_UNIT ( ) NAMED_UNIT ( * ) SI_UNIT ( .MILLI., .METRE. ) );
#755 = STYLED_ITEM ( 'NONE', ( #2044 ), #87 ) ;
#756 = LINE ( 'NONE', #18, #1279 ) ;
#757 = DIRECTION ( 'NONE',  ( 0.0000000000000000000, -0.8944271909999158554, -0.4472135954999579277 ) ) ;
#758 = EDGE_LOOP ( 'NONE', ( #289, #1597, #4052, #1383 ) ) ;
#759 = CARTESIAN_POINT ( 'NONE',  ( 12.95500000000000007, 3.200000000000000178, 5.349999999999999645 ) ) ;
#760 = CARTESIAN_POINT ( 'NONE',  ( 1.075000000000000178, 15.00000000000000000, 4.200000000000000178 ) ) ;
#761 = AXIS2_PLACEMENT_3D ( 'NONE', #1339, #2807, #4284 ) ;
#762 = DIRECTION ( 'NONE',  ( -0.0000000000000000000, 1.000000000000000000, -0.0000000000000000000 ) ) ;
#763 = FILL_AREA_STYLE_COLOUR ( '', #1869 ) ;
#764 = EDGE_LOOP ( 'NONE', ( #1686, #4418, #4016, #2531 ) ) ;
#765 = COLOUR_RGB ( '',1.000000000000000000, 1.000000000000000000, 1.000000000000000000 ) ;
#766 = VECTOR ( 'NONE', #3942, 1000.000000000000000 ) ;
#767 = ADVANCED_FACE ( 'NONE', ( #4698, #1768, #1382, #2514, #3953, #621, #1685 ), #2416, .F. ) ;
#768 = PLANE ( 'NONE',  #3912 ) ;
#769 = FACE_OUTER_BOUND ( 'NONE', #1046, .T. ) ;
#770 = FILL_AREA_STYLE ('',( #4100 ) ) ;
#771 = COLOUR_RGB ( '',0.5019607843137254832, 0.5019607843137254832, 0.5019607843137254832 ) ;
#772 = AXIS2_PLACEMENT_3D ( 'NONE', #1616, #379, #1592 ) ;
#773 = EDGE_CURVE ( 'NONE', #1867, #3470, #571, .T. ) ;
#774 = SURFACE_SIDE_STYLE ('',( #2256 ) ) ;
#775 = CARTESIAN_POINT ( 'NONE',  ( 16.91499999999999915, -3.999999999999985345, 5.349999999999999645 ) ) ;
#776 = ORIENTED_EDGE ( 'NONE', *, *, #802, .T. ) ;
#777 = VECTOR ( 'NONE', #4437, 1000.000000000000000 ) ;
#778 = DIRECTION ( 'NONE',  ( 0.0000000000000000000, 0.0000000000000000000, 1.000000000000000000 ) ) ;
#779 = ADVANCED_FACE ( 'NONE', ( #4722 ), #301, .F. ) ;
#780 = CARTESIAN_POINT ( 'NONE',  ( 21.72499999999999432, 15.00000000000000000, 5.049999999999998046 ) ) ;
#781 = FILL_AREA_STYLE ('',( #1470 ) ) ;
#782 = EDGE_LOOP ( 'NONE', ( #2515, #2504, #3261, #1986 ) ) ;
#783 = CARTESIAN_POINT ( 'NONE',  ( 1.074999999999999956, -4.500000000000000000, 5.187540151883547779 ) ) ;
#784 = LINE ( 'NONE', #4157, #4392 ) ;
#785 = ORIENTED_EDGE ( 'NONE', *, *, #3075, .F. ) ;
#786 = SURFACE_STYLE_FILL_AREA ( #1543 ) ;
#787 = VECTOR ( 'NONE', #310, 1000.000000000000000 ) ;
#788 = ORIENTED_EDGE ( 'NONE', *, *, #3924, .F. ) ;
#789 = CARTESIAN_POINT ( 'NONE',  ( 5.936458522816628225, -4.764932012632485225, 5.101458522816628260 ) ) ;
#790 = UNCERTAINTY_MEASURE_WITH_UNIT (LENGTH_MEASURE( 1.000000000000000082E-05 ), #510, 'distance_accuracy_value', 'NONE');
#791 = CARTESIAN_POINT ( 'NONE',  ( 12.95500000000000007, -4.500000000000000000, 5.349999999999999645 ) ) ;
#792 = SURFACE_STYLE_USAGE ( .BOTH. , #5 ) ;
#793 = DIRECTION ( 'NONE',  ( 0.4472135954999579277, 0.8944271909999158554, 0.0000000000000000000 ) ) ;
#794 = VERTEX_POINT ( 'NONE', #3367 ) ;
#795 = PRESENTATION_STYLE_ASSIGNMENT (( #4125 ) ) ;
#796 = COLOUR_RGB ( '',0.5019607843137254832, 0.5019607843137254832, 0.5019607843137254832 ) ;
#797 = UNCERTAINTY_MEASURE_WITH_UNIT (LENGTH_MEASURE( 1.000000000000000082E-05 ), #4461, 'distance_accuracy_value', 'NONE');
#798 = LINE ( 'NONE', #4126, #1128 ) ;
#799 = FACE_OUTER_BOUND ( 'NONE', #4369, .T. ) ;
#800 = VERTEX_POINT ( 'NONE', #4792 ) ;
#801 = ORIENTED_EDGE ( 'NONE', *, *, #2883, .T. ) ;
#802 = EDGE_CURVE ( 'NONE', #1769, #4621, #2246, .T. ) ;
#803 = CIRCLE ( 'NONE', #1810, 1.000000000000000000 ) ;
#804 = FILL_AREA_STYLE_COLOUR ( '', #3785 ) ;
#805 = LINE ( 'NONE', #2289, #369 ) ;
#806 = ORIENTED_EDGE ( 'NONE', *, *, #2902, .F. ) ;
#807 = FACE_OUTER_BOUND ( 'NONE', #611, .T. ) ;
#808 = LINE ( 'NONE', #3031, #1478 ) ;
#809 = VERTEX_POINT ( 'NONE', #4092 ) ;
#810 = AXIS2_PLACEMENT_3D ( 'NONE', #3150, #457, #98 ) ;
#811 = FACE_OUTER_BOUND ( 'NONE', #1603, .T. ) ;
#812 = EDGE_CURVE ( 'NONE', #1204, #3809, #2178, .T. ) ;
#813 = LINE ( 'NONE', #417, #2993 ) ;
#814 = ORIENTED_EDGE ( 'NONE', *, *, #4514, .F. ) ;
#815 = PLANE ( 'NONE',  #3461 ) ;
#816 = VECTOR ( 'NONE', #2568, 1000.000000000000000 ) ;
#817 = COLOUR_RGB ( '',0.5019607843137254832, 0.5019607843137254832, 0.5019607843137254832 ) ;
#818 = STYLED_ITEM ( 'NONE', ( #1688 ), #3532 ) ;
#819 = CARTESIAN_POINT ( 'NONE',  ( 16.91499999999999915, -4.500000000000000000, 5.349999999999999645 ) ) ;
#820 = CARTESIAN_POINT ( 'NONE',  ( 14.10499999999999865, 14.39999999999999680, 4.200000000000000178 ) ) ;
#821 = DIRECTION ( 'NONE',  ( 1.000000000000000000, 0.0000000000000000000, 0.0000000000000000000 ) ) ;
#822 = ORIENTED_EDGE ( 'NONE', *, *, #4420, .F. ) ;
#823 = STYLED_ITEM ( 'NONE', ( #1090 ), #4270 ) ;
#824 = MECHANICAL_DESIGN_GEOMETRIC_PRESENTATION_REPRESENTATION (  '', ( #3699 ), #1225 ) ;
#825 = COLOUR_RGB ( '',0.5019607843137254832, 0.5019607843137254832, 0.5019607843137254832 ) ;
#826 = AXIS2_PLACEMENT_3D ( 'NONE', #4242, #3145, #1164 ) ;
#827 = SURFACE_STYLE_FILL_AREA ( #3796 ) ;
#828 = DIRECTION ( 'NONE',  ( 0.0000000000000000000, 0.8944271909999158554, -0.4472135954999579277 ) ) ;
#829 = EDGE_LOOP ( 'NONE', ( #320, #4290, #4572, #868 ) ) ;
#830 = ORIENTED_EDGE ( 'NONE', *, *, #745, .T. ) ;
#831 = FACE_OUTER_BOUND ( 'NONE', #3008, .T. ) ;
#832 = EDGE_LOOP ( 'NONE', ( #158, #3173, #1391, #2224 ) ) ;
#833 =( NAMED_UNIT ( * ) SI_UNIT ( $, .STERADIAN. ) SOLID_ANGLE_UNIT ( ) );
#834 = EDGE_CURVE ( 'NONE', #3146, #1527, #1071, .T. ) ;
#835 = DIRECTION ( 'NONE',  ( -0.0000000000000000000, 1.000000000000000000, -0.0000000000000000000 ) ) ;
#836 = FILL_AREA_STYLE ('',( #1612 ) ) ;
#837 = ORIENTED_EDGE ( 'NONE', *, *, #2499, .F. ) ;
#838 = ADVANCED_FACE ( 'NONE', ( #2204 ), #4067, .F. ) ;
#839 = CARTESIAN_POINT ( 'NONE',  ( 6.022540151883546855, -4.500000000000000000, 5.187540151883547779 ) ) ;
#840 = CARTESIAN_POINT ( 'NONE',  ( 13.25500000000000078, 15.00000000000000000, 4.200000000000000178 ) ) ;
#841 = ORIENTED_EDGE ( 'NONE', *, *, #2760, .F. ) ;
#842 = EDGE_CURVE ( 'NONE', #2856, #3535, #323, .T. ) ;
#843 = CARTESIAN_POINT ( 'NONE',  ( 10.14499999999999957, -3.999999999999999112, 4.200000000000000178 ) ) ;
#844 =( NAMED_UNIT ( * ) SI_UNIT ( $, .STERADIAN. ) SOLID_ANGLE_UNIT ( ) );
#845 = DIRECTION ( 'NONE',  ( 0.0000000000000000000, 0.5614797550229506662, 0.8274904740837609740 ) ) ;
#846 = ORIENTED_EDGE ( 'NONE', *, *, #4640, .F. ) ;
#847 = STYLED_ITEM ( 'NONE', ( #3521 ), #500 ) ;
#848 = AXIS2_PLACEMENT_3D ( 'NONE', #1886, #3288, #1139 ) ;
#849 = CARTESIAN_POINT ( 'NONE',  ( 0.0000000000000000000, 5.765916692873439331, 0.1151714090842901606 ) ) ;
#850 = CARTESIAN_POINT ( 'NONE',  ( 1.924999999999998490, 15.00000000000000000, 5.049999999999998046 ) ) ;
#851 = PLANE ( 'NONE',  #3815 ) ;
#852 = ORIENTED_EDGE ( 'NONE', *, *, #539, .T. ) ;
#853 = MECHANICAL_DESIGN_GEOMETRIC_PRESENTATION_REPRESENTATION (  '', ( #2557 ), #4333 ) ;
#854 = PLANE ( 'NONE',  #3389 ) ;
#855 = LINE ( 'NONE', #3781, #2473 ) ;
#856 = ORIENTED_EDGE ( 'NONE', *, *, #1119, .F. ) ;
#857 = DIRECTION ( 'NONE',  ( -1.000000000000000000, -0.0000000000000000000, -0.0000000000000000000 ) ) ;
#858 =( NAMED_UNIT ( * ) SI_UNIT ( $, .STERADIAN. ) SOLID_ANGLE_UNIT ( ) );
#859 =( NAMED_UNIT ( * ) SI_UNIT ( $, .STERADIAN. ) SOLID_ANGLE_UNIT ( ) );
#860 =( GEOMETRIC_REPRESENTATION_CONTEXT ( 3 ) GLOBAL_UNCERTAINTY_ASSIGNED_CONTEXT ( ( #2397 ) ) GLOBAL_UNIT_ASSIGNED_CONTEXT ( ( #1923, #4557, #1511 ) ) REPRESENTATION_CONTEXT ( 'NONE', 'WORKASPACE' ) );
#861 = SURFACE_STYLE_USAGE ( .BOTH. , #2777 ) ;
#862 = SURFACE_SIDE_STYLE ('',( #3393 ) ) ;
#863 = ORIENTED_EDGE ( 'NONE', *, *, #349, .T. ) ;
#864 = FACE_OUTER_BOUND ( 'NONE', #3081, .T. ) ;
#865 = ADVANCED_FACE ( 'NONE', ( #4019 ), #367, .F. ) ;
#866 = CARTESIAN_POINT ( 'NONE',  ( 23.10000000000000142, 5.300000000000003375, 1.000000000000000000 ) ) ;
#867 = VERTEX_POINT ( 'NONE', #1856 ) ;
#868 = ORIENTED_EDGE ( 'NONE', *, *, #1468, .F. ) ;
#869 = ADVANCED_FACE ( 'NONE', ( #2967 ), #2272, .F. ) ;
#870 = VECTOR ( 'NONE', #4089, 1000.000000000000227 ) ;
#871 = FACE_OUTER_BOUND ( 'NONE', #4816, .T. ) ;
#872 = CARTESIAN_POINT ( 'NONE',  ( 16.91499999999999915, -4.500000000000000000, 4.200000000000000178 ) ) ;
#873 = CARTESIAN_POINT ( 'NONE',  ( 5.334999999999997300, 15.00000000000000000, 5.050000000000001599 ) ) ;
#874 = ORIENTED_EDGE ( 'NONE', *, *, #1983, .F. ) ;
#875 = AXIS2_PLACEMENT_3D ( 'NONE', #2715, #2281, #2668 ) ;
#876 = DIRECTION ( 'NONE',  ( 0.4472135954999620910, 0.8944271909999138570, 0.0000000000000000000 ) ) ;
#877 = CARTESIAN_POINT ( 'NONE',  ( 1.924999999999998490, 15.00000000000000000, 4.500000000000001776 ) ) ;
#878 = ORIENTED_EDGE ( 'NONE', *, *, #812, .T. ) ;
#879 = SURFACE_SIDE_STYLE ('',( #2382 ) ) ;
#880 = DIRECTION ( 'NONE',  ( 0.0000000000000000000, 0.0000000000000000000, 1.000000000000000000 ) ) ;
#881 =( NAMED_UNIT ( * ) SI_UNIT ( $, .STERADIAN. ) SOLID_ANGLE_UNIT ( ) );
#882 = FILL_AREA_STYLE_COLOUR ( '', #2444 ) ;
#883 = PRESENTATION_LAYER_ASSIGNMENT (  '', '', ( #183 ) ) ;
#884 = VERTEX_POINT ( 'NONE', #439 ) ;
#885 = SURFACE_SIDE_STYLE ('',( #4118 ) ) ;
#886 = LINE ( 'NONE', #840, #3892 ) ;
#887 = VERTEX_POINT ( 'NONE', #2705 ) ;
#888 = DIRECTION ( 'NONE',  ( -1.224606353822377012E-16, 0.0000000000000000000, -1.000000000000000000 ) ) ;
#889 = VECTOR ( 'NONE', #2879, 1000.000000000000000 ) ;
#890 = SURFACE_STYLE_FILL_AREA ( #4166 ) ;
#891 = FACE_OUTER_BOUND ( 'NONE', #587, .T. ) ;
#892 = ADVANCED_FACE ( 'NONE', ( #2295 ), #4228, .T. ) ;
#893 =( NAMED_UNIT ( * ) PLANE_ANGLE_UNIT ( ) SI_UNIT ( $, .RADIAN. ) );
#894 = DIRECTION ( 'NONE',  ( 0.3090169943749456194, -0.9510565162951540863, 0.0000000000000000000 ) ) ;
#895 = STYLED_ITEM ( 'NONE', ( #1522 ), #3576 ) ;
#896 = PLANE ( 'NONE',  #1569 ) ;
#897 = UNCERTAINTY_MEASURE_WITH_UNIT (LENGTH_MEASURE( 1.000000000000000082E-05 ), #2317, 'distance_accuracy_value', 'NONE');
#898 = LINE ( 'NONE', #2006, #3373 ) ;
#899 = ORIENTED_EDGE ( 'NONE', *, *, #2653, .T. ) ;
#900 = EDGE_CURVE ( 'NONE', #4023, #3820, #3436, .T. ) ;
#901 = EDGE_CURVE ( 'NONE', #3809, #3702, #1564, .T. ) ;
#902 = STYLED_ITEM ( 'NONE', ( #1681 ), #4459 ) ;
#903 = ORIENTED_EDGE ( 'NONE', *, *, #4779, .T. ) ;
#904 = VECTOR ( 'NONE', #4541, 1000.000000000000000 ) ;
#905 = LINE ( 'NONE', #3118, #3460 ) ;
#906 = CARTESIAN_POINT ( 'NONE',  ( 8.994999999999999218, 3.199999999999999734, 10.34999999999999964 ) ) ;
#907 = DIRECTION ( 'NONE',  ( 0.0000000000000000000, -0.8274904740837608630, 0.5614797550229506662 ) ) ;
#908 = FACE_OUTER_BOUND ( 'NONE', #695, .T. ) ;
#909 = EDGE_CURVE ( 'NONE', #4301, #970, #2360, .T. ) ;
#910 = AXIS2_PLACEMENT_3D ( 'NONE', #79, #2585, #3786 ) ;
#911 = DIRECTION ( 'NONE',  ( -0.0000000000000000000, 1.000000000000000000, -0.0000000000000000000 ) ) ;
#912 = CARTESIAN_POINT ( 'NONE',  ( 8.994999999999999218, 14.40000000000000391, 5.349999999999999645 ) ) ;
#913 = ORIENTED_EDGE ( 'NONE', *, *, #2214, .F. ) ;
#914 = CARTESIAN_POINT ( 'NONE',  ( 2.225000000000000533, -4.500000000000000000, 4.200000000000000178 ) ) ;
#915 = PLANE ( 'NONE',  #1862 ) ;
#916 = ORIENTED_EDGE ( 'NONE', *, *, #923, .T. ) ;
#917 = LINE ( 'NONE', #4627, #2586 ) ;
#918 = COLOUR_RGB ( '',0.5019607843137254832, 0.5019607843137254832, 0.5019607843137254832 ) ;
#919 = CARTESIAN_POINT ( 'NONE',  ( 8.994999999999999218, -4.500000000000000000, 5.349999999999999645 ) ) ;
#920 = CARTESIAN_POINT ( 'NONE',  ( 20.87499999999999645, -4.500000000000000000, 4.200000000000000178 ) ) ;
#921 = VECTOR ( 'NONE', #1398, 1000.000000000000000 ) ;
#922 = STYLED_ITEM ( 'NONE', ( #690 ), #290 ) ;
#923 = EDGE_CURVE ( 'NONE', #4699, #2197, #3836, .T. ) ;
#924 = PLANE ( 'NONE',  #2735 ) ;
#925 = FILL_AREA_STYLE_COLOUR ( '', #2215 ) ;
#926 =( NAMED_UNIT ( * ) SI_UNIT ( $, .STERADIAN. ) SOLID_ANGLE_UNIT ( ) );
#927 = LINE ( 'NONE', #101, #670 ) ;
#928 = VERTEX_POINT ( 'NONE', #490 ) ;
#929 = ADVANCED_FACE ( 'NONE', ( #515 ), #2750, .F. ) ;
#930 = DIRECTION ( 'NONE',  ( 0.8944271909999138570, -0.4472135954999620910, 0.0000000000000000000 ) ) ;
#931 = DIRECTION ( 'NONE',  ( 0.0000000000000000000, 0.0000000000000000000, -1.000000000000000000 ) ) ;
#932 = FILL_AREA_STYLE ('',( #1254 ) ) ;
#933 = ORIENTED_EDGE ( 'NONE', *, *, #1695, .F. ) ;
#934 = LINE ( 'NONE', #2060, #3277 ) ;
#935 = ADVANCED_FACE ( 'NONE', ( #4620 ), #567, .F. ) ;
#936 = VECTOR ( 'NONE', #1702, 1000.000000000000000 ) ;
#937 = FILL_AREA_STYLE_COLOUR ( '', #3324 ) ;
#938 = COLOUR_RGB ( '',1.000000000000000000, 1.000000000000000000, 1.000000000000000000 ) ;
#939 = DIRECTION ( 'NONE',  ( 0.4472135954999579277, -0.8944271909999158554, 0.0000000000000000000 ) ) ;
#940 = UNCERTAINTY_MEASURE_WITH_UNIT (LENGTH_MEASURE( 1.000000000000000082E-05 ), #1329, 'distance_accuracy_value', 'NONE');
#941 = SURFACE_STYLE_USAGE ( .BOTH. , #4523 ) ;
#942 =( GEOMETRIC_REPRESENTATION_CONTEXT ( 3 ) GLOBAL_UNCERTAINTY_ASSIGNED_CONTEXT ( ( #2739 ) ) GLOBAL_UNIT_ASSIGNED_CONTEXT ( ( #3457, #2338, #4181 ) ) REPRESENTATION_CONTEXT ( 'NONE', 'WORKASPACE' ) );
#943 =( LENGTH_UNIT ( ) NAMED_UNIT ( * ) SI_UNIT ( .MILLI., .METRE. ) );
#944 = DIRECTION ( 'NONE',  ( -0.8944271909999159664, -0.4472135954999579832, 0.0000000000000000000 ) ) ;
#945 = CARTESIAN_POINT ( 'NONE',  ( 2.225000000000000089, -3.999999999999999112, 5.349999999999999645 ) ) ;
#946 = CARTESIAN_POINT ( 'NONE',  ( 1.074999999999999956, -4.500000000000000000, 5.349999999999999645 ) ) ;
#947 = LINE ( 'NONE', #973, #608 ) ;
#948 = SURFACE_SIDE_STYLE ('',( #185 ) ) ;
#949 = DIRECTION ( 'NONE',  ( 0.0000000000000000000, 0.0000000000000000000, -1.000000000000000000 ) ) ;
#950 = CARTESIAN_POINT ( 'NONE',  ( 16.91499999999999915, 14.40000000000000391, 5.349999999999999645 ) ) ;
#951 =( NAMED_UNIT ( * ) SI_UNIT ( $, .STERADIAN. ) SOLID_ANGLE_UNIT ( ) );
#952 = ORIENTED_EDGE ( 'NONE', *, *, #27, .T. ) ;
#953 = EDGE_CURVE ( 'NONE', #616, #1162, #1330, .T. ) ;
#954 = PRESENTATION_LAYER_ASSIGNMENT (  '', '', ( #2192 ) ) ;
#955 =( LENGTH_UNIT ( ) NAMED_UNIT ( * ) SI_UNIT ( .MILLI., .METRE. ) );
#956 = COLOUR_RGB ( '',0.7529411764705882248, 0.7529411764705882248, 0.7529411764705882248 ) ;
#957 = CARTESIAN_POINT ( 'NONE',  ( 20.87499999999999645, 3.199999999999999734, 10.34999999999999964 ) ) ;
#958 = ORIENTED_EDGE ( 'NONE', *, *, #1345, .F. ) ;
#959 = PRESENTATION_STYLE_ASSIGNMENT (( #167 ) ) ;
#960 = EDGE_CURVE ( 'NONE', #2779, #4093, #2037, .T. ) ;
#961 = AXIS2_PLACEMENT_3D ( 'NONE', #3387, #4201, #1562 ) ;
#962 = FACE_OUTER_BOUND ( 'NONE', #4634, .T. ) ;
#963 = DIRECTION ( 'NONE',  ( 0.0000000000000000000, -0.9510565162951546414, -0.3090169943749438985 ) ) ;
#964 = FILL_AREA_STYLE ('',( #1683 ) ) ;
#965 = ORIENTED_EDGE ( 'NONE', *, *, #4755, .F. ) ;
#966 = LINE ( 'NONE', #2825, #509 ) ;
#967 = EDGE_CURVE ( 'NONE', #4494, #2964, #992, .T. ) ;
#968 = VECTOR ( 'NONE', #60, 1000.000000000000000 ) ;
#969 = LINE ( 'NONE', #3638, #4031 ) ;
#970 = VERTEX_POINT ( 'NONE', #1710 ) ;
#971 = PLANE ( 'NONE',  #2738 ) ;
#972 = CARTESIAN_POINT ( 'NONE',  ( 5.885000000000001563, 15.00000000000000000, 4.499999999999998224 ) ) ;
#973 = CARTESIAN_POINT ( 'NONE',  ( 5.183298592640251279, -4.456416137155165380, 4.348298592640251314 ) ) ;
#974 = COLOUR_RGB ( '',1.000000000000000000, 1.000000000000000000, 1.000000000000000000 ) ;
#975 = PRESENTATION_LAYER_ASSIGNMENT (  '', '', ( #2746 ) ) ;
#976 = FACE_OUTER_BOUND ( 'NONE', #1838, .T. ) ;
#977 = CARTESIAN_POINT ( 'NONE',  ( 5.283541477183370638, -4.764932012632485225, 5.101458522816628260 ) ) ;
#978 = ORIENTED_EDGE ( 'NONE', *, *, #3017, .T. ) ;
#979 = DIRECTION ( 'NONE',  ( 1.000000000000000000, 0.0000000000000000000, 0.0000000000000000000 ) ) ;
#980 = DIRECTION ( 'NONE',  ( 0.4082482904638630172, 0.8164965809277260345, 0.4082482904638630172 ) ) ;
#981 = AXIS2_PLACEMENT_3D ( 'NONE', #4428, #1540, #25 ) ;
#982 = COLOUR_RGB ( '',0.5019607843137254832, 0.5019607843137254832, 0.5019607843137254832 ) ;
#983 = CARTESIAN_POINT ( 'NONE',  ( 0.0000000000000000000, 0.0000000000000000000, 0.0000000000000000000 ) ) ;
#984 = CARTESIAN_POINT ( 'NONE',  ( 8.994999999999999218, 3.200000000000000178, 5.349999999999999645 ) ) ;
#985 = ORIENTED_EDGE ( 'NONE', *, *, #2174, .T. ) ;
#986 = DIRECTION ( 'NONE',  ( 0.0000000000000000000, 0.0000000000000000000, -1.000000000000000000 ) ) ;
#987 = STYLED_ITEM ( 'NONE', ( #2012 ), #4566 ) ;
#988 = CARTESIAN_POINT ( 'NONE',  ( 2.225000000000000533, -3.999999999999999112, 4.200000000000000178 ) ) ;
#989 = EDGE_CURVE ( 'NONE', #4671, #4027, #276, .T. ) ;
#990 = CARTESIAN_POINT ( 'NONE',  ( 2.225000000000000089, -3.999999999999999112, 5.349999999999999645 ) ) ;
#991 = DIRECTION ( 'NONE',  ( 0.0000000000000000000, -0.3090169943749439541, 0.9510565162951547524 ) ) ;
#992 = LINE ( 'NONE', #4692, #375 ) ;
#993 = ORIENTED_EDGE ( 'NONE', *, *, #28, .F. ) ;
#994 = UNCERTAINTY_MEASURE_WITH_UNIT (LENGTH_MEASURE( 1.000000000000000082E-05 ), #3800, 'distance_accuracy_value', 'NONE');
#995 = STYLED_ITEM ( 'NONE', ( #1083 ), #4509 ) ;
#996 =( LENGTH_UNIT ( ) NAMED_UNIT ( * ) SI_UNIT ( .MILLI., .METRE. ) );
#997 = ADVANCED_FACE ( 'NONE', ( #3882 ), #4274, .F. ) ;
#998 = SURFACE_SIDE_STYLE ('',( #3931 ) ) ;
#999 = ORIENTED_EDGE ( 'NONE', *, *, #4574, .F. ) ;
#1000 = SURFACE_STYLE_FILL_AREA ( #2492 ) ;
#1001 = SURFACE_STYLE_FILL_AREA ( #575 ) ;
#1002 = ADVANCED_FACE ( 'NONE', ( #1132 ), #2987, .F. ) ;
#1003 = EDGE_LOOP ( 'NONE', ( #4010, #4504, #3428, #2751 ) ) ;
#1004 = CARTESIAN_POINT ( 'NONE',  ( 10.14499999999999957, -4.500000000000000000, 5.349999999999999645 ) ) ;
#1005 = CARTESIAN_POINT ( 'NONE',  ( 9.845000000000000639, 15.00000000000000000, 4.200000000000000178 ) ) ;
#1006 = DIRECTION ( 'NONE',  ( -1.000000000000000000, 0.0000000000000000000, -3.771137991253928080E-16 ) ) ;
#1007 = ORIENTED_EDGE ( 'NONE', *, *, #1358, .F. ) ;
#1008 = STYLED_ITEM ( 'NONE', ( #1548 ), #20 ) ;
#1009 = CARTESIAN_POINT ( 'NONE',  ( 23.10000000000000142, 11.73852024497704960, 9.629649721936179265E-32 ) ) ;
#1010 = AXIS2_PLACEMENT_3D ( 'NONE', #1762, #4422, #1850 ) ;
#1011 = LINE ( 'NONE', #2143, #2592 ) ;
#1012 = CARTESIAN_POINT ( 'NONE',  ( 12.95500000000000007, -3.999999999999999112, 4.200000000000000178 ) ) ;
#1013 = ORIENTED_EDGE ( 'NONE', *, *, #2298, .F. ) ;
#1014 = VECTOR ( 'NONE', #724, 1000.000000000000000 ) ;
#1015 = CARTESIAN_POINT ( 'NONE',  ( 23.10000000000000142, 3.199999999999999734, 1.000000000000000000 ) ) ;
#1016 = FILL_AREA_STYLE_COLOUR ( '', #279 ) ;
#1017 =( NAMED_UNIT ( * ) SI_UNIT ( $, .STERADIAN. ) SOLID_ANGLE_UNIT ( ) );
#1018 = FILL_AREA_STYLE_COLOUR ( '', #3335 ) ;
#1019 = ORIENTED_EDGE ( 'NONE', *, *, #1937, .F. ) ;
#1020 = MECHANICAL_DESIGN_GEOMETRIC_PRESENTATION_REPRESENTATION (  '', ( #3080 ), #2395 ) ;
#1021 = STYLED_ITEM ( 'NONE', ( #3328 ), #1317 ) ;
#1022 = FILL_AREA_STYLE ('',( #3161 ) ) ;
#1023 = ORIENTED_EDGE ( 'NONE', *, *, #2321, .T. ) ;
#1024 = CARTESIAN_POINT ( 'NONE',  ( 1.074999999999999956, -4.500000000000000000, 5.349999999999999645 ) ) ;
#1025 = AXIS2_PLACEMENT_3D ( 'NONE', #1461, #2938, #4734 ) ;
#1026 = VECTOR ( 'NONE', #204, 1000.000000000000000 ) ;
#1027 =( NAMED_UNIT ( * ) SI_UNIT ( $, .STERADIAN. ) SOLID_ANGLE_UNIT ( ) );
#1028 = EDGE_CURVE ( 'NONE', #1231, #1077, #4061, .T. ) ;
#1029 = VECTOR ( 'NONE', #2682, 1000.000000000000114 ) ;
#1030 = VERTEX_POINT ( 'NONE', #1851 ) ;
#1031 = DIRECTION ( 'NONE',  ( 0.0000000000000000000, 0.8848285909157097562, 0.4659166928734359003 ) ) ;
#1032 =( LENGTH_UNIT ( ) NAMED_UNIT ( * ) SI_UNIT ( .MILLI., .METRE. ) );
#1033 = DIRECTION ( 'NONE',  ( -0.0000000000000000000, 1.000000000000000000, -0.0000000000000000000 ) ) ;
#1034 = VERTEX_POINT ( 'NONE', #2223 ) ;
#1035 = EDGE_CURVE ( 'NONE', #2474, #4708, #4788, .T. ) ;
#1036 = DIRECTION ( 'NONE',  ( -1.000000000000000000, 0.0000000000000000000, -0.0000000000000000000 ) ) ;
#1037 = DIRECTION ( 'NONE',  ( 0.0000000000000000000, -0.9510565162951540863, -0.3090169943749456194 ) ) ;
#1038 = PRESENTATION_STYLE_ASSIGNMENT (( #1395 ) ) ;
#1039 = ORIENTED_EDGE ( 'NONE', *, *, #3447, .T. ) ;
#1040 = DIRECTION ( 'NONE',  ( 1.000000000000000000, 0.0000000000000000000, -1.224606353822377012E-16 ) ) ;
#1041 = DIRECTION ( 'NONE',  ( 0.4082482904638630172, 0.8164965809277260345, -0.4082482904638630172 ) ) ;
#1042 = CARTESIAN_POINT ( 'NONE',  ( 20.87499999999999645, -4.500000000000000000, 5.349999999999999645 ) ) ;
#1043 = CARTESIAN_POINT ( 'NONE',  ( 1.075000000000000178, 14.39999999999999680, 4.200000000000000178 ) ) ;
#1044 = ORIENTED_EDGE ( 'NONE', *, *, #4454, .T. ) ;
#1045 = CARTESIAN_POINT ( 'NONE',  ( 23.10000000000000142, 0.0000000000000000000, 0.0000000000000000000 ) ) ;
#1046 = EDGE_LOOP ( 'NONE', ( #999, #3497, #660, #2541 ) ) ;
#1047 =( NAMED_UNIT ( * ) PLANE_ANGLE_UNIT ( ) SI_UNIT ( $, .RADIAN. ) );
#1048 = CARTESIAN_POINT ( 'NONE',  ( 6.184999999999999609, -4.500000000000000000, 4.200000000000000178 ) ) ;
#1049 = CIRCLE ( 'NONE', #1508, 1.000000000000000000 ) ;
#1050 = EDGE_LOOP ( 'NONE', ( #37, #863, #1822, #2717 ) ) ;
#1051 = ADVANCED_FACE ( 'NONE', ( #4473 ), #1446, .F. ) ;
#1052 = VECTOR ( 'NONE', #3733, 1000.000000000000000 ) ;
#1053 = DIRECTION ( 'NONE',  ( 0.0000000000000000000, 0.8274904740837610850, -0.5614797550229503331 ) ) ;
#1054 =( NAMED_UNIT ( * ) PLANE_ANGLE_UNIT ( ) SI_UNIT ( $, .RADIAN. ) );
#1055 = ORIENTED_EDGE ( 'NONE', *, *, #538, .F. ) ;
#1056 = AXIS2_PLACEMENT_3D ( 'NONE', #3195, #2085, #1037 ) ;
#1057 = ADVANCED_FACE ( 'NONE', ( #2196 ), #1825, .T. ) ;
#1058 = SURFACE_SIDE_STYLE ('',( #2935 ) ) ;
#1059 = DIRECTION ( 'NONE',  ( 1.000000000000000000, -0.0000000000000000000, 0.0000000000000000000 ) ) ;
#1060 = ORIENTED_EDGE ( 'NONE', *, *, #4629, .T. ) ;
#1061 = VECTOR ( 'NONE', #4436, 1000.000000000000000 ) ;
#1062 = CARTESIAN_POINT ( 'NONE',  ( 16.91499999999999915, -4.500000000000000000, 5.349999999999999645 ) ) ;
#1063 = COLOUR_RGB ( '',0.5019607843137254832, 0.5019607843137254832, 0.5019607843137254832 ) ;
#1064 = EDGE_CURVE ( 'NONE', #3735, #1773, #1255, .T. ) ;
#1065 = DIRECTION ( 'NONE',  ( 0.0000000000000000000, 0.0000000000000000000, -1.000000000000000000 ) ) ;
#1066 = SURFACE_SIDE_STYLE ('',( #1084 ) ) ;
#1067 = EDGE_LOOP ( 'NONE', ( #1405, #363, #1013, #2237 ) ) ;
#1068 = DIRECTION ( 'NONE',  ( 1.000000000000000000, 0.0000000000000000000, 0.0000000000000000000 ) ) ;
#1069 =( LENGTH_UNIT ( ) NAMED_UNIT ( * ) SI_UNIT ( .MILLI., .METRE. ) );
#1070 =( GEOMETRIC_REPRESENTATION_CONTEXT ( 3 ) GLOBAL_UNCERTAINTY_ASSIGNED_CONTEXT ( ( #3618 ) ) GLOBAL_UNIT_ASSIGNED_CONTEXT ( ( #3356, #2262, #408 ) ) REPRESENTATION_CONTEXT ( 'NONE', 'WORKASPACE' ) );
#1071 = LINE ( 'NONE', #3263, #3175 ) ;
#1072 = ORIENTED_EDGE ( 'NONE', *, *, #352, .F. ) ;
#1073 = FILL_AREA_STYLE ('',( #3265 ) ) ;
#1074 = ORIENTED_EDGE ( 'NONE', *, *, #3415, .F. ) ;
#1075 =( LENGTH_UNIT ( ) NAMED_UNIT ( * ) SI_UNIT ( .MILLI., .METRE. ) );
#1076 =( LENGTH_UNIT ( ) NAMED_UNIT ( * ) SI_UNIT ( .MILLI., .METRE. ) );
#1077 = VERTEX_POINT ( 'NONE', #2336 ) ;
#1078 = CARTESIAN_POINT ( 'NONE',  ( 23.10000000000000142, 12.30000000000000071, 0.8274904740837607520 ) ) ;
#1079 = DIRECTION ( 'NONE',  ( -1.000000000000000000, 0.0000000000000000000, -0.0000000000000000000 ) ) ;
#1080 = MECHANICAL_DESIGN_GEOMETRIC_PRESENTATION_REPRESENTATION (  '', ( #4169 ), #3550 ) ;
#1081 = EDGE_CURVE ( 'NONE', #1490, #556, #49, .T. ) ;
#1082 =( GEOMETRIC_REPRESENTATION_CONTEXT ( 3 ) GLOBAL_UNCERTAINTY_ASSIGNED_CONTEXT ( ( #2727 ) ) GLOBAL_UNIT_ASSIGNED_CONTEXT ( ( #2194, #3281, #4807 ) ) REPRESENTATION_CONTEXT ( 'NONE', 'WORKASPACE' ) );
#1083 = PRESENTATION_STYLE_ASSIGNMENT (( #4397 ) ) ;
#1084 = SURFACE_STYLE_FILL_AREA ( #4299 ) ;
#1085 = CARTESIAN_POINT ( 'NONE',  ( 2.225000000000000089, 14.39999999999999680, 5.349999999999999645 ) ) ;
#1086 = DIRECTION ( 'NONE',  ( 1.000000000000000000, -0.0000000000000000000, -0.0000000000000000000 ) ) ;
#1087 = ORIENTED_EDGE ( 'NONE', *, *, #3105, .F. ) ;
#1088 = CARTESIAN_POINT ( 'NONE',  ( 21.83333333333332504, 14.78333333333333677, 4.391666666666669272 ) ) ;
#1089 = EDGE_CURVE ( 'NONE', #3240, #3004, #4517, .T. ) ;
#1090 = PRESENTATION_STYLE_ASSIGNMENT (( #1166 ) ) ;
#1091 = ORIENTED_EDGE ( 'NONE', *, *, #2653, .F. ) ;
#1092 =( LENGTH_UNIT ( ) NAMED_UNIT ( * ) SI_UNIT ( .MILLI., .METRE. ) );
#1093 = PRESENTATION_LAYER_ASSIGNMENT (  '', '', ( #1788 ) ) ;
#1094 = ORIENTED_EDGE ( 'NONE', *, *, #3207, .T. ) ;
#1095 =( GEOMETRIC_REPRESENTATION_CONTEXT ( 3 ) GLOBAL_UNCERTAINTY_ASSIGNED_CONTEXT ( ( #3516 ) ) GLOBAL_UNIT_ASSIGNED_CONTEXT ( ( #4417, #3727, #2601 ) ) REPRESENTATION_CONTEXT ( 'NONE', 'WORKASPACE' ) );
#1096 =( NAMED_UNIT ( * ) SI_UNIT ( $, .STERADIAN. ) SOLID_ANGLE_UNIT ( ) );
#1097 = LINE ( 'NONE', #3745, #3452 ) ;
#1098 = CARTESIAN_POINT ( 'NONE',  ( 12.95500000000000007, 14.39999999999999680, 5.349999999999999645 ) ) ;
#1099 = CARTESIAN_POINT ( 'NONE',  ( 23.10000000000000142, 3.199999999999999734, 10.34999999999999964 ) ) ;
#1100 = EDGE_LOOP ( 'NONE', ( #1297, #2172, #4680, #13 ) ) ;
#1101 = LINE ( 'NONE', #1509, #716 ) ;
#1102 = PLANE ( 'NONE',  #772 ) ;
#1103 = PRESENTATION_STYLE_ASSIGNMENT (( #3773 ) ) ;
#1104 = ORIENTED_EDGE ( 'NONE', *, *, #1138, .F. ) ;
#1105 = DIRECTION ( 'NONE',  ( 0.0000000000000000000, 0.8944271909999158554, -0.4472135954999579277 ) ) ;
#1106 = PLANE ( 'NONE',  #2932 ) ;
#1107 = VERTEX_POINT ( 'NONE', #3432 ) ;
#1108 = EDGE_CURVE ( 'NONE', #2651, #1893, #3453, .T. ) ;
#1109 = CARTESIAN_POINT ( 'NONE',  ( 9.953333333333333144, 14.78333333333333499, 4.391666666666665719 ) ) ;
#1110 = CARTESIAN_POINT ( 'NONE',  ( 0.0000000000000000000, 0.0000000000000000000, 0.0000000000000000000 ) ) ;
#1111 = VECTOR ( 'NONE', #1134, 1000.000000000000227 ) ;
#1112 = FACE_OUTER_BOUND ( 'NONE', #3938, .T. ) ;
#1113 = DIRECTION ( 'NONE',  ( 0.4472135954999620910, -0.8944271909999138570, 0.0000000000000000000 ) ) ;
#1114 = ORIENTED_EDGE ( 'NONE', *, *, #327, .T. ) ;
#1115 = EDGE_CURVE ( 'NONE', #2125, #1769, #1582, .T. ) ;
#1116 = EDGE_CURVE ( 'NONE', #1250, #3547, #2656, .T. ) ;
#1117 =( GEOMETRIC_REPRESENTATION_CONTEXT ( 3 ) GLOBAL_UNCERTAINTY_ASSIGNED_CONTEXT ( ( #2979 ) ) GLOBAL_UNIT_ASSIGNED_CONTEXT ( ( #1630, #1932, #859 ) ) REPRESENTATION_CONTEXT ( 'NONE', 'WORKASPACE' ) );
#1118 = VECTOR ( 'NONE', #4756, 1000.000000000000000 ) ;
#1119 = EDGE_CURVE ( 'NONE', #2102, #4671, #2678, .T. ) ;
#1120 = FACE_OUTER_BOUND ( 'NONE', #1903, .T. ) ;
#1121 = LINE ( 'NONE', #3962, #2016 ) ;
#1122 = CARTESIAN_POINT ( 'NONE',  ( 14.10499999999999865, -3.999999999999999112, 4.200000000000000178 ) ) ;
#1123 = EDGE_LOOP ( 'NONE', ( #405, #4109, #26, #1447 ) ) ;
#1124 = AXIS2_PLACEMENT_3D ( 'NONE', #1743, #2441, #1314 ) ;
#1125 = CARTESIAN_POINT ( 'NONE',  ( 22.02499999999999503, -3.999999999999985345, 5.349999999999999645 ) ) ;
#1126 = LINE ( 'NONE', #750, #1818 ) ;
#1127 = ORIENTED_EDGE ( 'NONE', *, *, #2410, .T. ) ;
#1128 = VECTOR ( 'NONE', #4444, 1000.000000000000000 ) ;
#1129 = PRODUCT_CONTEXT ( 'NONE', #3076, 'mechanical' ) ;
#1130 = PRESENTATION_LAYER_ASSIGNMENT (  '', '', ( #30 ) ) ;
#1131 = CARTESIAN_POINT ( 'NONE',  ( 14.10499999999999865, -3.999999999999999112, 5.349999999999999645 ) ) ;
#1132 = FACE_OUTER_BOUND ( 'NONE', #1496, .T. ) ;
#1133 = ORIENTED_EDGE ( 'NONE', *, *, #1404, .F. ) ;
#1134 = DIRECTION ( 'NONE',  ( 0.4082482904638630172, -0.8164965809277260345, -0.4082482904638630172 ) ) ;
#1135 = DIRECTION ( 'NONE',  ( 0.0000000000000000000, 0.0000000000000000000, 1.000000000000000000 ) ) ;
#1136 =( GEOMETRIC_REPRESENTATION_CONTEXT ( 3 ) GLOBAL_UNCERTAINTY_ASSIGNED_CONTEXT ( ( #2546 ) ) GLOBAL_UNIT_ASSIGNED_CONTEXT ( ( #88, #1195, #1246 ) ) REPRESENTATION_CONTEXT ( 'NONE', 'WORKASPACE' ) );
#1137 = COLOUR_RGB ( '',0.5019607843137254832, 0.5019607843137254832, 0.5019607843137254832 ) ;
#1138 = EDGE_CURVE ( 'NONE', #507, #4662, #808, .T. ) ;
#1139 = DIRECTION ( 'NONE',  ( 0.0000000000000000000, 0.0000000000000000000, 1.000000000000000000 ) ) ;
#1140 = VECTOR ( 'NONE', #2890, 1000.000000000000000 ) ;
#1141 = COLOUR_RGB ( '',0.5019607843137254832, 0.5019607843137254832, 0.5019607843137254832 ) ;
#1142 = ADVANCED_FACE ( 'NONE', ( #3855 ), #4565, .T. ) ;
#1143 = PRESENTATION_LAYER_ASSIGNMENT (  '', '', ( #987 ) ) ;
#1144 = VECTOR ( 'NONE', #835, 1000.000000000000000 ) ;
#1145 = FILL_AREA_STYLE ('',( #4750 ) ) ;
#1146 = UNCERTAINTY_MEASURE_WITH_UNIT (LENGTH_MEASURE( 1.000000000000000082E-05 ), #1216, 'distance_accuracy_value', 'NONE');
#1147 = FILL_AREA_STYLE ('',( #3819 ) ) ;
#1148 = DIRECTION ( 'NONE',  ( 1.000000000000000000, 0.0000000000000000000, 0.0000000000000000000 ) ) ;
#1149 =( NAMED_UNIT ( * ) PLANE_ANGLE_UNIT ( ) SI_UNIT ( $, .RADIAN. ) );
#1150 = VECTOR ( 'NONE', #4633, 1000.000000000000000 ) ;
#1151 = EDGE_CURVE ( 'NONE', #1171, #4546, #3121, .T. ) ;
#1152 = PLANE ( 'NONE',  #2808 ) ;
#1153 = UNCERTAINTY_MEASURE_WITH_UNIT (LENGTH_MEASURE( 1.000000000000000082E-05 ), #4709, 'distance_accuracy_value', 'NONE');
#1154 = DIRECTION ( 'NONE',  ( -0.0000000000000000000, 1.000000000000000000, -0.0000000000000000000 ) ) ;
#1155 = DIRECTION ( 'NONE',  ( 0.0000000000000000000, 0.0000000000000000000, -1.000000000000000000 ) ) ;
#1156 = VERTEX_POINT ( 'NONE', #1277 ) ;
#1157 =( NAMED_UNIT ( * ) SI_UNIT ( $, .STERADIAN. ) SOLID_ANGLE_UNIT ( ) );
#1158 = DIRECTION ( 'NONE',  ( -0.0000000000000000000, 1.000000000000000000, -0.0000000000000000000 ) ) ;
#1159 = COLOUR_RGB ( '',0.5019607843137254832, 0.5019607843137254832, 0.5019607843137254832 ) ;
#1160 = LINE ( 'NONE', #1561, #1740 ) ;
#1161 = CARTESIAN_POINT ( 'NONE',  ( 1.267467576206160147E-15, 0.0000000000000000000, 4.200000000000000178 ) ) ;
#1162 = VERTEX_POINT ( 'NONE', #4322 ) ;
#1163 = LINE ( 'NONE', #1516, #250 ) ;
#1164 = DIRECTION ( 'NONE',  ( 0.0000000000000000000, -0.0000000000000000000, -1.000000000000000000 ) ) ;
#1165 =( GEOMETRIC_REPRESENTATION_CONTEXT ( 3 ) GLOBAL_UNCERTAINTY_ASSIGNED_CONTEXT ( ( #940 ) ) GLOBAL_UNIT_ASSIGNED_CONTEXT ( ( #1329, #2412, #253 ) ) REPRESENTATION_CONTEXT ( 'NONE', 'WORKASPACE' ) );
#1166 = SURFACE_STYLE_USAGE ( .BOTH. , #2227 ) ;
#1167 = DIRECTION ( 'NONE',  ( 0.0000000000000000000, 0.0000000000000000000, -1.000000000000000000 ) ) ;
#1168 = ORIENTED_EDGE ( 'NONE', *, *, #4717, .T. ) ;
#1169 =( GEOMETRIC_REPRESENTATION_CONTEXT ( 3 ) GLOBAL_UNCERTAINTY_ASSIGNED_CONTEXT ( ( #1528 ) ) GLOBAL_UNIT_ASSIGNED_CONTEXT ( ( #2478, #1412, #3697 ) ) REPRESENTATION_CONTEXT ( 'NONE', 'WORKASPACE' ) );
#1170 = CARTESIAN_POINT ( 'NONE',  ( 0.0000000000000000000, 9.098226611966742539, 2.999999999999999556 ) ) ;
#1171 = VERTEX_POINT ( 'NONE', #4685 ) ;
#1172 = LINE ( 'NONE', #3064, #1429 ) ;
#1173 = SURFACE_SIDE_STYLE ('',( #2904 ) ) ;
#1174 = FACE_OUTER_BOUND ( 'NONE', #4068, .T. ) ;
#1175 = AXIS2_PLACEMENT_3D ( 'NONE', #615, #4326, #939 ) ;
#1176 = EDGE_CURVE ( 'NONE', #1030, #3830, #2819, .T. ) ;
#1177 = PRESENTATION_LAYER_ASSIGNMENT (  '', '', ( #4338 ) ) ;
#1178 = CARTESIAN_POINT ( 'NONE',  ( 8.994999999999999218, 0.0000000000000000000, 4.200000000000000178 ) ) ;
#1179 = FILL_AREA_STYLE ('',( #4489 ) ) ;
#1180 = LINE ( 'NONE', #3070, #1257 ) ;
#1181 = VERTEX_POINT ( 'NONE', #3573 ) ;
#1182 = EDGE_CURVE ( 'NONE', #1874, #3000, #3899, .T. ) ;
#1183 = VERTEX_POINT ( 'NONE', #1012 ) ;
#1184 = AXIS2_PLACEMENT_3D ( 'NONE', #605, #211, #554 ) ;
#1185 = COLOUR_RGB ( '',1.000000000000000000, 1.000000000000000000, 1.000000000000000000 ) ;
#1186 = FILL_AREA_STYLE ('',( #2654 ) ) ;
#1187 = ORIENTED_EDGE ( 'NONE', *, *, #1875, .F. ) ;
#1188 = DIRECTION ( 'NONE',  ( 0.2952418088443231059, -0.9086608545660279646, -0.2952418088443231059 ) ) ;
#1189 = EDGE_LOOP ( 'NONE', ( #2875, #2384, #1023, #2040 ) ) ;
#1190 = CARTESIAN_POINT ( 'NONE',  ( 8.994999999999999218, -3.999999999999999112, 4.200000000000000178 ) ) ;
#1191 = ORIENTED_EDGE ( 'NONE', *, *, #1517, .F. ) ;
#1192 = DIRECTION ( 'NONE',  ( 0.0000000000000000000, 0.0000000000000000000, -1.000000000000000000 ) ) ;
#1193 = CARTESIAN_POINT ( 'NONE',  ( 20.87499999999999645, -4.500000000000000000, 4.200000000000000178 ) ) ;
#1194 = CARTESIAN_POINT ( 'NONE',  ( 1.074999999999999956, -3.999999999999999112, 5.349999999999999645 ) ) ;
#1195 =( NAMED_UNIT ( * ) PLANE_ANGLE_UNIT ( ) SI_UNIT ( $, .RADIAN. ) );
#1196 = DIRECTION ( 'NONE',  ( -0.0000000000000000000, 0.0000000000000000000, 1.000000000000000000 ) ) ;
#1197 = VECTOR ( 'NONE', #4800, 1000.000000000000000 ) ;
#1198 = EDGE_CURVE ( 'NONE', #2768, #1738, #4661, .T. ) ;
#1199 = DIRECTION ( 'NONE',  ( 1.000000000000000000, -0.0000000000000000000, -0.0000000000000000000 ) ) ;
#1200 =( GEOMETRIC_REPRESENTATION_CONTEXT ( 3 ) GLOBAL_UNCERTAINTY_ASSIGNED_CONTEXT ( ( #356 ) ) GLOBAL_UNIT_ASSIGNED_CONTEXT ( ( #4704, #4653, #3219 ) ) REPRESENTATION_CONTEXT ( 'NONE', 'WORKASPACE' ) );
#1201 = UNCERTAINTY_MEASURE_WITH_UNIT (LENGTH_MEASURE( 1.000000000000000082E-05 ), #4337, 'distance_accuracy_value', 'NONE');
#1202 = FILL_AREA_STYLE ('',( #1230 ) ) ;
#1203 = ORIENTED_EDGE ( 'NONE', *, *, #834, .F. ) ;
#1204 = VERTEX_POINT ( 'NONE', #984 ) ;
#1205 = VECTOR ( 'NONE', #370, 1000.000000000000000 ) ;
#1206 = DIRECTION ( 'NONE',  ( -1.000000000000000000, 0.0000000000000000000, 0.0000000000000000000 ) ) ;
#1207 = EDGE_LOOP ( 'NONE', ( #4001, #4585, #3190, #841 ) ) ;
#1208 = FACE_OUTER_BOUND ( 'NONE', #764, .T. ) ;
#1209 = FACE_OUTER_BOUND ( 'NONE', #3568, .T. ) ;
#1210 = VECTOR ( 'NONE', #857, 1000.000000000000000 ) ;
#1211 = CARTESIAN_POINT ( 'NONE',  ( 6.022540151883546855, -4.500000000000000000, 4.362459848116452044 ) ) ;
#1212 = EDGE_CURVE ( 'NONE', #3146, #4586, #2841, .T. ) ;
#1213 = VECTOR ( 'NONE', #1701, 1000.000000000000000 ) ;
#1214 =( NAMED_UNIT ( * ) SI_UNIT ( $, .STERADIAN. ) SOLID_ANGLE_UNIT ( ) );
#1215 = ORIENTED_EDGE ( 'NONE', *, *, #376, .T. ) ;
#1216 =( LENGTH_UNIT ( ) NAMED_UNIT ( * ) SI_UNIT ( .MILLI., .METRE. ) );
#1217 = STYLED_ITEM ( 'NONE', ( #497 ), #4163 ) ;
#1218 = VECTOR ( 'NONE', #649, 1000.000000000000000 ) ;
#1219 =( LENGTH_UNIT ( ) NAMED_UNIT ( * ) SI_UNIT ( .MILLI., .METRE. ) );
#1220 = DIRECTION ( 'NONE',  ( 0.0000000000000000000, -0.9510565162951540863, -0.3090169943749456194 ) ) ;
#1221 =( NAMED_UNIT ( * ) PLANE_ANGLE_UNIT ( ) SI_UNIT ( $, .RADIAN. ) );
#1222 = DIRECTION ( 'NONE',  ( -1.000000000000000000, 0.0000000000000000000, -0.0000000000000000000 ) ) ;
#1223 = VERTEX_POINT ( 'NONE', #4614 ) ;
#1224 = PRESENTATION_LAYER_ASSIGNMENT (  '', '', ( #823 ) ) ;
#1225 =( GEOMETRIC_REPRESENTATION_CONTEXT ( 3 ) GLOBAL_UNCERTAINTY_ASSIGNED_CONTEXT ( ( #3220 ) ) GLOBAL_UNIT_ASSIGNED_CONTEXT ( ( #1449, #2583, #1423 ) ) REPRESENTATION_CONTEXT ( 'NONE', 'WORKASPACE' ) );
#1226 = LINE ( 'NONE', #3448, #4364 ) ;
#1227 = AXIS2_PLACEMENT_3D ( 'NONE', #2941, #2604, #3731 ) ;
#1228 = CIRCLE ( 'NONE', #3538, 1.000000000000000000 ) ;
#1229 = PRESENTATION_STYLE_ASSIGNMENT (( #4529 ) ) ;
#1230 = FILL_AREA_STYLE_COLOUR ( '', #3259 ) ;
#1231 = VERTEX_POINT ( 'NONE', #3172 ) ;
#1232 = FILL_AREA_STYLE_COLOUR ( '', #3698 ) ;
#1233 = CARTESIAN_POINT ( 'NONE',  ( 0.0000000000000000000, 9.098226611966742539, 2.999999999999999556 ) ) ;
#1234 = PLANE ( 'NONE',  #744 ) ;
#1235 = EDGE_CURVE ( 'NONE', #4804, #4023, #269, .T. ) ;
#1236 =( LENGTH_UNIT ( ) NAMED_UNIT ( * ) SI_UNIT ( .MILLI., .METRE. ) );
#1237 = ORIENTED_EDGE ( 'NONE', *, *, #3849, .F. ) ;
#1238 = EDGE_CURVE ( 'NONE', #4645, #884, #2117, .T. ) ;
#1239 = AXIS2_PLACEMENT_3D ( 'NONE', #4211, #3936, #894 ) ;
#1240 =( GEOMETRIC_REPRESENTATION_CONTEXT ( 3 ) GLOBAL_UNCERTAINTY_ASSIGNED_CONTEXT ( ( #1775 ) ) GLOBAL_UNIT_ASSIGNED_CONTEXT ( ( #955, #3251, #4682 ) ) REPRESENTATION_CONTEXT ( 'NONE', 'WORKASPACE' ) );
#1241 = CARTESIAN_POINT ( 'NONE',  ( 21.17500000000000071, 15.00000000000000000, 4.200000000000000178 ) ) ;
#1242 = VERTEX_POINT ( 'NONE', #2015 ) ;
#1243 = CARTESIAN_POINT ( 'NONE',  ( 2.247911952498831125E-16, 9.033243561979320546, 1.835620030455010765 ) ) ;
#1244 = FILL_AREA_STYLE_COLOUR ( '', #4069 ) ;
#1245 =( NAMED_UNIT ( * ) SI_UNIT ( $, .STERADIAN. ) SOLID_ANGLE_UNIT ( ) );
#1246 =( NAMED_UNIT ( * ) SI_UNIT ( $, .STERADIAN. ) SOLID_ANGLE_UNIT ( ) );
#1247 = CARTESIAN_POINT ( 'NONE',  ( 0.0000000000000000000, 3.200000000000000178, 4.200000000000000178 ) ) ;
#1248 = UNCERTAINTY_MEASURE_WITH_UNIT (LENGTH_MEASURE( 1.000000000000000082E-05 ), #2116, 'distance_accuracy_value', 'NONE');
#1249 = DIRECTION ( 'NONE',  ( 0.0000000000000000000, -0.4472135954999579832, -0.8944271909999159664 ) ) ;
#1250 = VERTEX_POINT ( 'NONE', #1349 ) ;
#1251 = EDGE_LOOP ( 'NONE', ( #1646, #4439, #3386, #2877 ) ) ;
#1252 = DIRECTION ( 'NONE',  ( -1.000000000000000000, 0.0000000000000000000, 0.0000000000000000000 ) ) ;
#1253 = ORIENTED_EDGE ( 'NONE', *, *, #1549, .F. ) ;
#1254 = FILL_AREA_STYLE_COLOUR ( '', #3287 ) ;
#1255 = LINE ( 'NONE', #1161, #227 ) ;
#1256 = VECTOR ( 'NONE', #4782, 1000.000000000000000 ) ;
#1257 = VECTOR ( 'NONE', #4195, 1000.000000000000000 ) ;
#1258 = MECHANICAL_DESIGN_GEOMETRIC_PRESENTATION_REPRESENTATION (  '', ( #4502 ), #942 ) ;
#1259 = EDGE_CURVE ( 'NONE', #4093, #1183, #1755, .T. ) ;
#1260 = DIRECTION ( 'NONE',  ( 0.3090169943749456194, 0.9510565162951540863, 0.0000000000000000000 ) ) ;
#1261 = ORIENTED_EDGE ( 'NONE', *, *, #1434, .T. ) ;
#1262 = DIRECTION ( 'NONE',  ( 1.000000000000000000, 0.0000000000000000000, 0.0000000000000000000 ) ) ;
#1263 = ADVANCED_FACE ( 'NONE', ( #908 ), #4589, .F. ) ;
#1264 = DIRECTION ( 'NONE',  ( 0.0000000000000000000, -0.8944271909999138570, -0.4472135954999620910 ) ) ;
#1265 = ORIENTED_EDGE ( 'NONE', *, *, #900, .F. ) ;
#1266 = DIRECTION ( 'NONE',  ( 0.0000000000000000000, -1.000000000000000000, 0.0000000000000000000 ) ) ;
#1267 = CARTESIAN_POINT ( 'NONE',  ( 8.994999999999999218, 15.00000000000000000, 5.050000000000001599 ) ) ;
#1268 = EDGE_CURVE ( 'NONE', #4037, #3264, #3306, .T. ) ;
#1269 = DIRECTION ( 'NONE',  ( -1.000000000000000000, 0.0000000000000000000, 0.0000000000000000000 ) ) ;
#1270 = SURFACE_STYLE_FILL_AREA ( #4583 ) ;
#1271 = ORIENTED_EDGE ( 'NONE', *, *, #3937, .T. ) ;
#1272 = ORIENTED_EDGE ( 'NONE', *, *, #3165, .T. ) ;
#1273 = PRESENTATION_LAYER_ASSIGNMENT (  '', '', ( #1503 ) ) ;
#1274 = AXIS2_PLACEMENT_3D ( 'NONE', #3303, #447, #3845 ) ;
#1275 = LINE ( 'NONE', #4154, #4389 ) ;
#1276 =( NAMED_UNIT ( * ) PLANE_ANGLE_UNIT ( ) SI_UNIT ( $, .RADIAN. ) );
#1277 = CARTESIAN_POINT ( 'NONE',  ( 5.034999999999999254, 3.200000000000000178, 4.200000000000000178 ) ) ;
#1278 = FILL_AREA_STYLE_COLOUR ( '', #1888 ) ;
#1279 = VECTOR ( 'NONE', #4516, 1000.000000000000000 ) ;
#1280 = DIRECTION ( 'NONE',  ( -0.0000000000000000000, 1.000000000000000000, -0.0000000000000000000 ) ) ;
#1281 = EDGE_LOOP ( 'NONE', ( #2448, #3651, #4164, #3009 ) ) ;
#1282 = PRESENTATION_STYLE_ASSIGNMENT (( #941 ) ) ;
#1283 = EDGE_CURVE ( 'NONE', #2163, #213, #3627, .T. ) ;
#1284 = PRESENTATION_LAYER_ASSIGNMENT (  '', '', ( #727 ) ) ;
#1285 = DIRECTION ( 'NONE',  ( -1.000000000000000000, 0.0000000000000000000, -0.0000000000000000000 ) ) ;
#1286 = ORIENTED_EDGE ( 'NONE', *, *, #1848, .T. ) ;
#1287 = MECHANICAL_DESIGN_GEOMETRIC_PRESENTATION_REPRESENTATION (  '', ( #4297 ), #2519 ) ;
#1288 = CARTESIAN_POINT ( 'NONE',  ( 0.0000000000000000000, 3.200000000000000178, 5.349999999999999645 ) ) ;
#1289 =( NAMED_UNIT ( * ) PLANE_ANGLE_UNIT ( ) SI_UNIT ( $, .RADIAN. ) );
#1290 = EDGE_CURVE ( 'NONE', #3264, #1783, #708, .T. ) ;
#1291 = COLOUR_RGB ( '',1.000000000000000000, 1.000000000000000000, 1.000000000000000000 ) ;
#1292 = STYLED_ITEM ( 'NONE', ( #2072 ), #3450 ) ;
#1293 = PLANE ( 'NONE',  #175 ) ;
#1294 = UNCERTAINTY_MEASURE_WITH_UNIT (LENGTH_MEASURE( 1.000000000000000082E-05 ), #3553, 'distance_accuracy_value', 'NONE');
#1295 = FACE_OUTER_BOUND ( 'NONE', #3012, .T. ) ;
#1296 = DIRECTION ( 'NONE',  ( 0.0000000000000000000, -0.3090169943749456749, 0.9510565162951541973 ) ) ;
#1297 = ORIENTED_EDGE ( 'NONE', *, *, #1283, .F. ) ;
#1298 = STYLED_ITEM ( 'NONE', ( #3525 ), #4278 ) ;
#1299 = ORIENTED_EDGE ( 'NONE', *, *, #1238, .F. ) ;
#1300 = ADVANCED_FACE ( 'NONE', ( #1821 ), #4082, .F. ) ;
#1301 = MECHANICAL_DESIGN_GEOMETRIC_PRESENTATION_REPRESENTATION (  '', ( #669 ), #1240 ) ;
#1302 = PLANE ( 'NONE',  #427 ) ;
#1303 = CARTESIAN_POINT ( 'NONE',  ( 1.267467576206160147E-15, 12.30000000000000071, 10.34999999999999964 ) ) ;
#1304 = DIRECTION ( 'NONE',  ( -0.0000000000000000000, 1.000000000000000000, -0.0000000000000000000 ) ) ;
#1305 = CARTESIAN_POINT ( 'NONE',  ( 1.267467576206160147E-15, 0.0000000000000000000, 4.200000000000000178 ) ) ;
#1306 = ORIENTED_EDGE ( 'NONE', *, *, #1911, .T. ) ;
#1307 = LINE ( 'NONE', #2087, #7 ) ;
#1308 = AXIS2_PLACEMENT_3D ( 'NONE', #4122, #424, #793 ) ;
#1309 = FACE_OUTER_BOUND ( 'NONE', #1801, .T. ) ;
#1310 = ORIENTED_EDGE ( 'NONE', *, *, #696, .T. ) ;
#1311 = CARTESIAN_POINT ( 'NONE',  ( 10.14499999999999957, 14.40000000000000391, 5.349999999999999645 ) ) ;
#1312 = ORIENTED_EDGE ( 'NONE', *, *, #3500, .F. ) ;
#1313 = PRODUCT_DEFINITION ( 'UNKNOWN', '', #1930, #4728 ) ;
#1314 = DIRECTION ( 'NONE',  ( 0.0000000000000000000, -0.0000000000000000000, -1.000000000000000000 ) ) ;
#1315 = FACE_OUTER_BOUND ( 'NONE', #1003, .T. ) ;
#1316 = MECHANICAL_DESIGN_GEOMETRIC_PRESENTATION_REPRESENTATION (  '', ( #3406 ), #1082 ) ;
#1317 = ADVANCED_FACE ( 'NONE', ( #2218 ), #339, .F. ) ;
#1318 = CARTESIAN_POINT ( 'NONE',  ( 20.87499999999999645, -4.500000000000000000, 5.349999999999999645 ) ) ;
#1319 =( NAMED_UNIT ( * ) SI_UNIT ( $, .STERADIAN. ) SOLID_ANGLE_UNIT ( ) );
#1320 = CARTESIAN_POINT ( 'NONE',  ( 13.11745984811645194, -4.500000000000000000, 5.187540151883547779 ) ) ;
#1321 = LINE ( 'NONE', #3737, #3623 ) ;
#1322 = ORIENTED_EDGE ( 'NONE', *, *, #430, .T. ) ;
#1323 = ADVANCED_FACE ( 'NONE', ( #2865 ), #2551, .F. ) ;
#1324 = CARTESIAN_POINT ( 'NONE',  ( 20.87499999999999645, -4.500000000000000000, 5.349999999999999645 ) ) ;
#1325 = VERTEX_POINT ( 'NONE', #2306 ) ;
#1326 = PRESENTATION_STYLE_ASSIGNMENT (( #4641 ) ) ;
#1327 = LINE ( 'NONE', #2149, #1993 ) ;
#1328 = MECHANICAL_DESIGN_GEOMETRIC_PRESENTATION_REPRESENTATION (  '', ( #4575 ), #4805 ) ;
#1329 =( LENGTH_UNIT ( ) NAMED_UNIT ( * ) SI_UNIT ( .MILLI., .METRE. ) );
#1330 = LINE ( 'NONE', #1355, #2711 ) ;
#1331 = ORIENTED_EDGE ( 'NONE', *, *, #4245, .T. ) ;
#1332 = AXIS2_PLACEMENT_3D ( 'NONE', #950, #2376, #4217 ) ;
#1333 = STYLED_ITEM ( 'NONE', ( #2897 ), #869 ) ;
#1334 = CARTESIAN_POINT ( 'NONE',  ( 0.0000000000000000000, 3.199999999999999734, 10.34999999999999964 ) ) ;
#1335 = ORIENTED_EDGE ( 'NONE', *, *, #1434, .F. ) ;
#1336 = CARTESIAN_POINT ( 'NONE',  ( 12.95500000000000007, -4.500000000000000000, 4.200000000000000178 ) ) ;
#1337 = SURFACE_STYLE_USAGE ( .BOTH. , #4283 ) ;
#1338 = DIRECTION ( 'NONE',  ( 0.0000000000000000000, -0.0000000000000000000, -1.000000000000000000 ) ) ;
#1339 = CARTESIAN_POINT ( 'NONE',  ( 8.220048435305334345E-17, 8.968260511991896777, 0.6712400609100229731 ) ) ;
#1340 =( NAMED_UNIT ( * ) SI_UNIT ( $, .STERADIAN. ) SOLID_ANGLE_UNIT ( ) );
#1341 = DIRECTION ( 'NONE',  ( 1.000000000000000000, 0.0000000000000000000, 0.0000000000000000000 ) ) ;
#1342 = DIRECTION ( 'NONE',  ( 1.000000000000000000, -0.0000000000000000000, -0.0000000000000000000 ) ) ;
#1343 = SURFACE_SIDE_STYLE ('',( #4340 ) ) ;
#1344 = ORIENTED_EDGE ( 'NONE', *, *, #3363, .T. ) ;
#1345 = EDGE_CURVE ( 'NONE', #3024, #3574, #2328, .T. ) ;
#1346 = LINE ( 'NONE', #2816, #1845 ) ;
#1347 = PLANE ( 'NONE',  #2936 ) ;
#1348 = AXIS2_PLACEMENT_3D ( 'NONE', #639, #3230, #986 ) ;
#1349 = CARTESIAN_POINT ( 'NONE',  ( 0.0000000000000000000, 9.594723317002271656, 2.663110504538771295 ) ) ;
#1350 = EDGE_LOOP ( 'NONE', ( #3267, #3063, #2848, #2182 ) ) ;
#1351 = EDGE_CURVE ( 'NONE', #1475, #637, #2692, .T. ) ;
#1352 = DIRECTION ( 'NONE',  ( 0.3090169943749456194, -0.9510565162951540863, 0.0000000000000000000 ) ) ;
#1353 = DIRECTION ( 'NONE',  ( -1.000000000000000000, 0.0000000000000000000, 0.0000000000000000000 ) ) ;
#1354 = PLANE ( 'NONE',  #688 ) ;
#1355 = CARTESIAN_POINT ( 'NONE',  ( 8.994999999999999218, -4.500000000000000000, 5.187540151883547779 ) ) ;
#1356 = ORIENTED_EDGE ( 'NONE', *, *, #3904, .T. ) ;
#1357 = VECTOR ( 'NONE', #623, 1000.000000000000227 ) ;
#1358 = EDGE_CURVE ( 'NONE', #2197, #507, #1180, .T. ) ;
#1359 = EDGE_LOOP ( 'NONE', ( #1454, #2921, #4335, #3116 ) ) ;
#1360 = LINE ( 'NONE', #945, #2909 ) ;
#1361 = LINE ( 'NONE', #3890, #1771 ) ;
#1362 = EDGE_LOOP ( 'NONE', ( #3049, #1593, #1310, #4133 ) ) ;
#1363 = PRESENTATION_STYLE_ASSIGNMENT (( #1388 ) ) ;
#1364 = DIRECTION ( 'NONE',  ( -0.0000000000000000000, 0.0000000000000000000, 1.000000000000000000 ) ) ;
#1365 = DIRECTION ( 'NONE',  ( 0.0000000000000000000, -0.9510565162951540863, -0.3090169943749456194 ) ) ;
#1366 = VERTEX_POINT ( 'NONE', #12 ) ;
#1367 = STYLED_ITEM ( 'NONE', ( #4387 ), #3370 ) ;
#1368 = VECTOR ( 'NONE', #1065, 1000.000000000000000 ) ;
#1369 = LINE ( 'NONE', #4345, #2433 ) ;
#1370 = DIRECTION ( 'NONE',  ( 0.0000000000000000000, -0.3090169943749456749, -0.9510565162951541973 ) ) ;
#1371 = ORIENTED_EDGE ( 'NONE', *, *, #4779, .F. ) ;
#1372 = PRODUCT_RELATED_PRODUCT_CATEGORY ( 'part', '', ( #3135 ) ) ;
#1373 = SURFACE_SIDE_STYLE ('',( #612 ) ) ;
#1374 =( GEOMETRIC_REPRESENTATION_CONTEXT ( 3 ) GLOBAL_UNCERTAINTY_ASSIGNED_CONTEXT ( ( #3564 ) ) GLOBAL_UNIT_ASSIGNED_CONTEXT ( ( #996, #3951, #2437 ) ) REPRESENTATION_CONTEXT ( 'NONE', 'WORKASPACE' ) );
#1375 = DIRECTION ( 'NONE',  ( 1.885568995626964040E-16, 0.0000000000000000000, -1.000000000000000000 ) ) ;
#1376 = CARTESIAN_POINT ( 'NONE',  ( 12.95500000000000007, -4.500000000000000000, 4.200000000000000178 ) ) ;
#1377 = FILL_AREA_STYLE ('',( #1682 ) ) ;
#1378 =( NAMED_UNIT ( * ) SI_UNIT ( $, .STERADIAN. ) SOLID_ANGLE_UNIT ( ) );
#1379 = ORIENTED_EDGE ( 'NONE', *, *, #2642, .F. ) ;
#1380 = ADVANCED_FACE ( 'NONE', ( #799 ), #2282, .F. ) ;
#1381 = CARTESIAN_POINT ( 'NONE',  ( 16.91499999999999915, 15.00000000000000000, 4.200000000000000178 ) ) ;
#1382 = FACE_BOUND ( 'NONE', #3612, .T. ) ;
#1383 = ORIENTED_EDGE ( 'NONE', *, *, #3849, .T. ) ;
#1384 = EDGE_CURVE ( 'NONE', #1162, #1430, #117, .T. ) ;
#1385 = CARTESIAN_POINT ( 'NONE',  ( 0.0000000000000000000, 8.968260511991896777, 1.671240060910022862 ) ) ;
#1386 = VECTOR ( 'NONE', #1707, 1000.000000000000114 ) ;
#1387 = VERTEX_POINT ( 'NONE', #3381 ) ;
#1388 = SURFACE_STYLE_USAGE ( .BOTH. , #3166 ) ;
#1389 = UNCERTAINTY_MEASURE_WITH_UNIT (LENGTH_MEASURE( 1.000000000000000082E-05 ), #1493, 'distance_accuracy_value', 'NONE');
#1390 = FILL_AREA_STYLE_COLOUR ( '', #1946 ) ;
#1391 = ORIENTED_EDGE ( 'NONE', *, *, #3266, .T. ) ;
#1392 = LINE ( 'NONE', #1009, #2927 ) ;
#1393 = STYLED_ITEM ( 'NONE', ( #2778 ), #251 ) ;
#1394 = PRESENTATION_STYLE_ASSIGNMENT (( #2503 ) ) ;
#1395 = SURFACE_STYLE_USAGE ( .BOTH. , #2959 ) ;
#1396 = VERTEX_POINT ( 'NONE', #1554 ) ;
#1397 = MECHANICAL_DESIGN_GEOMETRIC_PRESENTATION_REPRESENTATION (  '', ( #65 ), #2630 ) ;
#1398 = DIRECTION ( 'NONE',  ( -3.771137991253928080E-16, 0.0000000000000000000, 1.000000000000000000 ) ) ;
#1399 = PLANE ( 'NONE',  #4328 ) ;
#1400 = EDGE_LOOP ( 'NONE', ( #3970, #3932, #3342, #4667 ) ) ;
#1401 = MECHANICAL_DESIGN_GEOMETRIC_PRESENTATION_REPRESENTATION (  '', ( #4799 ), #4647 ) ;
#1402 = DIRECTION ( 'NONE',  ( -1.000000000000000000, 0.0000000000000000000, -0.0000000000000000000 ) ) ;
#1403 = STYLED_ITEM ( 'NONE', ( #1038 ), #1323 ) ;
#1404 = EDGE_CURVE ( 'NONE', #1527, #1030, #4468, .T. ) ;
#1405 = ORIENTED_EDGE ( 'NONE', *, *, #1428, .T. ) ;
#1406 = DIRECTION ( 'NONE',  ( -0.0000000000000000000, 1.000000000000000000, -0.0000000000000000000 ) ) ;
#1407 = EDGE_CURVE ( 'NONE', #2892, #47, #1530, .T. ) ;
#1408 = VERTEX_POINT ( 'NONE', #873 ) ;
#1409 = SURFACE_STYLE_FILL_AREA ( #4434 ) ;
#1410 = LINE ( 'NONE', #703, #4513 ) ;
#1411 = ORIENTED_EDGE ( 'NONE', *, *, #2047, .F. ) ;
#1412 =( NAMED_UNIT ( * ) PLANE_ANGLE_UNIT ( ) SI_UNIT ( $, .RADIAN. ) );
#1413 = CARTESIAN_POINT ( 'NONE',  ( 6.184999999999999609, 3.200000000000000622, 5.349999999999999645 ) ) ;
#1414 = ORIENTED_EDGE ( 'NONE', *, *, #3510, .T. ) ;
#1415 = ORIENTED_EDGE ( 'NONE', *, *, #773, .F. ) ;
#1416 = DIRECTION ( 'NONE',  ( -0.0000000000000000000, 1.000000000000000000, -0.0000000000000000000 ) ) ;
#1417 = AXIS2_PLACEMENT_3D ( 'NONE', #4167, #4098, #1938 ) ;
#1418 = CARTESIAN_POINT ( 'NONE',  ( 5.034999999999999254, 0.0000000000000000000, 10.34999999999999964 ) ) ;
#1419 = LINE ( 'NONE', #4350, #3556 ) ;
#1420 =( LENGTH_UNIT ( ) NAMED_UNIT ( * ) SI_UNIT ( .MILLI., .METRE. ) );
#1421 = ORIENTED_EDGE ( 'NONE', *, *, #1549, .T. ) ;
#1422 = LINE ( 'NONE', #4401, #2961 ) ;
#1423 =( NAMED_UNIT ( * ) SI_UNIT ( $, .STERADIAN. ) SOLID_ANGLE_UNIT ( ) );
#1424 = PRESENTATION_LAYER_ASSIGNMENT (  '', '', ( #3834 ) ) ;
#1425 = SURFACE_STYLE_USAGE ( .BOTH. , #1807 ) ;
#1426 = ORIENTED_EDGE ( 'NONE', *, *, #2791, .F. ) ;
#1427 =( LENGTH_UNIT ( ) NAMED_UNIT ( * ) SI_UNIT ( .MILLI., .METRE. ) );
#1428 = EDGE_CURVE ( 'NONE', #1366, #4093, #2350, .T. ) ;
#1429 = VECTOR ( 'NONE', #4549, 1000.000000000000000 ) ;
#1430 = VERTEX_POINT ( 'NONE', #2330 ) ;
#1431 = PRESENTATION_STYLE_ASSIGNMENT (( #4049 ) ) ;
#1432 = UNCERTAINTY_MEASURE_WITH_UNIT (LENGTH_MEASURE( 1.000000000000000082E-05 ), #4267, 'distance_accuracy_value', 'NONE');
#1433 = CARTESIAN_POINT ( 'NONE',  ( 1.075000000000000178, -4.500000000000000000, 4.200000000000000178 ) ) ;
#1434 = EDGE_CURVE ( 'NONE', #4648, #1792, #1873, .T. ) ;
#1435 = FACE_OUTER_BOUND ( 'NONE', #257, .T. ) ;
#1436 = ORIENTED_EDGE ( 'NONE', *, *, #3790, .T. ) ;
#1437 = VECTOR ( 'NONE', #2840, 1000.000000000000000 ) ;
#1438 = CARTESIAN_POINT ( 'NONE',  ( 12.95500000000000007, -4.500000000000000000, 5.187540151883547779 ) ) ;
#1439 = LINE ( 'NONE', #3749, #3766 ) ;
#1440 = EDGE_CURVE ( 'NONE', #4699, #3240, #4511, .T. ) ;
#1441 = ORIENTED_EDGE ( 'NONE', *, *, #2844, .T. ) ;
#1442 =( GEOMETRIC_REPRESENTATION_CONTEXT ( 3 ) GLOBAL_UNCERTAINTY_ASSIGNED_CONTEXT ( ( #2160 ) ) GLOBAL_UNIT_ASSIGNED_CONTEXT ( ( #4021, #1047, #2970 ) ) REPRESENTATION_CONTEXT ( 'NONE', 'WORKASPACE' ) );
#1443 = PLANE ( 'NONE',  #2685 ) ;
#1444 = PRESENTATION_STYLE_ASSIGNMENT (( #4015 ) ) ;
#1445 = LINE ( 'NONE', #4235, #1357 ) ;
#1446 = CYLINDRICAL_SURFACE ( 'NONE', #2088, 1.000000000000000000 ) ;
#1447 = ORIENTED_EDGE ( 'NONE', *, *, #59, .T. ) ;
#1448 = DIRECTION ( 'NONE',  ( -1.000000000000000000, 0.0000000000000000000, 0.0000000000000000000 ) ) ;
#1449 =( LENGTH_UNIT ( ) NAMED_UNIT ( * ) SI_UNIT ( .MILLI., .METRE. ) );
#1450 = VECTOR ( 'NONE', #2992, 1000.000000000000000 ) ;
#1451 = VECTOR ( 'NONE', #81, 1000.000000000000000 ) ;
#1452 = PRESENTATION_LAYER_ASSIGNMENT (  '', '', ( #995 ) ) ;
#1453 = LINE ( 'NONE', #2206, #1976 ) ;
#1454 = ORIENTED_EDGE ( 'NONE', *, *, #4482, .T. ) ;
#1455 = DIRECTION ( 'NONE',  ( 0.0000000000000000000, -0.3090169943749456749, -0.9510565162951541973 ) ) ;
#1456 = SURFACE_STYLE_USAGE ( .BOTH. , #3269 ) ;
#1457 = CYLINDRICAL_SURFACE ( 'NONE', #583, 1.000000000000000000 ) ;
#1458 = ORIENTED_EDGE ( 'NONE', *, *, #3476, .T. ) ;
#1459 = ADVANCED_FACE ( 'NONE', ( #4492 ), #851, .T. ) ;
#1460 = FILL_AREA_STYLE_COLOUR ( '', #3160 ) ;
#1461 = CARTESIAN_POINT ( 'NONE',  ( 5.034999999999999254, -4.500000000000000000, 5.349999999999999645 ) ) ;
#1462 = EDGE_LOOP ( 'NONE', ( #4811, #4712, #2283, #1715 ) ) ;
#1463 = PRESENTATION_LAYER_ASSIGNMENT (  '', '', ( #1008 ) ) ;
#1464 = ORIENTED_EDGE ( 'NONE', *, *, #967, .F. ) ;
#1465 = VECTOR ( 'NONE', #3605, 1000.000000000000000 ) ;
#1466 = ADVANCED_FACE ( 'NONE', ( #4607 ), #2811, .F. ) ;
#1467 = CIRCLE ( 'NONE', #4559, 0.9999999999999997780 ) ;
#1468 = EDGE_CURVE ( 'NONE', #3840, #1396, #3115, .T. ) ;
#1469 = FILL_AREA_STYLE ('',( #2986 ) ) ;
#1470 = FILL_AREA_STYLE_COLOUR ( '', #1705 ) ;
#1471 = EDGE_LOOP ( 'NONE', ( #916, #1087, #297, #3741 ) ) ;
#1472 = VECTOR ( 'NONE', #4478, 1000.000000000000000 ) ;
#1473 = DIRECTION ( 'NONE',  ( 0.0000000000000000000, 0.0000000000000000000, -1.000000000000000000 ) ) ;
#1474 = FILL_AREA_STYLE ('',( #763 ) ) ;
#1475 = VERTEX_POINT ( 'NONE', #3144 ) ;
#1476 = FILL_AREA_STYLE_COLOUR ( '', #4690 ) ;
#1477 = AXIS2_PLACEMENT_3D ( 'NONE', #3609, #2064, #4666 ) ;
#1478 = VECTOR ( 'NONE', #880, 1000.000000000000000 ) ;
#1479 = PRESENTATION_LAYER_ASSIGNMENT (  '', '', ( #3739 ) ) ;
#1480 = CARTESIAN_POINT ( 'NONE',  ( 8.994999999999999218, 14.40000000000000391, 4.200000000000000178 ) ) ;
#1481 = CARTESIAN_POINT ( 'NONE',  ( 5.034999999999999254, 15.00000000000000000, 4.499999999999998224 ) ) ;
#1482 = DIRECTION ( 'NONE',  ( 0.0000000000000000000, -0.0000000000000000000, 1.000000000000000000 ) ) ;
#1483 = VERTEX_POINT ( 'NONE', #2765 ) ;
#1484 = VECTOR ( 'NONE', #1601, 1000.000000000000000 ) ;
#1485 = DIRECTION ( 'NONE',  ( 0.0000000000000000000, 0.0000000000000000000, -1.000000000000000000 ) ) ;
#1486 = DIRECTION ( 'NONE',  ( -0.0000000000000000000, 0.0000000000000000000, 1.000000000000000000 ) ) ;
#1487 = UNCERTAINTY_MEASURE_WITH_UNIT (LENGTH_MEASURE( 1.000000000000000082E-05 ), #676, 'distance_accuracy_value', 'NONE');
#1488 = DIRECTION ( 'NONE',  ( -0.0000000000000000000, 1.000000000000000000, -0.0000000000000000000 ) ) ;
#1489 = FILL_AREA_STYLE_COLOUR ( '', #771 ) ;
#1490 = VERTEX_POINT ( 'NONE', #1320 ) ;
#1491 = EDGE_LOOP ( 'NONE', ( #56, #464, #3078, #3255 ) ) ;
#1492 = ADVANCED_FACE ( 'NONE', ( #3540 ), #4655, .F. ) ;
#1493 =( LENGTH_UNIT ( ) NAMED_UNIT ( * ) SI_UNIT ( .MILLI., .METRE. ) );
#1494 = DIRECTION ( 'NONE',  ( 0.0000000000000000000, -0.8944271909999138570, -0.4472135954999620910 ) ) ;
#1495 = DIRECTION ( 'NONE',  ( -0.0000000000000000000, -1.000000000000000000, -0.0000000000000000000 ) ) ;
#1496 = EDGE_LOOP ( 'NONE', ( #2820, #2219, #1322, #4011 ) ) ;
#1497 = DIRECTION ( 'NONE',  ( 1.000000000000000000, 0.0000000000000000000, 0.0000000000000000000 ) ) ;
#1498 = ORIENTED_EDGE ( 'NONE', *, *, #1428, .F. ) ;
#1499 = AXIS2_PLACEMENT_3D ( 'NONE', #444, #845, #3375 ) ;
#1500 = DIRECTION ( 'NONE',  ( -1.000000000000000000, 0.0000000000000000000, 0.0000000000000000000 ) ) ;
#1501 = DIRECTION ( 'NONE',  ( 1.000000000000000000, 0.0000000000000000000, 0.0000000000000000000 ) ) ;
#1502 = ORIENTED_EDGE ( 'NONE', *, *, #4076, .F. ) ;
#1503 = STYLED_ITEM ( 'NONE', ( #4375 ), #1955 ) ;
#1504 = EDGE_CURVE ( 'NONE', #2860, #561, #2007, .T. ) ;
#1505 = PRESENTATION_LAYER_ASSIGNMENT (  '', '', ( #1572 ) ) ;
#1506 = CARTESIAN_POINT ( 'NONE',  ( 1.267467576206160147E-15, 0.0000000000000000000, 10.34999999999999964 ) ) ;
#1507 = ORIENTED_EDGE ( 'NONE', *, *, #4640, .T. ) ;
#1508 = AXIS2_PLACEMENT_3D ( 'NONE', #1243, #3014, #888 ) ;
#1509 = CARTESIAN_POINT ( 'NONE',  ( 20.87499999999999645, -4.500000000000000000, 5.187540151883544226 ) ) ;
#1510 = CARTESIAN_POINT ( 'NONE',  ( 17.07745984811645457, -4.500000000000000000, 5.187540151883544226 ) ) ;
#1511 =( NAMED_UNIT ( * ) SI_UNIT ( $, .STERADIAN. ) SOLID_ANGLE_UNIT ( ) );
#1512 = ORIENTED_EDGE ( 'NONE', *, *, #303, .F. ) ;
#1513 = SURFACE_STYLE_FILL_AREA ( #4033 ) ;
#1514 = FACE_OUTER_BOUND ( 'NONE', #152, .T. ) ;
#1515 = ORIENTED_EDGE ( 'NONE', *, *, #1268, .T. ) ;
#1516 = CARTESIAN_POINT ( 'NONE',  ( 21.83333333333332504, 14.78333333333333677, 5.158333333333330550 ) ) ;
#1517 = EDGE_CURVE ( 'NONE', #4020, #3990, #2836, .T. ) ;
#1518 =( NAMED_UNIT ( * ) SI_UNIT ( $, .STERADIAN. ) SOLID_ANGLE_UNIT ( ) );
#1519 = ORIENTED_EDGE ( 'NONE', *, *, #4137, .F. ) ;
#1520 = MECHANICAL_DESIGN_GEOMETRIC_PRESENTATION_REPRESENTATION (  '', ( #902 ), #2755 ) ;
#1521 = PRESENTATION_LAYER_ASSIGNMENT (  '', '', ( #4464 ) ) ;
#1522 = PRESENTATION_STYLE_ASSIGNMENT (( #129 ) ) ;
#1523 = VECTOR ( 'NONE', #3963, 1000.000000000000000 ) ;
#1524 = ORIENTED_EDGE ( 'NONE', *, *, #3325, .F. ) ;
#1525 = DIRECTION ( 'NONE',  ( 0.0000000000000000000, -0.0000000000000000000, -1.000000000000000000 ) ) ;
#1526 = DIRECTION ( 'NONE',  ( 1.000000000000000000, 0.0000000000000000000, -0.0000000000000000000 ) ) ;
#1527 = VERTEX_POINT ( 'NONE', #1645 ) ;
#1528 = UNCERTAINTY_MEASURE_WITH_UNIT (LENGTH_MEASURE( 1.000000000000000082E-05 ), #2478, 'distance_accuracy_value', 'NONE');
#1529 = FILL_AREA_STYLE ('',( #40 ) ) ;
#1530 = LINE ( 'NONE', #476, #1713 ) ;
#1531 = VERTEX_POINT ( 'NONE', #4241 ) ;
#1532 = PRESENTATION_STYLE_ASSIGNMENT (( #71 ) ) ;
#1533 = ORIENTED_EDGE ( 'NONE', *, *, #2067, .F. ) ;
#1534 = CLOSED_SHELL ( 'NONE', ( #385, #4017, #767, #1988, #500, #290, #869, #3298, #1758, #2796, #3635, #2293, #3576, #3192, #4124, #1051, #1963, #779, #3821, #929, #298, #1809, #4702, #1767, #1263, #3988, #1323, #3353, #2379, #4213, #3079, #280, #1300, #2208, #3636, #2991, #1317, #3873, #2229, #1604, #4604, #3566, #2122, #838, #4509, #121, #4270, #2855, #2622, #3396, #4163, #3139, #2493, #1991, #20, #2146, #4596, #2560, #3715, #2821, #3104, #154, #4695, #2673, #3131, #546, #3752, #3958, #3693, #2353, #2233, #997, #2342, #322, #3370, #3424, #1790, #1785, #1142, #1766, #2707, #2415, #569, #4566, #32, #1459, #562, #4278, #4785, #2965, #2373, #3532, #4205, #892, #4130, #3560, #2461, #251, #1057, #3450, #4696, #1962, #3804, #3812, #865, #2700, #1492, #4533, #335, #573, #4459, #441, #2616, #4302, #4495, #1466, #87, #4488, #1380, #1734, #935, #1002, #1955, #4038, #2347, #3783 ) ) ;
#1535 = CARTESIAN_POINT ( 'NONE',  ( 1.267467576206160147E-15, 0.0000000000000000000, 5.349999999999999645 ) ) ;
#1536 = ORIENTED_EDGE ( 'NONE', *, *, #3929, .T. ) ;
#1537 = SURFACE_SIDE_STYLE ('',( #537 ) ) ;
#1538 = CARTESIAN_POINT ( 'NONE',  ( 16.91499999999999915, -4.500000000000000000, 4.200000000000000178 ) ) ;
#1539 = COLOUR_RGB ( '',0.5019607843137254832, 0.5019607843137254832, 0.5019607843137254832 ) ;
#1540 = DIRECTION ( 'NONE',  ( 0.0000000000000000000, 0.0000000000000000000, -1.000000000000000000 ) ) ;
#1541 = ORIENTED_EDGE ( 'NONE', *, *, #715, .F. ) ;
#1542 = VECTOR ( 'NONE', #1158, 1000.000000000000000 ) ;
#1543 = FILL_AREA_STYLE ('',( #57 ) ) ;
#1544 = EDGE_CURVE ( 'NONE', #3042, #1711, #2399, .T. ) ;
#1545 = CARTESIAN_POINT ( 'NONE',  ( 12.95500000000000007, -4.500000000000000000, 5.349999999999999645 ) ) ;
#1546 =( GEOMETRIC_REPRESENTATION_CONTEXT ( 3 ) GLOBAL_UNCERTAINTY_ASSIGNED_CONTEXT ( ( #1294 ) ) GLOBAL_UNIT_ASSIGNED_CONTEXT ( ( #3553, #3580, #3203 ) ) REPRESENTATION_CONTEXT ( 'NONE', 'WORKASPACE' ) );
#1547 = DIRECTION ( 'NONE',  ( 1.000000000000000000, -0.0000000000000000000, 0.0000000000000000000 ) ) ;
#1548 = PRESENTATION_STYLE_ASSIGNMENT (( #2303 ) ) ;
#1549 = EDGE_CURVE ( 'NONE', #484, #2134, #4263, .T. ) ;
#1550 = STYLED_ITEM ( 'NONE', ( #3920 ), #1263 ) ;
#1551 = CIRCLE ( 'NONE', #2871, 1.000000000000000000 ) ;
#1552 = SURFACE_STYLE_USAGE ( .BOTH. , #114 ) ;
#1553 =( LENGTH_UNIT ( ) NAMED_UNIT ( * ) SI_UNIT ( .MILLI., .METRE. ) );
#1554 = CARTESIAN_POINT ( 'NONE',  ( 9.845000000000000639, 15.00000000000000000, 4.499999999999998224 ) ) ;
#1555 = ORIENTED_EDGE ( 'NONE', *, *, #2826, .F. ) ;
#1556 = ORIENTED_EDGE ( 'NONE', *, *, #1035, .T. ) ;
#1557 = VECTOR ( 'NONE', #1342, 1000.000000000000000 ) ;
#1558 = VECTOR ( 'NONE', #1280, 1000.000000000000000 ) ;
#1559 =( NAMED_UNIT ( * ) PLANE_ANGLE_UNIT ( ) SI_UNIT ( $, .RADIAN. ) );
#1560 = ORIENTED_EDGE ( 'NONE', *, *, #3274, .T. ) ;
#1561 = CARTESIAN_POINT ( 'NONE',  ( 23.10000000000000142, 5.299999999999999822, 0.9999999999999991118 ) ) ;
#1562 = DIRECTION ( 'NONE',  ( 0.0000000000000000000, 0.0000000000000000000, -1.000000000000000000 ) ) ;
#1563 = CARTESIAN_POINT ( 'NONE',  ( 20.87499999999999645, 14.40000000000000391, 5.349999999999999645 ) ) ;
#1564 = LINE ( 'NONE', #151, #1558 ) ;
#1565 = EDGE_LOOP ( 'NONE', ( #451, #3407, #283, #3848 ) ) ;
#1566 = SURFACE_STYLE_FILL_AREA ( #3763 ) ;
#1567 = DIRECTION ( 'NONE',  ( -0.0000000000000000000, 1.000000000000000000, -0.0000000000000000000 ) ) ;
#1568 = ORIENTED_EDGE ( 'NONE', *, *, #3017, .F. ) ;
#1569 = AXIS2_PLACEMENT_3D ( 'NONE', #1667, #3939, #1031 ) ;
#1570 = EDGE_CURVE ( 'NONE', #699, #3668, #3321, .T. ) ;
#1571 = DIRECTION ( 'NONE',  ( -1.000000000000000000, 0.0000000000000000000, -0.0000000000000000000 ) ) ;
#1572 = STYLED_ITEM ( 'NONE', ( #795 ), #2293 ) ;
#1573 = PLANE ( 'NONE',  #4295 ) ;
#1574 = CARTESIAN_POINT ( 'NONE',  ( 6.184999999999999609, -3.999999999999999112, 4.200000000000000178 ) ) ;
#1575 = ORIENTED_EDGE ( 'NONE', *, *, #480, .F. ) ;
#1576 = ORIENTED_EDGE ( 'NONE', *, *, #4362, .F. ) ;
#1577 = EDGE_CURVE ( 'NONE', #2718, #3499, #2107, .T. ) ;
#1578 = CARTESIAN_POINT ( 'NONE',  ( 22.02499999999999503, 14.40000000000000391, 5.349999999999999645 ) ) ;
#1579 = CARTESIAN_POINT ( 'NONE',  ( 18.06499999999999773, 14.40000000000000391, 5.349999999999999645 ) ) ;
#1580 = ORIENTED_EDGE ( 'NONE', *, *, #1610, .T. ) ;
#1581 = CARTESIAN_POINT ( 'NONE',  ( 0.0000000000000000000, 11.73852024497704960, 9.629649721936179265E-32 ) ) ;
#1582 = LINE ( 'NONE', #73, #2946 ) ;
#1583 = ORIENTED_EDGE ( 'NONE', *, *, #4186, .T. ) ;
#1584 = DIRECTION ( 'NONE',  ( 0.0000000000000000000, 0.8944271909999158554, -0.4472135954999579277 ) ) ;
#1585 = AXIS2_PLACEMENT_3D ( 'NONE', #48, #4060, #3358 ) ;
#1586 = DIRECTION ( 'NONE',  ( 0.4472135954999620910, 0.8944271909999138570, 0.0000000000000000000 ) ) ;
#1587 = SURFACE_STYLE_FILL_AREA ( #4254 ) ;
#1588 = ORIENTED_EDGE ( 'NONE', *, *, #2075, .F. ) ;
#1589 = AXIS2_PLACEMENT_3D ( 'NONE', #872, #2349, #503 ) ;
#1590 = AXIS2_PLACEMENT_3D ( 'NONE', #2386, #3881, #2018 ) ;
#1591 = MECHANICAL_DESIGN_GEOMETRIC_PRESENTATION_REPRESENTATION (  '', ( #3998 ), #1442 ) ;
#1592 = DIRECTION ( 'NONE',  ( 0.0000000000000000000, 0.9510565162951540863, -0.3090169943749456194 ) ) ;
#1593 = ORIENTED_EDGE ( 'NONE', *, *, #3662, .T. ) ;
#1594 = DIRECTION ( 'NONE',  ( -0.9510565162951547524, -0.3090169943749439541, 0.0000000000000000000 ) ) ;
#1595 = DIRECTION ( 'NONE',  ( 0.0000000000000000000, 5.900419986315671085E-17, -1.000000000000000000 ) ) ;
#1596 =( NAMED_UNIT ( * ) SI_UNIT ( $, .STERADIAN. ) SOLID_ANGLE_UNIT ( ) );
#1597 = ORIENTED_EDGE ( 'NONE', *, *, #1665, .T. ) ;
#1598 = MECHANICAL_DESIGN_GEOMETRIC_PRESENTATION_REPRESENTATION (  '', ( #2299 ), #2147 ) ;
#1599 = MECHANICAL_DESIGN_GEOMETRIC_PRESENTATION_REPRESENTATION (  '', ( #4466 ), #355 ) ;
#1600 = SURFACE_SIDE_STYLE ('',( #3404 ) ) ;
#1601 = DIRECTION ( 'NONE',  ( -1.000000000000000000, 0.0000000000000000000, 0.0000000000000000000 ) ) ;
#1602 = VERTEX_POINT ( 'NONE', #3690 ) ;
#1603 = EDGE_LOOP ( 'NONE', ( #2596, #4608, #531, #2667 ) ) ;
#1604 = ADVANCED_FACE ( 'NONE', ( #2161 ), #2211, .F. ) ;
#1605 = LINE ( 'NONE', #4175, #4079 ) ;
#1606 = PRESENTATION_STYLE_ASSIGNMENT (( #3898 ) ) ;
#1607 = CARTESIAN_POINT ( 'NONE',  ( 1.074999999999999956, 14.39999999999999680, 5.349999999999999645 ) ) ;
#1608 =( NAMED_UNIT ( * ) PLANE_ANGLE_UNIT ( ) SI_UNIT ( $, .RADIAN. ) );
#1609 = EDGE_CURVE ( 'NONE', #4113, #2259, #2249, .T. ) ;
#1610 = EDGE_CURVE ( 'NONE', #3458, #505, #2953, .T. ) ;
#1611 = FACE_OUTER_BOUND ( 'NONE', #1207, .T. ) ;
#1612 = FILL_AREA_STYLE_COLOUR ( '', #1631 ) ;
#1613 = EDGE_LOOP ( 'NONE', ( #1852, #4043, #1961, #242 ) ) ;
#1614 =( NAMED_UNIT ( * ) SI_UNIT ( $, .STERADIAN. ) SOLID_ANGLE_UNIT ( ) );
#1615 = EDGE_CURVE ( 'NONE', #1231, #680, #2547, .T. ) ;
#1616 = CARTESIAN_POINT ( 'NONE',  ( 5.034999999999999254, -4.500000000000000000, 4.362459848116452044 ) ) ;
#1617 = ORIENTED_EDGE ( 'NONE', *, *, #842, .T. ) ;
#1618 = CARTESIAN_POINT ( 'NONE',  ( 1.075000000000000178, -4.500000000000000000, 5.187540151883547779 ) ) ;
#1619 = CARTESIAN_POINT ( 'NONE',  ( 1.267467576206160147E-15, 0.0000000000000000000, 5.349999999999999645 ) ) ;
#1620 = CARTESIAN_POINT ( 'NONE',  ( 14.10499999999999865, -4.500000000000000000, 4.362459848116452044 ) ) ;
#1621 = CARTESIAN_POINT ( 'NONE',  ( 1.223298592640252203, -4.456416137155165380, 4.348298592640251314 ) ) ;
#1622 = PLANE ( 'NONE',  #3110 ) ;
#1623 = EDGE_LOOP ( 'NONE', ( #4740, #1541, #2575, #4803 ) ) ;
#1624 = CARTESIAN_POINT ( 'NONE',  ( 6.022540151883546855, -4.500000000000000000, 4.200000000000000178 ) ) ;
#1625 = CARTESIAN_POINT ( 'NONE',  ( 12.95500000000000007, 15.00000000000000000, 4.500000000000001776 ) ) ;
#1626 = CARTESIAN_POINT ( 'NONE',  ( 13.80499999999999794, 15.00000000000000000, 4.200000000000000178 ) ) ;
#1627 = PRESENTATION_STYLE_ASSIGNMENT (( #3832 ) ) ;
#1628 = COLOUR_RGB ( '',0.5019607843137254832, 0.5019607843137254832, 0.5019607843137254832 ) ;
#1629 = EDGE_CURVE ( 'NONE', #2651, #4793, #1121, .T. ) ;
#1630 =( LENGTH_UNIT ( ) NAMED_UNIT ( * ) SI_UNIT ( .MILLI., .METRE. ) );
#1631 = COLOUR_RGB ( '',0.5019607843137254832, 0.5019607843137254832, 0.5019607843137254832 ) ;
#1632 = LINE ( 'NONE', #4227, #3005 ) ;
#1633 = DIRECTION ( 'NONE',  ( 1.000000000000000000, -0.0000000000000000000, 0.0000000000000000000 ) ) ;
#1634 = ORIENTED_EDGE ( 'NONE', *, *, #4726, .F. ) ;
#1635 = EDGE_CURVE ( 'NONE', #2718, #2331, #3592, .T. ) ;
#1636 = FACE_OUTER_BOUND ( 'NONE', #1613, .T. ) ;
#1637 = ORIENTED_EDGE ( 'NONE', *, *, #2621, .F. ) ;
#1638 = EDGE_CURVE ( 'NONE', #3995, #1660, #286, .T. ) ;
#1639 = SURFACE_SIDE_STYLE ('',( #3886 ) ) ;
#1640 = FILL_AREA_STYLE ('',( #1244 ) ) ;
#1641 = FILL_AREA_STYLE_COLOUR ( '', #1884 ) ;
#1642 = PLANE ( 'NONE',  #366 ) ;
#1643 = DIRECTION ( 'NONE',  ( -1.000000000000000000, 0.0000000000000000000, 0.0000000000000000000 ) ) ;
#1644 = PRESENTATION_STYLE_ASSIGNMENT (( #3069 ) ) ;
#1645 = CARTESIAN_POINT ( 'NONE',  ( 22.02499999999999503, 3.200000000000000178, 4.200000000000000178 ) ) ;
#1646 = ORIENTED_EDGE ( 'NONE', *, *, #2255, .T. ) ;
#1647 = COLOUR_RGB ( '',1.000000000000000000, 1.000000000000000000, 1.000000000000000000 ) ;
#1648 = VECTOR ( 'NONE', #337, 1000.000000000000000 ) ;
#1649 = CARTESIAN_POINT ( 'NONE',  ( 0.0000000000000000000, 8.567326869105883702, 2.720448621370721742 ) ) ;
#1650 = CARTESIAN_POINT ( 'NONE',  ( 16.91499999999999915, -4.500000000000000000, 5.349999999999999645 ) ) ;
#1651 = CARTESIAN_POINT ( 'NONE',  ( 5.034999999999999254, 3.199999999999999734, 10.34999999999999964 ) ) ;
#1652 = STYLED_ITEM ( 'NONE', ( #1431 ), #2373 ) ;
#1653 = LINE ( 'NONE', #2124, #2627 ) ;
#1654 = SURFACE_STYLE_USAGE ( .BOTH. , #171 ) ;
#1655 = ORIENTED_EDGE ( 'NONE', *, *, #2047, .T. ) ;
#1656 = FILL_AREA_STYLE_COLOUR ( '', #739 ) ;
#1657 = VECTOR ( 'NONE', #4684, 1000.000000000000000 ) ;
#1658 = EDGE_CURVE ( 'NONE', #809, #2414, #4025, .T. ) ;
#1659 = DIRECTION ( 'NONE',  ( 0.0000000000000000000, 0.0000000000000000000, 1.000000000000000000 ) ) ;
#1660 = VERTEX_POINT ( 'NONE', #3248 ) ;
#1661 = DIRECTION ( 'NONE',  ( 1.000000000000000000, 0.0000000000000000000, 0.0000000000000000000 ) ) ;
#1662 = VECTOR ( 'NONE', #719, 1000.000000000000000 ) ;
#1663 = LINE ( 'NONE', #3136, #3853 ) ;
#1664 =( LENGTH_UNIT ( ) NAMED_UNIT ( * ) SI_UNIT ( .MILLI., .METRE. ) );
#1665 = EDGE_CURVE ( 'NONE', #2462, #1874, #1410, .T. ) ;
#1666 = PRESENTATION_LAYER_ASSIGNMENT (  '', '', ( #818 ) ) ;
#1667 = CARTESIAN_POINT ( 'NONE',  ( 0.0000000000000000000, 5.299999999999999822, 0.9999999999999991118 ) ) ;
#1668 = LINE ( 'NONE', #3143, #4377 ) ;
#1669 = AXIS2_PLACEMENT_3D ( 'NONE', #463, #3858, #3835 ) ;
#1670 = DIRECTION ( 'NONE',  ( 0.4082482904638630727, 0.8164965809277260345, -0.4082482904638630172 ) ) ;
#1671 = ORIENTED_EDGE ( 'NONE', *, *, #2680, .F. ) ;
#1672 =( GEOMETRIC_REPRESENTATION_CONTEXT ( 3 ) GLOBAL_UNCERTAINTY_ASSIGNED_CONTEXT ( ( #308 ) ) GLOBAL_UNIT_ASSIGNED_CONTEXT ( ( #4257, #3158, #3710 ) ) REPRESENTATION_CONTEXT ( 'NONE', 'WORKASPACE' ) );
#1673 =( GEOMETRIC_REPRESENTATION_CONTEXT ( 3 ) GLOBAL_UNCERTAINTY_ASSIGNED_CONTEXT ( ( #790 ) ) GLOBAL_UNIT_ASSIGNED_CONTEXT ( ( #510, #1559, #4515 ) ) REPRESENTATION_CONTEXT ( 'NONE', 'WORKASPACE' ) );
#1674 = VECTOR ( 'NONE', #3410, 1000.000000000000000 ) ;
#1675 = CARTESIAN_POINT ( 'NONE',  ( 2.225000000000000089, 14.39999999999999680, 5.349999999999999645 ) ) ;
#1676 = SURFACE_STYLE_FILL_AREA ( #3096 ) ;
#1677 = DIRECTION ( 'NONE',  ( 0.0000000000000000000, 0.0000000000000000000, -1.000000000000000000 ) ) ;
#1678 =( NAMED_UNIT ( * ) PLANE_ANGLE_UNIT ( ) SI_UNIT ( $, .RADIAN. ) );
#1679 = EDGE_LOOP ( 'NONE', ( #189, #1271, #418, #878 ) ) ;
#1680 = SURFACE_STYLE_FILL_AREA ( #248 ) ;
#1681 = PRESENTATION_STYLE_ASSIGNMENT (( #3551 ) ) ;
#1682 = FILL_AREA_STYLE_COLOUR ( '', #1539 ) ;
#1683 = FILL_AREA_STYLE_COLOUR ( '', #3483 ) ;
#1684 = SURFACE_STYLE_USAGE ( .BOTH. , #4595 ) ;
#1685 = FACE_BOUND ( 'NONE', #3092, .T. ) ;
#1686 = ORIENTED_EDGE ( 'NONE', *, *, #3236, .T. ) ;
#1687 = FACE_OUTER_BOUND ( 'NONE', #4128, .T. ) ;
#1688 = PRESENTATION_STYLE_ASSIGNMENT (( #207 ) ) ;
#1689 = DIRECTION ( 'NONE',  ( 0.3090169943749448977, 0.9510565162951544194, 0.0000000000000000000 ) ) ;
#1690 = VECTOR ( 'NONE', #3169, 1000.000000000000000 ) ;
#1691 = EDGE_CURVE ( 'NONE', #4804, #1430, #110, .T. ) ;
#1692 = CARTESIAN_POINT ( 'NONE',  ( 18.06499999999999773, 3.200000000000000178, 4.200000000000000178 ) ) ;
#1693 = VECTOR ( 'NONE', #3260, 1000.000000000000000 ) ;
#1694 = CARTESIAN_POINT ( 'NONE',  ( 16.91499999999999915, -3.999999999999985345, 5.349999999999999645 ) ) ;
#1695 = EDGE_CURVE ( 'NONE', #4037, #2718, #470, .T. ) ;
#1696 = STYLED_ITEM ( 'NONE', ( #4757 ), #562 ) ;
#1697 = LINE ( 'NONE', #4317, #1523 ) ;
#1698 = ORIENTED_EDGE ( 'NONE', *, *, #244, .F. ) ;
#1699 = CARTESIAN_POINT ( 'NONE',  ( 23.10000000000000142, 5.518723555460829822, 1.115171409084289245 ) ) ;
#1700 = CARTESIAN_POINT ( 'NONE',  ( 17.90254015188354231, -4.500000000000000000, 4.362459848116455596 ) ) ;
#1701 = DIRECTION ( 'NONE',  ( 0.0000000000000000000, 0.0000000000000000000, -1.000000000000000000 ) ) ;
#1702 = DIRECTION ( 'NONE',  ( 0.0000000000000000000, -5.900419986315671085E-17, 1.000000000000000000 ) ) ;
#1703 = ORIENTED_EDGE ( 'NONE', *, *, #4180, .T. ) ;
#1704 = EDGE_CURVE ( 'NONE', #3809, #1475, #3769, .T. ) ;
#1705 = COLOUR_RGB ( '',0.5019607843137254832, 0.5019607843137254832, 0.5019607843137254832 ) ;
#1706 = PRESENTATION_LAYER_ASSIGNMENT (  '', '', ( #3807 ) ) ;
#1707 = DIRECTION ( 'NONE',  ( 0.0000000000000000000, -0.8848285909157096452, -0.4659166928734361779 ) ) ;
#1708 = FACE_OUTER_BOUND ( 'NONE', #1964, .T. ) ;
#1709 = CARTESIAN_POINT ( 'NONE',  ( 23.10000000000000142, 9.033243561979320546, 1.835620030455010765 ) ) ;
#1710 = CARTESIAN_POINT ( 'NONE',  ( 8.994999999999999218, 0.0000000000000000000, 5.349999999999999645 ) ) ;
#1711 = VERTEX_POINT ( 'NONE', #3065 ) ;
#1712 = DIRECTION ( 'NONE',  ( 0.0000000000000000000, -1.000000000000000000, 0.0000000000000000000 ) ) ;
#1713 = VECTOR ( 'NONE', #3023, 1000.000000000000000 ) ;
#1714 = PRESENTATION_STYLE_ASSIGNMENT (( #671 ) ) ;
#1715 = ORIENTED_EDGE ( 'NONE', *, *, #4158, .T. ) ;
#1716 = CARTESIAN_POINT ( 'NONE',  ( 16.91499999999999915, 3.200000000000000178, 4.200000000000000178 ) ) ;
#1717 = DIRECTION ( 'NONE',  ( 0.9510565162951547524, -0.3090169943749439541, 0.0000000000000000000 ) ) ;
#1718 = SURFACE_STYLE_FILL_AREA ( #135 ) ;
#1719 = ORIENTED_EDGE ( 'NONE', *, *, #3025, .F. ) ;
#1720 = LINE ( 'NONE', #3961, #2120 ) ;
#1721 = UNCERTAINTY_MEASURE_WITH_UNIT (LENGTH_MEASURE( 1.000000000000000082E-05 ), #1236, 'distance_accuracy_value', 'NONE');
#1722 = SURFACE_SIDE_STYLE ('',( #239 ) ) ;
#1723 = FACE_BOUND ( 'NONE', #4657, .T. ) ;
#1724 = ORIENTED_EDGE ( 'NONE', *, *, #3429, .F. ) ;
#1725 = VECTOR ( 'NONE', #2582, 1000.000000000000000 ) ;
#1726 = PRESENTATION_STYLE_ASSIGNMENT (( #2140 ) ) ;
#1727 = CARTESIAN_POINT ( 'NONE',  ( 9.953333333333333144, 14.78333333333333499, 5.158333333333333215 ) ) ;
#1728 = AXIS2_PLACEMENT_3D ( 'NONE', #4713, #1040, #4347 ) ;
#1729 = DIRECTION ( 'NONE',  ( 0.0000000000000000000, 0.0000000000000000000, 1.000000000000000000 ) ) ;
#1730 = DIRECTION ( 'NONE',  ( 0.0000000000000000000, 0.9510565162951540863, -0.3090169943749456194 ) ) ;
#1731 = ORIENTED_EDGE ( 'NONE', *, *, #1345, .T. ) ;
#1732 = FILL_AREA_STYLE ('',( #1757 ) ) ;
#1733 = VECTOR ( 'NONE', #1643, 1000.000000000000000 ) ;
#1734 = ADVANCED_FACE ( 'NONE', ( #2665 ), #2618, .F. ) ;
#1735 = LINE ( 'NONE', #4348, #524 ) ;
#1736 = LINE ( 'NONE', #4298, #1140 ) ;
#1737 = PRESENTATION_STYLE_ASSIGNMENT (( #2487 ) ) ;
#1738 = VERTEX_POINT ( 'NONE', #820 ) ;
#1739 = LINE ( 'NONE', #3206, #4080 ) ;
#1740 = VECTOR ( 'NONE', #4809, 1000.000000000000114 ) ;
#1741 = CARTESIAN_POINT ( 'NONE',  ( 22.02499999999999503, -3.999999999999985345, 4.200000000000000178 ) ) ;
#1742 = VERTEX_POINT ( 'NONE', #1865 ) ;
#1743 = CARTESIAN_POINT ( 'NONE',  ( 12.95500000000000007, 15.00000000000000000, 4.200000000000000178 ) ) ;
#1744 = LINE ( 'NONE', #1024, #1218 ) ;
#1745 = COLOUR_RGB ( '',0.5019607843137254832, 0.5019607843137254832, 0.5019607843137254832 ) ;
#1746 = ORIENTED_EDGE ( 'NONE', *, *, #3982, .F. ) ;
#1747 = FILL_AREA_STYLE ('',( #2135 ) ) ;
#1748 = DIRECTION ( 'NONE',  ( 0.2952418088443246602, -0.9086608545660269654, -0.2952418088443246602 ) ) ;
#1749 = FACE_BOUND ( 'NONE', #4191, .T. ) ;
#1750 = ORIENTED_EDGE ( 'NONE', *, *, #3001, .F. ) ;
#1751 = VECTOR ( 'NONE', #3711, 1000.000000000000000 ) ;
#1752 = CARTESIAN_POINT ( 'NONE',  ( 5.034999999999999254, 14.40000000000000391, 5.349999999999999645 ) ) ;
#1753 = VECTOR ( 'NONE', #642, 1000.000000000000000 ) ;
#1754 = FACE_OUTER_BOUND ( 'NONE', #4766, .T. ) ;
#1755 = LINE ( 'NONE', #2793, #2867 ) ;
#1756 = ORIENTED_EDGE ( 'NONE', *, *, #3330, .T. ) ;
#1757 = FILL_AREA_STYLE_COLOUR ( '', #1647 ) ;
#1758 = ADVANCED_FACE ( 'NONE', ( #2302 ), #2595, .F. ) ;
#1759 = VECTOR ( 'NONE', #2108, 1000.000000000000000 ) ;
#1760 = PLANE ( 'NONE',  #2623 ) ;
#1761 = SURFACE_SIDE_STYLE ('',( #2090 ) ) ;
#1762 = CARTESIAN_POINT ( 'NONE',  ( 2.225000000000000089, -4.500000000000000000, 5.349999999999999645 ) ) ;
#1763 = VERTEX_POINT ( 'NONE', #2998 ) ;
#1764 = VECTOR ( 'NONE', #1547, 1000.000000000000000 ) ;
#1765 = SURFACE_STYLE_USAGE ( .BOTH. , #645 ) ;
#1766 = ADVANCED_FACE ( 'NONE', ( #1174 ), #2232, .T. ) ;
#1767 = ADVANCED_FACE ( 'NONE', ( #3137 ), #2073, .F. ) ;
#1768 = FACE_BOUND ( 'NONE', #493, .T. ) ;
#1769 = VERTEX_POINT ( 'NONE', #3262 ) ;
#1770 = CARTESIAN_POINT ( 'NONE',  ( 21.86254015188353961, -4.500000000000000000, 4.200000000000000178 ) ) ;
#1771 = VECTOR ( 'NONE', #4674, 1000.000000000000000 ) ;
#1772 =( GEOMETRIC_REPRESENTATION_CONTEXT ( 3 ) GLOBAL_UNCERTAINTY_ASSIGNED_CONTEXT ( ( #2251 ) ) GLOBAL_UNIT_ASSIGNED_CONTEXT ( ( #1876, #3354, #1157 ) ) REPRESENTATION_CONTEXT ( 'NONE', 'WORKASPACE' ) );
#1773 = VERTEX_POINT ( 'NONE', #3867 ) ;
#1774 = CARTESIAN_POINT ( 'NONE',  ( 12.95500000000000007, -4.500000000000000000, 4.362459848116452044 ) ) ;
#1775 = UNCERTAINTY_MEASURE_WITH_UNIT (LENGTH_MEASURE( 1.000000000000000082E-05 ), #955, 'distance_accuracy_value', 'NONE');
#1776 = CARTESIAN_POINT ( 'NONE',  ( 12.95500000000000007, -4.500000000000000000, 4.200000000000000178 ) ) ;
#1777 = DIRECTION ( 'NONE',  ( 0.0000000000000000000, 0.0000000000000000000, 1.000000000000000000 ) ) ;
#1778 = SURFACE_STYLE_USAGE ( .BOTH. , #287 ) ;
#1779 = ORIENTED_EDGE ( 'NONE', *, *, #2103, .F. ) ;
#1780 =( NAMED_UNIT ( * ) PLANE_ANGLE_UNIT ( ) SI_UNIT ( $, .RADIAN. ) );
#1781 = LINE ( 'NONE', #268, #414 ) ;
#1782 = CARTESIAN_POINT ( 'NONE',  ( 1.075000000000000178, -4.500000000000000000, 4.200000000000000178 ) ) ;
#1783 = VERTEX_POINT ( 'NONE', #4190 ) ;
#1784 = DIRECTION ( 'NONE',  ( 0.4082482904638661259, -0.8164965809277228148, 0.4082482904638661259 ) ) ;
#1785 = ADVANCED_FACE ( 'NONE', ( #3935 ), #2420, .T. ) ;
#1786 = DIRECTION ( 'NONE',  ( 1.000000000000000000, 0.0000000000000000000, 0.0000000000000000000 ) ) ;
#1787 = ORIENTED_EDGE ( 'NONE', *, *, #2469, .F. ) ;
#1788 = STYLED_ITEM ( 'NONE', ( #55 ), #929 ) ;
#1789 = FILL_AREA_STYLE_COLOUR ( '', #3930 ) ;
#1790 = ADVANCED_FACE ( 'NONE', ( #181 ), #496, .F. ) ;
#1791 = SURFACE_STYLE_USAGE ( .BOTH. , #3761 ) ;
#1792 = VERTEX_POINT ( 'NONE', #2022 ) ;
#1793 = PRESENTATION_LAYER_ASSIGNMENT (  '', '', ( #2177 ) ) ;
#1794 = EDGE_CURVE ( 'NONE', #2414, #3872, #3084, .T. ) ;
#1795 = EDGE_LOOP ( 'NONE', ( #4057, #1580, #4256, #139 ) ) ;
#1796 = CARTESIAN_POINT ( 'NONE',  ( 20.87499999999999645, -4.500000000000000000, 5.349999999999999645 ) ) ;
#1797 = FACE_OUTER_BOUND ( 'NONE', #94, .T. ) ;
#1798 = VERTEX_POINT ( 'NONE', #2368 ) ;
#1799 = CARTESIAN_POINT ( 'NONE',  ( 14.10499999999999865, 0.0000000000000000000, 10.34999999999999964 ) ) ;
#1800 = FACE_OUTER_BOUND ( 'NONE', #3210, .T. ) ;
#1801 = EDGE_LOOP ( 'NONE', ( #288, #2065, #2392, #429 ) ) ;
#1802 = AXIS2_PLACEMENT_3D ( 'NONE', #3467, #1979, #134 ) ;
#1803 = ORIENTED_EDGE ( 'NONE', *, *, #738, .F. ) ;
#1804 = PLANE ( 'NONE',  #2027 ) ;
#1805 = LINE ( 'NONE', #365, #3533 ) ;
#1806 = VECTOR ( 'NONE', #2833, 1000.000000000000000 ) ;
#1807 = SURFACE_SIDE_STYLE ('',( #4743 ) ) ;
#1808 = ORIENTED_EDGE ( 'NONE', *, *, #4689, .T. ) ;
#1809 = ADVANCED_FACE ( 'NONE', ( #891 ), #523, .F. ) ;
#1810 = AXIS2_PLACEMENT_3D ( 'NONE', #468, #3398, #3372 ) ;
#1811 = ORIENTED_EDGE ( 'NONE', *, *, #658, .F. ) ;
#1812 = CARTESIAN_POINT ( 'NONE',  ( 22.02499999999999503, -3.999999999999985345, 4.200000000000000178 ) ) ;
#1813 = UNCERTAINTY_MEASURE_WITH_UNIT (LENGTH_MEASURE( 1.000000000000000082E-05 ), #679, 'distance_accuracy_value', 'NONE');
#1814 = LINE ( 'NONE', #4409, #3208 ) ;
#1815 = SURFACE_STYLE_FILL_AREA ( #332 ) ;
#1816 = EDGE_LOOP ( 'NONE', ( #607, #4264, #3036, #3323 ) ) ;
#1817 = EDGE_CURVE ( 'NONE', #1944, #4645, #730, .T. ) ;
#1818 = VECTOR ( 'NONE', #357, 1000.000000000000000 ) ;
#1819 = FACE_OUTER_BOUND ( 'NONE', #1100, .T. ) ;
#1820 = DIRECTION ( 'NONE',  ( 0.2952418088443231059, 0.9086608545660279646, 0.2952418088443231059 ) ) ;
#1821 = FACE_OUTER_BOUND ( 'NONE', #1491, .T. ) ;
#1822 = ORIENTED_EDGE ( 'NONE', *, *, #3759, .T. ) ;
#1823 = FILL_AREA_STYLE ('',( #342 ) ) ;
#1824 = DIRECTION ( 'NONE',  ( -1.000000000000000000, 0.0000000000000000000, 0.0000000000000000000 ) ) ;
#1825 = PLANE ( 'NONE',  #453 ) ;
#1826 = ORIENTED_EDGE ( 'NONE', *, *, #2270, .T. ) ;
#1827 = AXIS2_PLACEMENT_3D ( 'NONE', #4791, #1473, #150 ) ;
#1828 = MECHANICAL_DESIGN_GEOMETRIC_PRESENTATION_REPRESENTATION (  '', ( #4464 ), #3861 ) ;
#1829 = AXIS2_PLACEMENT_3D ( 'NONE', #1624, #2675, #3095 ) ;
#1830 = CARTESIAN_POINT ( 'NONE',  ( 5.034999999999999254, 14.40000000000000391, 5.349999999999999645 ) ) ;
#1831 = ORIENTED_EDGE ( 'NONE', *, *, #2902, .T. ) ;
#1832 =( NAMED_UNIT ( * ) PLANE_ANGLE_UNIT ( ) SI_UNIT ( $, .RADIAN. ) );
#1833 = EDGE_CURVE ( 'NONE', #3921, #1792, #1881, .T. ) ;
#1834 = DIRECTION ( 'NONE',  ( 0.0000000000000000000, -1.000000000000000000, 0.0000000000000000000 ) ) ;
#1835 = DIRECTION ( 'NONE',  ( 0.0000000000000000000, -0.4659166928734361779, 0.8848285909157096452 ) ) ;
#1836 = DIRECTION ( 'NONE',  ( -1.224606353822377012E-16, 0.0000000000000000000, -1.000000000000000000 ) ) ;
#1837 = DIRECTION ( 'NONE',  ( 0.0000000000000000000, 1.000000000000000000, 0.0000000000000000000 ) ) ;
#1838 = EDGE_LOOP ( 'NONE', ( #661, #1094, #2309, #4218 ) ) ;
#1839 = EDGE_CURVE ( 'NONE', #887, #3499, #3361, .T. ) ;
#1840 = SURFACE_STYLE_USAGE ( .BOTH. , #4781 ) ;
#1841 = CARTESIAN_POINT ( 'NONE',  ( 10.14499999999999957, 14.40000000000000391, 4.200000000000000178 ) ) ;
#1842 = ORIENTED_EDGE ( 'NONE', *, *, #4356, .T. ) ;
#1843 = COLOUR_RGB ( '',0.5019607843137254832, 0.5019607843137254832, 0.5019607843137254832 ) ;
#1844 = EDGE_LOOP ( 'NONE', ( #2740, #3028, #3157, #2186 ) ) ;
#1845 = VECTOR ( 'NONE', #979, 1000.000000000000000 ) ;
#1846 =( NAMED_UNIT ( * ) SI_UNIT ( $, .STERADIAN. ) SOLID_ANGLE_UNIT ( ) );
#1847 =( GEOMETRIC_REPRESENTATION_CONTEXT ( 3 ) GLOBAL_UNCERTAINTY_ASSIGNED_CONTEXT ( ( #2435 ) ) GLOBAL_UNIT_ASSIGNED_CONTEXT ( ( #3201, #2846, #1017 ) ) REPRESENTATION_CONTEXT ( 'NONE', 'WORKASPACE' ) );
#1848 = EDGE_CURVE ( 'NONE', #1396, #3006, #4452, .T. ) ;
#1849 = SURFACE_STYLE_USAGE ( .BOTH. , #2554 ) ;
#1850 = DIRECTION ( 'NONE',  ( -3.771137991253928080E-16, 0.0000000000000000000, 1.000000000000000000 ) ) ;
#1851 = CARTESIAN_POINT ( 'NONE',  ( 20.87499999999999645, 3.200000000000000178, 4.200000000000000178 ) ) ;
#1852 = ORIENTED_EDGE ( 'NONE', *, *, #2174, .F. ) ;
#1853 =( NAMED_UNIT ( * ) SI_UNIT ( $, .STERADIAN. ) SOLID_ANGLE_UNIT ( ) );
#1854 = DIRECTION ( 'NONE',  ( 0.0000000000000000000, 0.0000000000000000000, -1.000000000000000000 ) ) ;
#1855 = PRESENTATION_LAYER_ASSIGNMENT (  '', '', ( #1696 ) ) ;
#1856 = CARTESIAN_POINT ( 'NONE',  ( 23.10000000000000142, 8.567326869105883702, 2.720448621370721742 ) ) ;
#1857 = EDGE_LOOP ( 'NONE', ( #1826, #4560, #1719, #1512 ) ) ;
#1858 =( NAMED_UNIT ( * ) PLANE_ANGLE_UNIT ( ) SI_UNIT ( $, .RADIAN. ) );
#1859 =( GEOMETRIC_REPRESENTATION_CONTEXT ( 3 ) GLOBAL_UNCERTAINTY_ASSIGNED_CONTEXT ( ( #749 ) ) GLOBAL_UNIT_ASSIGNED_CONTEXT ( ( #2413, #2019, #1378 ) ) REPRESENTATION_CONTEXT ( 'NONE', 'WORKASPACE' ) );
#1860 = VECTOR ( 'NONE', #1059, 1000.000000000000000 ) ;
#1861 = FACE_OUTER_BOUND ( 'NONE', #4395, .T. ) ;
#1862 = AXIS2_PLACEMENT_3D ( 'NONE', #4576, #3813, #1264 ) ;
#1863 = UNCERTAINTY_MEASURE_WITH_UNIT (LENGTH_MEASURE( 1.000000000000000082E-05 ), #3490, 'distance_accuracy_value', 'NONE');
#1864 = CARTESIAN_POINT ( 'NONE',  ( 16.91499999999999915, 14.40000000000000391, 5.349999999999999645 ) ) ;
#1865 = CARTESIAN_POINT ( 'NONE',  ( 13.25500000000000078, 15.00000000000000000, 4.500000000000001776 ) ) ;
#1866 = PRESENTATION_STYLE_ASSIGNMENT (( #3299 ) ) ;
#1867 = VERTEX_POINT ( 'NONE', #3284 ) ;
#1868 =( GEOMETRIC_REPRESENTATION_CONTEXT ( 3 ) GLOBAL_UNCERTAINTY_ASSIGNED_CONTEXT ( ( #4528 ) ) GLOBAL_UNIT_ASSIGNED_CONTEXT ( ( #240, #2079, #2447 ) ) REPRESENTATION_CONTEXT ( 'NONE', 'WORKASPACE' ) );
#1869 = COLOUR_RGB ( '',0.5019607843137254832, 0.5019607843137254832, 0.5019607843137254832 ) ;
#1870 = FACE_OUTER_BOUND ( 'NONE', #1400, .T. ) ;
#1871 = UNCERTAINTY_MEASURE_WITH_UNIT (LENGTH_MEASURE( 1.000000000000000082E-05 ), #2942, 'distance_accuracy_value', 'NONE');
#1872 =( NAMED_UNIT ( * ) PLANE_ANGLE_UNIT ( ) SI_UNIT ( $, .RADIAN. ) );
#1873 = LINE ( 'NONE', #1574, #234 ) ;
#1874 = VERTEX_POINT ( 'NONE', #1905 ) ;
#1875 = EDGE_CURVE ( 'NONE', #4020, #2356, #346, .T. ) ;
#1876 =( LENGTH_UNIT ( ) NAMED_UNIT ( * ) SI_UNIT ( .MILLI., .METRE. ) );
#1877 = FACE_OUTER_BOUND ( 'NONE', #1350, .T. ) ;
#1878 = SURFACE_STYLE_FILL_AREA ( #386 ) ;
#1879 = CARTESIAN_POINT ( 'NONE',  ( 20.87499999999999645, 14.40000000000000391, 4.200000000000000178 ) ) ;
#1880 = ORIENTED_EDGE ( 'NONE', *, *, #391, .T. ) ;
#1881 = LINE ( 'NONE', #2175, #2269 ) ;
#1882 = DIRECTION ( 'NONE',  ( -0.0000000000000000000, 1.000000000000000000, -0.0000000000000000000 ) ) ;
#1883 = EDGE_CURVE ( 'NONE', #3894, #794, #364, .T. ) ;
#1884 = COLOUR_RGB ( '',0.5019607843137254832, 0.5019607843137254832, 0.5019607843137254832 ) ;
#1885 = CARTESIAN_POINT ( 'NONE',  ( 12.95500000000000007, -4.500000000000000000, 5.349999999999999645 ) ) ;
#1886 = CARTESIAN_POINT ( 'NONE',  ( 0.0000000000000000000, 8.968260511991896777, 0.6712400609100229731 ) ) ;
#1887 = ORIENTED_EDGE ( 'NONE', *, *, #3111, .F. ) ;
#1888 = COLOUR_RGB ( '',0.5019607843137254832, 0.5019607843137254832, 0.5019607843137254832 ) ;
#1889 = PLANE ( 'NONE',  #2681 ) ;
#1890 = VECTOR ( 'NONE', #3045, 1000.000000000000000 ) ;
#1891 =( NAMED_UNIT ( * ) SI_UNIT ( $, .STERADIAN. ) SOLID_ANGLE_UNIT ( ) );
#1892 = FILL_AREA_STYLE_COLOUR ( '', #347 ) ;
#1893 = VERTEX_POINT ( 'NONE', #2607 ) ;
#1894 =( GEOMETRIC_REPRESENTATION_CONTEXT ( 3 ) GLOBAL_UNCERTAINTY_ASSIGNED_CONTEXT ( ( #3327 ) ) GLOBAL_UNIT_ASSIGNED_CONTEXT ( ( #1075, #4773, #2903 ) ) REPRESENTATION_CONTEXT ( 'NONE', 'WORKASPACE' ) );
#1895 = PRESENTATION_STYLE_ASSIGNMENT (( #402 ) ) ;
#1896 = CARTESIAN_POINT ( 'NONE',  ( 21.77645852281662187, -4.764932012632482561, 5.101458522816626484 ) ) ;
#1897 = DIRECTION ( 'NONE',  ( 0.0000000000000000000, 0.0000000000000000000, -1.000000000000000000 ) ) ;
#1898 = ORIENTED_EDGE ( 'NONE', *, *, #4108, .F. ) ;
#1899 = MECHANICAL_DESIGN_GEOMETRIC_PRESENTATION_REPRESENTATION (  '', ( #2746 ), #109 ) ;
#1900 = SURFACE_STYLE_USAGE ( .BOTH. , #3007 ) ;
#1901 =( GEOMETRIC_REPRESENTATION_CONTEXT ( 3 ) GLOBAL_UNCERTAINTY_ASSIGNED_CONTEXT ( ( #2593 ) ) GLOBAL_UNIT_ASSIGNED_CONTEXT ( ( #2024, #2422, #577 ) ) REPRESENTATION_CONTEXT ( 'NONE', 'WORKASPACE' ) );
#1902 = LINE ( 'NONE', #4787, #1052 ) ;
#1903 = EDGE_LOOP ( 'NONE', ( #2158, #3900, #3360, #4374 ) ) ;
#1904 = EDGE_CURVE ( 'NONE', #3601, #89, #4475, .T. ) ;
#1905 = CARTESIAN_POINT ( 'NONE',  ( 20.87499999999999645, -3.999999999999985345, 5.349999999999999645 ) ) ;
#1906 = DIRECTION ( 'NONE',  ( 0.0000000000000000000, 0.8944271909999138570, -0.4472135954999620910 ) ) ;
#1907 =( GEOMETRIC_REPRESENTATION_CONTEXT ( 3 ) GLOBAL_UNCERTAINTY_ASSIGNED_CONTEXT ( ( #4143 ) ) GLOBAL_UNIT_ASSIGNED_CONTEXT ( ( #1076, #4073, #36 ) ) REPRESENTATION_CONTEXT ( 'NONE', 'WORKASPACE' ) );
#1908 =( NAMED_UNIT ( * ) PLANE_ANGLE_UNIT ( ) SI_UNIT ( $, .RADIAN. ) );
#1909 = SURFACE_SIDE_STYLE ('',( #3479 ) ) ;
#1910 = ORIENTED_EDGE ( 'NONE', *, *, #2315, .T. ) ;
#1911 = EDGE_CURVE ( 'NONE', #4494, #4586, #1163, .T. ) ;
#1912 = MECHANICAL_DESIGN_GEOMETRIC_PRESENTATION_REPRESENTATION (  '', ( #3384 ), #3779 ) ;
#1913 = DIRECTION ( 'NONE',  ( 0.0000000000000000000, 1.000000000000000000, -4.130293990420969390E-16 ) ) ;
#1914 = LINE ( 'NONE', #4165, #4597 ) ;
#1915 = UNCERTAINTY_MEASURE_WITH_UNIT (LENGTH_MEASURE( 1.000000000000000082E-05 ), #309, 'distance_accuracy_value', 'NONE');
#1916 = CARTESIAN_POINT ( 'NONE',  ( 20.87499999999999645, 14.40000000000000391, 5.349999999999999645 ) ) ;
#1917 = FILL_AREA_STYLE ('',( #3718 ) ) ;
#1918 = CARTESIAN_POINT ( 'NONE',  ( 16.91499999999999915, 15.00000000000000000, 4.500000000000001776 ) ) ;
#1919 = EDGE_LOOP ( 'NONE', ( #1039, #4140, #3959, #219 ) ) ;
#1920 =( NAMED_UNIT ( * ) SI_UNIT ( $, .STERADIAN. ) SOLID_ANGLE_UNIT ( ) );
#1921 = UNCERTAINTY_MEASURE_WITH_UNIT (LENGTH_MEASURE( 1.000000000000000082E-05 ), #1664, 'distance_accuracy_value', 'NONE');
#1922 = FILL_AREA_STYLE ('',( #925 ) ) ;
#1923 =( LENGTH_UNIT ( ) NAMED_UNIT ( * ) SI_UNIT ( .MILLI., .METRE. ) );
#1924 = ORIENTED_EDGE ( 'NONE', *, *, #2260, .T. ) ;
#1925 = ORIENTED_EDGE ( 'NONE', *, *, #113, .T. ) ;
#1926 = SURFACE_STYLE_FILL_AREA ( #3451 ) ;
#1927 = DIRECTION ( 'NONE',  ( -0.0000000000000000000, 1.000000000000000000, -0.0000000000000000000 ) ) ;
#1928 = ORIENTED_EDGE ( 'NONE', *, *, #4185, .T. ) ;
#1929 = MECHANICAL_DESIGN_GEOMETRIC_PRESENTATION_REPRESENTATION (  '', ( #4018 ), #2852 ) ;
#1931 = DIRECTION ( 'NONE',  ( 0.0000000000000000000, -0.4472135954999620910, 0.8944271909999138570 ) ) ;
#1930 = PRODUCT_DEFINITION_FORMATION_WITH_SPECIFIED_SOURCE ( 'ANY', '', #3135, .NOT_KNOWN. ) ;
#1932 =( NAMED_UNIT ( * ) PLANE_ANGLE_UNIT ( ) SI_UNIT ( $, .RADIAN. ) );
#1933 = PRESENTATION_STYLE_ASSIGNMENT (( #2725 ) ) ;
#1934 = ORIENTED_EDGE ( 'NONE', *, *, #4742, .T. ) ;
#1935 = VECTOR ( 'NONE', #2719, 1000.000000000000000 ) ;
#1936 = SURFACE_SIDE_STYLE ('',( #786 ) ) ;
#1937 = EDGE_CURVE ( 'NONE', #1527, #1387, #1422, .T. ) ;
#1938 = DIRECTION ( 'NONE',  ( 0.4472135954999579277, 0.8944271909999158554, 0.0000000000000000000 ) ) ;
#1939 = STYLED_ITEM ( 'NONE', ( #4255 ), #997 ) ;
#1940 = FACE_OUTER_BOUND ( 'NONE', #1281, .T. ) ;
#1941 = EDGE_CURVE ( 'NONE', #2964, #1387, #2989, .T. ) ;
#1942 = AXIS2_PLACEMENT_3D ( 'NONE', #1334, #3181, #4625 ) ;
#1943 = CARTESIAN_POINT ( 'NONE',  ( 22.02499999999999503, -4.500000000000000000, 5.349999999999999645 ) ) ;
#1944 = VERTEX_POINT ( 'NONE', #759 ) ;
#1945 = ORIENTED_EDGE ( 'NONE', *, *, #802, .F. ) ;
#1946 = COLOUR_RGB ( '',0.5019607843137254832, 0.5019607843137254832, 0.5019607843137254832 ) ;
#1947 = CARTESIAN_POINT ( 'NONE',  ( 14.10499999999999865, 0.0000000000000000000, 4.200000000000000178 ) ) ;
#1948 = CARTESIAN_POINT ( 'NONE',  ( 2.449212707644753037E-16, 5.052806862587393866, 1.999999999999999112 ) ) ;
#1949 = LINE ( 'NONE', #2748, #2984 ) ;
#1950 = ORIENTED_EDGE ( 'NONE', *, *, #1817, .F. ) ;
#1951 =( GEOMETRIC_REPRESENTATION_CONTEXT ( 3 ) GLOBAL_UNCERTAINTY_ASSIGNED_CONTEXT ( ( #3021 ) ) GLOBAL_UNIT_ASSIGNED_CONTEXT ( ( #4790, #4764, #1853 ) ) REPRESENTATION_CONTEXT ( 'NONE', 'WORKASPACE' ) );
#1952 = COLOUR_RGB ( '',0.5019607843137254832, 0.5019607843137254832, 0.5019607843137254832 ) ;
#1953 = ORIENTED_EDGE ( 'NONE', *, *, #1504, .T. ) ;
#1954 = DIRECTION ( 'NONE',  ( -1.885568995626964040E-16, 0.0000000000000000000, 1.000000000000000000 ) ) ;
#1955 = ADVANCED_FACE ( 'NONE', ( #2225 ), #1804, .F. ) ;
#1956 = PRESENTATION_LAYER_ASSIGNMENT (  '', '', ( #4054 ) ) ;
#1957 = CARTESIAN_POINT ( 'NONE',  ( 1.267467576206160147E-15, 0.0000000000000000000, 10.34999999999999964 ) ) ;
#1958 = AXIS2_PLACEMENT_3D ( 'NONE', #4282, #1661, #2781 ) ;
#1959 =( NAMED_UNIT ( * ) PLANE_ANGLE_UNIT ( ) SI_UNIT ( $, .RADIAN. ) );
#1960 = SURFACE_STYLE_FILL_AREA ( #1202 ) ;
#1961 = ORIENTED_EDGE ( 'NONE', *, *, #2075, .T. ) ;
#1962 = ADVANCED_FACE ( 'NONE', ( #1990 ), #3879, .T. ) ;
#1963 = ADVANCED_FACE ( 'NONE', ( #100 ), #76, .T. ) ;
#1964 = EDGE_LOOP ( 'NONE', ( #2766, #324, #3945, #4719 ) ) ;
#1965 = CYLINDRICAL_SURFACE ( 'NONE', #4104, 1.000000000000000000 ) ;
#1966 = ORIENTED_EDGE ( 'NONE', *, *, #2647, .F. ) ;
#1967 =( LENGTH_UNIT ( ) NAMED_UNIT ( * ) SI_UNIT ( .MILLI., .METRE. ) );
#1968 = SURFACE_SIDE_STYLE ('',( #99 ) ) ;
#1969 = EDGE_CURVE ( 'NONE', #14, #2344, #2337, .T. ) ;
#1970 = PRESENTATION_STYLE_ASSIGNMENT (( #2701 ) ) ;
#1971 = STYLED_ITEM ( 'NONE', ( #4550 ), #3396 ) ;
#1972 = CARTESIAN_POINT ( 'NONE',  ( 5.034999999999999254, -4.500000000000000000, 5.349999999999999645 ) ) ;
#1973 = ORIENTED_EDGE ( 'NONE', *, *, #1182, .T. ) ;
#1974 = AXIS2_PLACEMENT_3D ( 'NONE', #1193, #3442, #522 ) ;
#1975 = STYLED_ITEM ( 'NONE', ( #3034 ), #4302 ) ;
#1976 = VECTOR ( 'NONE', #737, 1000.000000000000000 ) ;
#1977 = CARTESIAN_POINT ( 'NONE',  ( 1.267467576206160147E-15, 3.199999999999999734, 10.34999999999999964 ) ) ;
#1978 = ORIENTED_EDGE ( 'NONE', *, *, #1182, .F. ) ;
#1979 = DIRECTION ( 'NONE',  ( 0.0000000000000000000, 0.0000000000000000000, -1.000000000000000000 ) ) ;
#1980 = DIRECTION ( 'NONE',  ( -0.0000000000000000000, 0.0000000000000000000, 1.000000000000000000 ) ) ;
#1981 = SURFACE_STYLE_FILL_AREA ( #446 ) ;
#1982 = VECTOR ( 'NONE', #4276, 1000.000000000000000 ) ;
#1983 = EDGE_CURVE ( 'NONE', #2860, #3072, #3833, .T. ) ;
#1984 = FACE_OUTER_BOUND ( 'NONE', #3664, .T. ) ;
#1985 = PRESENTATION_STYLE_ASSIGNMENT (( #504 ) ) ;
#1986 = ORIENTED_EDGE ( 'NONE', *, *, #1151, .F. ) ;
#1987 = ORIENTED_EDGE ( 'NONE', *, *, #4814, .F. ) ;
#1988 = ADVANCED_FACE ( 'NONE', ( #1209 ), #2312, .F. ) ;
#1989 = FACE_OUTER_BOUND ( 'NONE', #333, .T. ) ;
#1990 = FACE_OUTER_BOUND ( 'NONE', #4483, .T. ) ;
#1991 = ADVANCED_FACE ( 'NONE', ( #2482 ), #3901, .F. ) ;
#1992 = VECTOR ( 'NONE', #3980, 1000.000000000000000 ) ;
#1993 = VECTOR ( 'NONE', #4370, 1000.000000000000000 ) ;
#1994 =( NAMED_UNIT ( * ) PLANE_ANGLE_UNIT ( ) SI_UNIT ( $, .RADIAN. ) );
#1995 = ORIENTED_EDGE ( 'NONE', *, *, #2034, .F. ) ;
#1996 = PLANE ( 'NONE',  #4697 ) ;
#1997 = COLOUR_RGB ( '',1.000000000000000000, 1.000000000000000000, 1.000000000000000000 ) ;
#1998 = FILL_AREA_STYLE_COLOUR ( '', #377 ) ;
#1999 = EDGE_LOOP ( 'NONE', ( #1880, #1458, #1371, #1556 ) ) ;
#2000 = SURFACE_STYLE_FILL_AREA ( #2418 ) ;
#2001 = FACE_OUTER_BOUND ( 'NONE', #1844, .T. ) ;
#2002 = FILL_AREA_STYLE ('',( #1641 ) ) ;
#2003 = FACE_OUTER_BOUND ( 'NONE', #3440, .T. ) ;
#2004 = CARTESIAN_POINT ( 'NONE',  ( 1.375000000000001776, 15.00000000000000000, 4.500000000000001776 ) ) ;
#2005 = UNCERTAINTY_MEASURE_WITH_UNIT (LENGTH_MEASURE( 1.000000000000000082E-05 ), #1219, 'distance_accuracy_value', 'NONE');
#2006 = CARTESIAN_POINT ( 'NONE',  ( 14.10499999999999865, -4.500000000000000000, 4.200000000000000178 ) ) ;
#2007 = LINE ( 'NONE', #529, #1557 ) ;
#2008 = EDGE_LOOP ( 'NONE', ( #572, #302, #2948, #4378 ) ) ;
#2009 = EDGE_LOOP ( 'NONE', ( #3179, #277, #1898, #1568 ) ) ;
#2010 = PRESENTATION_LAYER_ASSIGNMENT (  '', '', ( #1403 ) ) ;
#2011 = AXIS2_PLACEMENT_3D ( 'NONE', #3252, #4415, #4801 ) ;
#2012 = PRESENTATION_STYLE_ASSIGNMENT (( #3874 ) ) ;
#2013 =( NAMED_UNIT ( * ) PLANE_ANGLE_UNIT ( ) SI_UNIT ( $, .RADIAN. ) );
#2014 = SURFACE_STYLE_USAGE ( .BOTH. , #145 ) ;
#2015 = CARTESIAN_POINT ( 'NONE',  ( 2.225000000000000089, 0.0000000000000000000, 5.349999999999999645 ) ) ;
#2016 = VECTOR ( 'NONE', #1033, 1000.000000000000000 ) ;
#2017 = EDGE_CURVE ( 'NONE', #4723, #1107, #4616, .T. ) ;
#2018 = DIRECTION ( 'NONE',  ( 0.0000000000000000000, 0.0000000000000000000, -1.000000000000000000 ) ) ;
#2019 =( NAMED_UNIT ( * ) PLANE_ANGLE_UNIT ( ) SI_UNIT ( $, .RADIAN. ) );
#2020 = EDGE_CURVE ( 'NONE', #4330, #1483, #3548, .T. ) ;
#2021 = EDGE_LOOP ( 'NONE', ( #4759, #1655, #4196, #270 ) ) ;
#2022 = CARTESIAN_POINT ( 'NONE',  ( 6.184999999999999609, -3.999999999999999112, 4.200000000000000178 ) ) ;
#2023 = LINE ( 'NONE', #3909, #2239 ) ;
#2024 =( LENGTH_UNIT ( ) NAMED_UNIT ( * ) SI_UNIT ( .MILLI., .METRE. ) );
#2025 = DIRECTION ( 'NONE',  ( 0.8944271909999138570, -0.4472135954999620910, 0.0000000000000000000 ) ) ;
#2026 = ORIENTED_EDGE ( 'NONE', *, *, #3325, .T. ) ;
#2027 = AXIS2_PLACEMENT_3D ( 'NONE', #3098, #4567, #1584 ) ;
#2028 = COLOUR_RGB ( '',1.000000000000000000, 1.000000000000000000, 1.000000000000000000 ) ;
#2029 = LINE ( 'NONE', #1675, #2776 ) ;
#2030 = DIRECTION ( 'NONE',  ( 1.000000000000000000, 0.0000000000000000000, 0.0000000000000000000 ) ) ;
#2031 = ORIENTED_EDGE ( 'NONE', *, *, #1941, .T. ) ;
#2032 = CARTESIAN_POINT ( 'NONE',  ( 0.0000000000000000000, 3.200000000000000178, 4.200000000000000178 ) ) ;
#2033 = COLOUR_RGB ( '',0.5019607843137254832, 0.5019607843137254832, 0.5019607843137254832 ) ;
#2034 = EDGE_CURVE ( 'NONE', #1250, #484, #3922, .T. ) ;
#2035 = FILL_AREA_STYLE ('',( #882 ) ) ;
#2036 = FACE_OUTER_BOUND ( 'NONE', #3837, .T. ) ;
#2037 = LINE ( 'NONE', #3234, #2483 ) ;
#2038 = LINE ( 'NONE', #914, #1982 ) ;
#2039 = EDGE_CURVE ( 'NONE', #1156, #2994, #3501, .T. ) ;
#2040 = ORIENTED_EDGE ( 'NONE', *, *, #1794, .T. ) ;
#2041 = FILL_AREA_STYLE_COLOUR ( '', #2033 ) ;
#2042 = AXIS2_PLACEMENT_3D ( 'NONE', #1433, #3665, #4 ) ;
#2043 = LINE ( 'NONE', #2759, #31 ) ;
#2044 = PRESENTATION_STYLE_ASSIGNMENT (( #182 ) ) ;
#2045 = VECTOR ( 'NONE', #445, 1000.000000000000000 ) ;
#2046 = VECTOR ( 'NONE', #3466, 1000.000000000000000 ) ;
#2047 = EDGE_CURVE ( 'NONE', #4793, #1483, #3123, .T. ) ;
#2048 = DIRECTION ( 'NONE',  ( -0.0000000000000000000, 1.000000000000000000, -0.0000000000000000000 ) ) ;
#2049 = UNCERTAINTY_MEASURE_WITH_UNIT (LENGTH_MEASURE( 1.000000000000000082E-05 ), #2198, 'distance_accuracy_value', 'NONE');
#2050 = CYLINDRICAL_SURFACE ( 'NONE', #2220, 1.000000000000000000 ) ;
#2051 = CARTESIAN_POINT ( 'NONE',  ( 5.034999999999999254, -4.500000000000000000, 5.187540151883547779 ) ) ;
#2052 = MECHANICAL_DESIGN_GEOMETRIC_PRESENTATION_REPRESENTATION (  '', ( #2684 ), #2528 ) ;
#2053 = ORIENTED_EDGE ( 'NONE', *, *, #2767, .T. ) ;
#2054 = AXIS2_PLACEMENT_3D ( 'NONE', #2752, #3903, #4232 ) ;
#2055 = STYLED_ITEM ( 'NONE', ( #2288 ), #4495 ) ;
#2056 = LINE ( 'NONE', #1699, #1690 ) ;
#2057 = DIRECTION ( 'NONE',  ( 0.0000000000000000000, -5.900419986315671085E-17, 1.000000000000000000 ) ) ;
#2058 = SURFACE_STYLE_FILL_AREA ( #4008 ) ;
#2059 = EDGE_LOOP ( 'NONE', ( #899, #2168, #3122, #3558 ) ) ;
#2060 = CARTESIAN_POINT ( 'NONE',  ( 18.06499999999999773, -4.500000000000000000, 5.349999999999999645 ) ) ;
#2061 = DIRECTION ( 'NONE',  ( 1.000000000000000000, 0.0000000000000000000, 0.0000000000000000000 ) ) ;
#2062 = CARTESIAN_POINT ( 'NONE',  ( 12.95500000000000007, 14.39999999999999680, 5.349999999999999645 ) ) ;
#2063 = DIRECTION ( 'NONE',  ( -0.0000000000000000000, 0.0000000000000000000, 1.000000000000000000 ) ) ;
#2064 = DIRECTION ( 'NONE',  ( 0.0000000000000000000, 0.0000000000000000000, -1.000000000000000000 ) ) ;
#2065 = ORIENTED_EDGE ( 'NONE', *, *, #2916, .F. ) ;
#2066 = CARTESIAN_POINT ( 'NONE',  ( 20.87499999999999645, 15.00000000000000000, 4.200000000000000178 ) ) ;
#2067 = EDGE_CURVE ( 'NONE', #3470, #3735, #1307, .T. ) ;
#2068 = DIRECTION ( 'NONE',  ( 0.0000000000000000000, 0.0000000000000000000, -1.000000000000000000 ) ) ;
#2069 = ORIENTED_EDGE ( 'NONE', *, *, #3429, .T. ) ;
#2070 = LINE ( 'NONE', #3511, #722 ) ;
#2071 = AXIS2_PLACEMENT_3D ( 'NONE', #4046, #717, #2207 ) ;
#2072 = PRESENTATION_STYLE_ASSIGNMENT (( #1337 ) ) ;
#2073 = PLANE ( 'NONE',  #714 ) ;
#2074 = AXIS2_PLACEMENT_3D ( 'NONE', #2533, #640, #1375 ) ;
#2075 = EDGE_CURVE ( 'NONE', #4723, #1867, #934, .T. ) ;
#2076 = STYLED_ITEM ( 'NONE', ( #1444 ), #335 ) ;
#2077 = EDGE_LOOP ( 'NONE', ( #3168, #4088, #2696, #4117 ) ) ;
#2078 = CARTESIAN_POINT ( 'NONE',  ( 22.02499999999999503, 3.200000000000000622, 5.349999999999999645 ) ) ;
#2079 =( NAMED_UNIT ( * ) PLANE_ANGLE_UNIT ( ) SI_UNIT ( $, .RADIAN. ) );
#2080 = FACE_OUTER_BOUND ( 'NONE', #265, .T. ) ;
#2081 = ORIENTED_EDGE ( 'NONE', *, *, #718, .T. ) ;
#2082 = EDGE_CURVE ( 'NONE', #4599, #1156, #3946, .T. ) ;
#2083 = PRESENTATION_STYLE_ASSIGNMENT (( #3570 ) ) ;
#2084 = LINE ( 'NONE', #3170, #766 ) ;
#2085 = DIRECTION ( 'NONE',  ( 0.0000000000000000000, -0.3090169943749456749, 0.9510565162951541973 ) ) ;
#2086 = EDGE_LOOP ( 'NONE', ( #1306, #2491, #4353, #1464 ) ) ;
#2087 = CARTESIAN_POINT ( 'NONE',  ( 16.91499999999999915, 0.0000000000000000000, 10.34999999999999964 ) ) ;
#2088 = AXIS2_PLACEMENT_3D ( 'NONE', #4423, #2920, #712 ) ;
#2089 = PLANE ( 'NONE',  #2074 ) ;
#2090 = SURFACE_STYLE_FILL_AREA ( #4014 ) ;
#2091 = DIRECTION ( 'NONE',  ( 0.4082482904638630172, 0.8164965809277260345, 0.4082482904638630172 ) ) ;
#2092 = ORIENTED_EDGE ( 'NONE', *, *, #2039, .F. ) ;
#2093 = LINE ( 'NONE', #3582, #38 ) ;
#2094 = VECTOR ( 'NONE', #678, 1000.000000000000000 ) ;
#2095 = MECHANICAL_DESIGN_GEOMETRIC_PRESENTATION_REPRESENTATION (  '', ( #1333 ), #4179 ) ;
#2096 = FILL_AREA_STYLE ('',( #3534 ) ) ;
#2097 = ORIENTED_EDGE ( 'NONE', *, *, #631, .F. ) ;
#2098 =( LENGTH_UNIT ( ) NAMED_UNIT ( * ) SI_UNIT ( .MILLI., .METRE. ) );
#2099 = LINE ( 'NONE', #1288, #736 ) ;
#2100 = CARTESIAN_POINT ( 'NONE',  ( 10.14499999999999957, -4.500000000000000000, 5.349999999999999645 ) ) ;
#2101 = MANIFOLD_SOLID_BREP ( 'Chamfer2', #1534 ) ;
#2102 = VERTEX_POINT ( 'NONE', #2978 ) ;
#2103 = EDGE_CURVE ( 'NONE', #4793, #3860, #2624, .T. ) ;
#2104 = DIRECTION ( 'NONE',  ( 0.0000000000000000000, 0.0000000000000000000, -1.000000000000000000 ) ) ;
#2105 = UNCERTAINTY_MEASURE_WITH_UNIT (LENGTH_MEASURE( 1.000000000000000082E-05 ), #3411, 'distance_accuracy_value', 'NONE');
#2106 =( NAMED_UNIT ( * ) PLANE_ANGLE_UNIT ( ) SI_UNIT ( $, .RADIAN. ) );
#2107 = LINE ( 'NONE', #2880, #2094 ) ;
#2108 = DIRECTION ( 'NONE',  ( -0.0000000000000000000, 1.000000000000000000, -0.0000000000000000000 ) ) ;
#2109 = ORIENTED_EDGE ( 'NONE', *, *, #53, .T. ) ;
#2110 =( GEOMETRIC_REPRESENTATION_CONTEXT ( 3 ) GLOBAL_UNCERTAINTY_ASSIGNED_CONTEXT ( ( #797 ) ) GLOBAL_UNIT_ASSIGNED_CONTEXT ( ( #4461, #35, #3399 ) ) REPRESENTATION_CONTEXT ( 'NONE', 'WORKASPACE' ) );
#2111 = EDGE_CURVE ( 'NONE', #672, #3048, #2934, .T. ) ;
#2112 =( NAMED_UNIT ( * ) PLANE_ANGLE_UNIT ( ) SI_UNIT ( $, .RADIAN. ) );
#2113 = PLANE ( 'NONE',  #3880 ) ;
#2114 = EDGE_CURVE ( 'NONE', #340, #1490, #4394, .T. ) ;
#2115 = VECTOR ( 'NONE', #2455, 1000.000000000000000 ) ;
#2116 =( LENGTH_UNIT ( ) NAMED_UNIT ( * ) SI_UNIT ( .MILLI., .METRE. ) );
#2117 = LINE ( 'NONE', #3600, #2714 ) ;
#2118 = ORIENTED_EDGE ( 'NONE', *, *, #2995, .T. ) ;
#2119 = CARTESIAN_POINT ( 'NONE',  ( 0.0000000000000000000, 9.594723317002271656, 2.663110504538771739 ) ) ;
#2120 = VECTOR ( 'NONE', #2786, 1000.000000000000000 ) ;
#2121 = DIRECTION ( 'NONE',  ( 0.4082482904638661259, 0.8164965809277228148, 0.4082482904638661259 ) ) ;
#2122 = ADVANCED_FACE ( 'NONE', ( #4414 ), #1152, .F. ) ;
#2123 = CARTESIAN_POINT ( 'NONE',  ( 0.0000000000000000000, 12.30000000000000071, 0.8274904740837607520 ) ) ;
#2124 = CARTESIAN_POINT ( 'NONE',  ( 9.896458522816628189, -4.764932012632485225, 5.101458522816628260 ) ) ;
#2125 = VERTEX_POINT ( 'NONE', #3748 ) ;
#2126 = COLOUR_RGB ( '',0.5019607843137254832, 0.5019607843137254832, 0.5019607843137254832 ) ;
#2127 = PLANE ( 'NONE',  #2612 ) ;
#2128 = CARTESIAN_POINT ( 'NONE',  ( 1.267467576206160147E-15, 0.0000000000000000000, 5.349999999999999645 ) ) ;
#2129 = ORIENTED_EDGE ( 'NONE', *, *, #4747, .T. ) ;
#2130 =( LENGTH_UNIT ( ) NAMED_UNIT ( * ) SI_UNIT ( .MILLI., .METRE. ) );
#2131 = SURFACE_STYLE_FILL_AREA ( #1073 ) ;
#2132 = STYLED_ITEM ( 'NONE', ( #1103 ), #3079 ) ;
#2133 =( GEOMETRIC_REPRESENTATION_CONTEXT ( 3 ) GLOBAL_UNCERTAINTY_ASSIGNED_CONTEXT ( ( #4678 ) ) GLOBAL_UNIT_ASSIGNED_CONTEXT ( ( #1032, #2106, #1319 ) ) REPRESENTATION_CONTEXT ( 'NONE', 'WORKASPACE' ) );
#2134 = VERTEX_POINT ( 'NONE', #1078 ) ;
#2135 = FILL_AREA_STYLE_COLOUR ( '', #4279 ) ;
#2136 = DIRECTION ( 'NONE',  ( 0.0000000000000000000, 0.0000000000000000000, -1.000000000000000000 ) ) ;
#2137 = SURFACE_STYLE_FILL_AREA ( #655 ) ;
#2138 = ORIENTED_EDGE ( 'NONE', *, *, #1969, .T. ) ;
#2139 = EDGE_CURVE ( 'NONE', #4359, #3000, #1101, .T. ) ;
#2140 = SURFACE_STYLE_USAGE ( .BOTH. , #2862 ) ;
#2141 = PRESENTATION_STYLE_ASSIGNMENT (( #3625 ) ) ;
#2142 = STYLED_ITEM ( 'NONE', ( #3129 ), #3752 ) ;
#2143 = CARTESIAN_POINT ( 'NONE',  ( 17.81645852281662457, -4.764932012632482561, 5.101458522816626484 ) ) ;
#2144 = ORIENTED_EDGE ( 'NONE', *, *, #303, .T. ) ;
#2145 = ORIENTED_EDGE ( 'NONE', *, *, #1658, .F. ) ;
#2146 = ADVANCED_FACE ( 'NONE', ( #1870 ), #706, .F. ) ;
#2147 =( GEOMETRIC_REPRESENTATION_CONTEXT ( 3 ) GLOBAL_UNCERTAINTY_ASSIGNED_CONTEXT ( ( #4774 ) ) GLOBAL_UNIT_ASSIGNED_CONTEXT ( ( #3543, #2112, #2404 ) ) REPRESENTATION_CONTEXT ( 'NONE', 'WORKASPACE' ) );
#2148 = MECHANICAL_DESIGN_GEOMETRIC_PRESENTATION_REPRESENTATION (  '', ( #4231 ), #3141 ) ;
#2149 = CARTESIAN_POINT ( 'NONE',  ( 1.267467576206160147E-15, 0.0000000000000000000, 4.200000000000000178 ) ) ;
#2150 = LINE ( 'NONE', #2123, #3216 ) ;
#2151 = SURFACE_STYLE_USAGE ( .BOTH. , #691 ) ;
#2152 = ORIENTED_EDGE ( 'NONE', *, *, #601, .T. ) ;
#2153 = EDGE_CURVE ( 'NONE', #4546, #3995, #314, .T. ) ;
#2154 = DIRECTION ( 'NONE',  ( -1.000000000000000000, 0.0000000000000000000, 0.0000000000000000000 ) ) ;
#2155 = ORIENTED_EDGE ( 'NONE', *, *, #2553, .F. ) ;
#2156 = FILL_AREA_STYLE_COLOUR ( '', #2603 ) ;
#2157 = COLOUR_RGB ( '',0.7529411764705882248, 0.7529411764705882248, 0.7529411764705882248 ) ;
#2158 = ORIENTED_EDGE ( 'NONE', *, *, #753, .T. ) ;
#2159 = DIRECTION ( 'NONE',  ( 0.0000000000000000000, -0.0000000000000000000, -1.000000000000000000 ) ) ;
#2160 = UNCERTAINTY_MEASURE_WITH_UNIT (LENGTH_MEASURE( 1.000000000000000082E-05 ), #4021, 'distance_accuracy_value', 'NONE');
#2161 = FACE_OUTER_BOUND ( 'NONE', #1679, .T. ) ;
#2162 = PLANE ( 'NONE',  #3390 ) ;
#2163 = VERTEX_POINT ( 'NONE', #3670 ) ;
#2164 = DIRECTION ( 'NONE',  ( -1.000000000000000000, 0.0000000000000000000, -0.0000000000000000000 ) ) ;
#2165 = DIRECTION ( 'NONE',  ( 0.0000000000000000000, -0.5614797550229506662, -0.8274904740837608630 ) ) ;
#2166 =( NAMED_UNIT ( * ) SI_UNIT ( $, .STERADIAN. ) SOLID_ANGLE_UNIT ( ) );
#2167 =( NAMED_UNIT ( * ) SI_UNIT ( $, .STERADIAN. ) SOLID_ANGLE_UNIT ( ) );
#2168 = ORIENTED_EDGE ( 'NONE', *, *, #349, .F. ) ;
#2169 = DIRECTION ( 'NONE',  ( 0.3090169943749438985, -0.9510565162951546414, 0.0000000000000000000 ) ) ;
#2170 = DIRECTION ( 'NONE',  ( 1.000000000000000000, 0.0000000000000000000, 0.0000000000000000000 ) ) ;
#2171 =( NAMED_UNIT ( * ) PLANE_ANGLE_UNIT ( ) SI_UNIT ( $, .RADIAN. ) );
#2172 = ORIENTED_EDGE ( 'NONE', *, *, #2642, .T. ) ;
#2173 = AXIS2_PLACEMENT_3D ( 'NONE', #3677, #729, #1786 ) ;
#2174 = EDGE_CURVE ( 'NONE', #3240, #3470, #2910, .T. ) ;
#2175 = CARTESIAN_POINT ( 'NONE',  ( 5.936458522816628225, -4.764932012632485225, 4.448541477183371562 ) ) ;
#2176 = SURFACE_STYLE_FILL_AREA ( #4426 ) ;
#2177 = STYLED_ITEM ( 'NONE', ( #4280 ), #779 ) ;
#2178 = LINE ( 'NONE', #3659, #3817 ) ;
#2179 = EDGE_LOOP ( 'NONE', ( #236, #3617, #2247, #3256 ) ) ;
#2180 = CARTESIAN_POINT ( 'NONE',  ( 17.90254015188354231, -4.500000000000000000, 4.200000000000000178 ) ) ;
#2181 = VECTOR ( 'NONE', #4339, 1000.000000000000000 ) ;
#2182 = ORIENTED_EDGE ( 'NONE', *, *, #900, .T. ) ;
#2183 = PRESENTATION_STYLE_ASSIGNMENT (( #1456 ) ) ;
#2184 = DIRECTION ( 'NONE',  ( 0.0000000000000000000, 0.0000000000000000000, 1.000000000000000000 ) ) ;
#2185 = CARTESIAN_POINT ( 'NONE',  ( 0.0000000000000000000, 5.052806862587393866, 0.9999999999999991118 ) ) ;
#2186 = ORIENTED_EDGE ( 'NONE', *, *, #1817, .T. ) ;
#2187 = CARTESIAN_POINT ( 'NONE',  ( 16.91499999999999915, -4.500000000000000000, 5.349999999999999645 ) ) ;
#2188 = CARTESIAN_POINT ( 'NONE',  ( 18.06499999999999773, -4.500000000000000000, 5.349999999999999645 ) ) ;
#2189 = LINE ( 'NONE', #1896, #3686 ) ;
#2190 = DIRECTION ( 'NONE',  ( 0.0000000000000000000, 0.0000000000000000000, -1.000000000000000000 ) ) ;
#2191 = ORIENTED_EDGE ( 'NONE', *, *, #1615, .T. ) ;
#2192 = STYLED_ITEM ( 'NONE', ( #4485 ), #1766 ) ;
#2193 = MECHANICAL_DESIGN_GEOMETRIC_PRESENTATION_REPRESENTATION (  '', ( #3434 ), #3355 ) ;
#2194 =( LENGTH_UNIT ( ) NAMED_UNIT ( * ) SI_UNIT ( .MILLI., .METRE. ) );
#2195 = PLANE ( 'NONE',  #2210 ) ;
#2196 = FACE_OUTER_BOUND ( 'NONE', #3798, .T. ) ;
#2197 = VERTEX_POINT ( 'NONE', #2572 ) ;
#2198 =( LENGTH_UNIT ( ) NAMED_UNIT ( * ) SI_UNIT ( .MILLI., .METRE. ) );
#2199 = FACE_OUTER_BOUND ( 'NONE', #2077, .T. ) ;
#2200 = PRESENTATION_LAYER_ASSIGNMENT (  '', '', ( #403 ) ) ;
#2201 = EDGE_CURVE ( 'NONE', #3830, #3146, #3696, .T. ) ;
#2202 = PLANE ( 'NONE',  #1827 ) ;
#2203 =( GEOMETRIC_REPRESENTATION_CONTEXT ( 3 ) GLOBAL_UNCERTAINTY_ASSIGNED_CONTEXT ( ( #1487 ) ) GLOBAL_UNIT_ASSIGNED_CONTEXT ( ( #676, #132, #1891 ) ) REPRESENTATION_CONTEXT ( 'NONE', 'WORKASPACE' ) );
#2204 = FACE_OUTER_BOUND ( 'NONE', #4155, .T. ) ;
#2205 = ORIENTED_EDGE ( 'NONE', *, *, #176, .F. ) ;
#2206 = CARTESIAN_POINT ( 'NONE',  ( 10.14499999999999957, 14.40000000000000391, 5.349999999999999645 ) ) ;
#2207 = DIRECTION ( 'NONE',  ( 1.000000000000000000, 0.0000000000000000000, 0.0000000000000000000 ) ) ;
#2208 = ADVANCED_FACE ( 'NONE', ( #1819 ), #3722, .F. ) ;
#2209 = ORIENTED_EDGE ( 'NONE', *, *, #2201, .T. ) ;
#2210 = AXIS2_PLACEMENT_3D ( 'NONE', #512, #907, #4224 ) ;
#2211 = PLANE ( 'NONE',  #4342 ) ;
#2212 = DIRECTION ( 'NONE',  ( 0.2952418088443246602, -0.9086608545660269654, -0.2952418088443246602 ) ) ;
#2213 = ORIENTED_EDGE ( 'NONE', *, *, #4514, .T. ) ;
#2214 = EDGE_CURVE ( 'NONE', #3547, #2134, #3795, .T. ) ;
#2215 = COLOUR_RGB ( '',0.5019607843137254832, 0.5019607843137254832, 0.5019607843137254832 ) ;
#2216 = DIRECTION ( 'NONE',  ( -0.0000000000000000000, 1.000000000000000000, -0.0000000000000000000 ) ) ;
#2217 = UNCERTAINTY_MEASURE_WITH_UNIT (LENGTH_MEASURE( 1.000000000000000082E-05 ), #3494, 'distance_accuracy_value', 'NONE');
#2218 = FACE_OUTER_BOUND ( 'NONE', #1189, .T. ) ;
#2219 = ORIENTED_EDGE ( 'NONE', *, *, #1610, .F. ) ;
#2220 = AXIS2_PLACEMENT_3D ( 'NONE', #2471, #653, #2136 ) ;
#2221 = MECHANICAL_DESIGN_GEOMETRIC_PRESENTATION_REPRESENTATION (  '', ( #1298 ), #2831 ) ;
#2222 = SURFACE_SIDE_STYLE ('',( #2917 ) ) ;
#2223 = CARTESIAN_POINT ( 'NONE',  ( 18.06499999999999773, 14.40000000000000391, 5.349999999999999645 ) ) ;
#2224 = ORIENTED_EDGE ( 'NONE', *, *, #1904, .F. ) ;
#2225 = FACE_OUTER_BOUND ( 'NONE', #456, .T. ) ;
#2226 = MECHANICAL_DESIGN_GEOMETRIC_PRESENTATION_REPRESENTATION (  '', ( #2142 ), #1672 ) ;
#2227 = SURFACE_SIDE_STYLE ('',( #4066 ) ) ;
#2228 = ORIENTED_EDGE ( 'NONE', *, *, #3331, .F. ) ;
#2229 = ADVANCED_FACE ( 'NONE', ( #67 ), #4193, .F. ) ;
#2230 =( LENGTH_UNIT ( ) NAMED_UNIT ( * ) SI_UNIT ( .MILLI., .METRE. ) );
#2231 = FILL_AREA_STYLE ('',( #3296 ) ) ;
#2232 = PLANE ( 'NONE',  #641 ) ;
#2233 = ADVANCED_FACE ( 'NONE', ( #871 ), #1622, .F. ) ;
#2234 = VERTEX_POINT ( 'NONE', #849 ) ;
#2235 = CARTESIAN_POINT ( 'NONE',  ( 16.91499999999999915, -4.500000000000000000, 4.200000000000000178 ) ) ;
#2236 = SURFACE_STYLE_FILL_AREA ( #2914 ) ;
#2237 = ORIENTED_EDGE ( 'NONE', *, *, #82, .F. ) ;
#2238 = EDGE_CURVE ( 'NONE', #1077, #2356, #4510, .T. ) ;
#2239 = VECTOR ( 'NONE', #2370, 1000.000000000000227 ) ;
#2240 = VERTEX_POINT ( 'NONE', #2004 ) ;
#2241 = CARTESIAN_POINT ( 'NONE',  ( 0.0000000000000000000, 3.199999999999999734, 1.000000000000000000 ) ) ;
#2242 = CARTESIAN_POINT ( 'NONE',  ( 20.87499999999999645, 3.200000000000000178, 5.349999999999999645 ) ) ;
#2243 = VECTOR ( 'NONE', #2057, 1000.000000000000000 ) ;
#2244 = PRESENTATION_LAYER_ASSIGNMENT (  '', '', ( #4799 ) ) ;
#2245 = SURFACE_STYLE_FILL_AREA ( #3011 ) ;
#2246 = LINE ( 'NONE', #1830, #1472 ) ;
#2247 = ORIENTED_EDGE ( 'NONE', *, *, #1384, .T. ) ;
#2248 = DIRECTION ( 'NONE',  ( 0.9510565162951547524, -0.3090169943749439541, 0.0000000000000000000 ) ) ;
#2249 = CIRCLE ( 'NONE', #155, 1.000000000000000000 ) ;
#2250 = DIRECTION ( 'NONE',  ( 0.0000000000000000000, 0.0000000000000000000, -1.000000000000000000 ) ) ;
#2251 = UNCERTAINTY_MEASURE_WITH_UNIT (LENGTH_MEASURE( 1.000000000000000082E-05 ), #1876, 'distance_accuracy_value', 'NONE');
#2252 = SURFACE_SIDE_STYLE ('',( #3691 ) ) ;
#2253 = ORIENTED_EDGE ( 'NONE', *, *, #1609, .F. ) ;
#2254 =( GEOMETRIC_REPRESENTATION_CONTEXT ( 3 ) GLOBAL_UNCERTAINTY_ASSIGNED_CONTEXT ( ( #162 ) ) GLOBAL_UNIT_ASSIGNED_CONTEXT ( ( #393, #694, #1518 ) ) REPRESENTATION_CONTEXT ( 'NONE', 'WORKASPACE' ) );
#2255 = EDGE_CURVE ( 'NONE', #1944, #3668, #4215, .T. ) ;
#2256 = SURFACE_STYLE_FILL_AREA ( #747 ) ;
#2257 = DIRECTION ( 'NONE',  ( -0.0000000000000000000, 0.0000000000000000000, 1.000000000000000000 ) ) ;
#2258 = FILL_AREA_STYLE ('',( #450 ) ) ;
#2259 = VERTEX_POINT ( 'NONE', #136 ) ;
#2260 = EDGE_CURVE ( 'NONE', #928, #2640, #1226, .T. ) ;
#2261 = EDGE_CURVE ( 'NONE', #1034, #3347, #2304, .T. ) ;
#2262 =( NAMED_UNIT ( * ) PLANE_ANGLE_UNIT ( ) SI_UNIT ( $, .RADIAN. ) );
#2263 = LINE ( 'NONE', #3829, #1935 ) ;
#2264 = SURFACE_STYLE_USAGE ( .BOTH. , #3908 ) ;
#2265 =( LENGTH_UNIT ( ) NAMED_UNIT ( * ) SI_UNIT ( .MILLI., .METRE. ) );
#2266 = ORIENTED_EDGE ( 'NONE', *, *, #473, .T. ) ;
#2267 = CARTESIAN_POINT ( 'NONE',  ( 0.0000000000000000000, 3.200000000000000178, 5.349999999999999645 ) ) ;
#2268 = CARTESIAN_POINT ( 'NONE',  ( 5.034999999999999254, -4.500000000000000000, 5.349999999999999645 ) ) ;
#2269 = VECTOR ( 'NONE', #4741, 1000.000000000000000 ) ;
#2270 = EDGE_CURVE ( 'NONE', #1763, #2361, #161, .T. ) ;
#2271 =( LENGTH_UNIT ( ) NAMED_UNIT ( * ) SI_UNIT ( .MILLI., .METRE. ) );
#2272 = PLANE ( 'NONE',  #2476 ) ;
#2273 = ORIENTED_EDGE ( 'NONE', *, *, #3236, .F. ) ;
#2274 = VECTOR ( 'NONE', #588, 1000.000000000000000 ) ;
#2275 = CARTESIAN_POINT ( 'NONE',  ( 14.10499999999999865, -3.999999999999999112, 5.349999999999999645 ) ) ;
#2276 = CARTESIAN_POINT ( 'NONE',  ( 2.033333333333333215, 14.78333333333332966, 5.158333333333333215 ) ) ;
#2277 = CARTESIAN_POINT ( 'NONE',  ( 10.14499999999999957, 3.199999999999999734, 10.34999999999999964 ) ) ;
#2278 = LINE ( 'NONE', #2930, #3776 ) ;
#2279 =( LENGTH_UNIT ( ) NAMED_UNIT ( * ) SI_UNIT ( .MILLI., .METRE. ) );
#2280 = CIRCLE ( 'NONE', #4453, 1.000000000000000000 ) ;
#2281 = DIRECTION ( 'NONE',  ( 0.0000000000000000000, -1.000000000000000000, 0.0000000000000000000 ) ) ;
#2282 = PLANE ( 'NONE',  #2408 ) ;
#2283 = ORIENTED_EDGE ( 'NONE', *, *, #1081, .T. ) ;
#2284 = ORIENTED_EDGE ( 'NONE', *, *, #1704, .T. ) ;
#2285 = EDGE_CURVE ( 'NONE', #47, #2651, #2737, .T. ) ;
#2286 = VECTOR ( 'NONE', #4491, 1000.000000000000000 ) ;
#2287 = SURFACE_STYLE_FILL_AREA ( #1823 ) ;
#2288 = PRESENTATION_STYLE_ASSIGNMENT (( #1900 ) ) ;
#2289 = CARTESIAN_POINT ( 'NONE',  ( 23.10000000000000142, 3.200000000000000178, 1.000000000000000000 ) ) ;
#2290 = STYLED_ITEM ( 'NONE', ( #604 ), #3139 ) ;
#2291 = PLANE ( 'NONE',  #1585 ) ;
#2292 = FACE_OUTER_BOUND ( 'NONE', #1623, .T. ) ;
#2293 = ADVANCED_FACE ( 'NONE', ( #2348 ), #896, .F. ) ;
#2294 = DIRECTION ( 'NONE',  ( 0.4082482904638630172, -0.8164965809277260345, 0.4082482904638630172 ) ) ;
#2295 = FACE_OUTER_BOUND ( 'NONE', #692, .T. ) ;
#2296 = ORIENTED_EDGE ( 'NONE', *, *, #4383, .T. ) ;
#2297 = CARTESIAN_POINT ( 'NONE',  ( 8.994999999999999218, -4.500000000000000000, 4.200000000000000178 ) ) ;
#2298 = EDGE_CURVE ( 'NONE', #340, #2779, #1720, .T. ) ;
#2299 = STYLED_ITEM ( 'NONE', ( #1726 ), #4596 ) ;
#2300 = LINE ( 'NONE', #3765, #3366 ) ;
#2301 = LINE ( 'NONE', #2367, #2046 ) ;
#2302 = FACE_OUTER_BOUND ( 'NONE', #4083, .T. ) ;
#2303 = SURFACE_STYLE_USAGE ( .BOTH. , #111 ) ;
#2304 = LINE ( 'NONE', #3772, #481 ) ;
#2305 = UNCERTAINTY_MEASURE_WITH_UNIT (LENGTH_MEASURE( 1.000000000000000082E-05 ), #220, 'distance_accuracy_value', 'NONE');
#2306 = CARTESIAN_POINT ( 'NONE',  ( 10.14499999999999957, -3.999999999999999112, 5.349999999999999645 ) ) ;
#2307 = EDGE_LOOP ( 'NONE', ( #3634, #806, #2500, #2928 ) ) ;
#2308 = ORIENTED_EDGE ( 'NONE', *, *, #2260, .F. ) ;
#2309 = ORIENTED_EDGE ( 'NONE', *, *, #2844, .F. ) ;
#2310 = AXIS2_PLACEMENT_3D ( 'NONE', #3868, #4630, #3561 ) ;
#2311 = DIRECTION ( 'NONE',  ( 0.0000000000000000000, 0.8274904740837610850, -0.5614797550229503331 ) ) ;
#2312 = PLANE ( 'NONE',  #1728 ) ;
#2313 = CARTESIAN_POINT ( 'NONE',  ( 20.87499999999999645, 0.0000000000000000000, 10.34999999999999964 ) ) ;
#2314 = AXIS2_PLACEMENT_3D ( 'NONE', #593, #2063, #3552 ) ;
#2315 = EDGE_CURVE ( 'NONE', #2331, #3264, #628, .T. ) ;
#2316 =( NAMED_UNIT ( * ) SI_UNIT ( $, .STERADIAN. ) SOLID_ANGLE_UNIT ( ) );
#2317 =( LENGTH_UNIT ( ) NAMED_UNIT ( * ) SI_UNIT ( .MILLI., .METRE. ) );
#2318 = EDGE_LOOP ( 'NONE', ( #2144, #2706, #2296, #675 ) ) ;
#2319 = VECTOR ( 'NONE', #483, 1000.000000000000000 ) ;
#2320 = SURFACE_STYLE_USAGE ( .BOTH. , #885 ) ;
#2321 = EDGE_CURVE ( 'NONE', #4648, #2414, #261, .T. ) ;
#2322 = LINE ( 'NONE', #1977, #383 ) ;
#2323 = DIRECTION ( 'NONE',  ( 1.000000000000000000, 0.0000000000000000000, 0.0000000000000000000 ) ) ;
#2324 = SURFACE_STYLE_FILL_AREA ( #1147 ) ;
#2325 = PRESENTATION_LAYER_ASSIGNMENT (  '', '', ( #2557 ) ) ;
#2326 = MECHANICAL_DESIGN_GEOMETRIC_PRESENTATION_REPRESENTATION (  '', ( #4338 ), #620 ) ;
#2327 = ORIENTED_EDGE ( 'NONE', *, *, #1833, .F. ) ;
#2328 = CIRCLE ( 'NONE', #232, 1.000000000000000000 ) ;
#2329 = DIRECTION ( 'NONE',  ( -0.0000000000000000000, 1.000000000000000000, -0.0000000000000000000 ) ) ;
#2330 = CARTESIAN_POINT ( 'NONE',  ( 9.157459848116451084, -4.500000000000000000, 4.362459848116452044 ) ) ;
#2331 = VERTEX_POINT ( 'NONE', #2446 ) ;
#2332 = MECHANICAL_DESIGN_GEOMETRIC_PRESENTATION_REPRESENTATION (  '', ( #3957 ), #2254 ) ;
#2333 = CARTESIAN_POINT ( 'NONE',  ( 6.184999999999999609, 3.199999999999999734, 10.34999999999999964 ) ) ;
#2334 = ORIENTED_EDGE ( 'NONE', *, *, #4772, .F. ) ;
#2335 = CARTESIAN_POINT ( 'NONE',  ( 0.0000000000000000000, 5.765916692873440219, 0.1151714090842906046 ) ) ;
#2336 = CARTESIAN_POINT ( 'NONE',  ( 1.267467576206160147E-15, 0.0000000000000000000, 10.34999999999999964 ) ) ;
#2337 = LINE ( 'NONE', #124, #4591 ) ;
#2338 =( NAMED_UNIT ( * ) PLANE_ANGLE_UNIT ( ) SI_UNIT ( $, .RADIAN. ) );
#2339 = ORIENTED_EDGE ( 'NONE', *, *, #2261, .F. ) ;
#2340 = FILL_AREA_STYLE_COLOUR ( '', #1141 ) ;
#2341 = VECTOR ( 'NONE', #2922, 1000.000000000000000 ) ;
#2342 = ADVANCED_FACE ( 'NONE', ( #976 ), #924, .F. ) ;
#2343 = COLOUR_RGB ( '',0.5019607843137254832, 0.5019607843137254832, 0.5019607843137254832 ) ;
#2344 = VERTEX_POINT ( 'NONE', #3590 ) ;
#2345 =( NAMED_UNIT ( * ) SI_UNIT ( $, .STERADIAN. ) SOLID_ANGLE_UNIT ( ) );
#2346 = ORIENTED_EDGE ( 'NONE', *, *, #3937, .F. ) ;
#2347 = ADVANCED_FACE ( 'NONE', ( #551 ), #2496, .F. ) ;
#2348 = FACE_OUTER_BOUND ( 'NONE', #3524, .T. ) ;
#2349 = DIRECTION ( 'NONE',  ( -0.0000000000000000000, 0.0000000000000000000, 1.000000000000000000 ) ) ;
#2350 = LINE ( 'NONE', #4107, #3343 ) ;
#2351 = VERTEX_POINT ( 'NONE', #3112 ) ;
#2352 = ORIENTED_EDGE ( 'NONE', *, *, #1290, .F. ) ;
#2353 = ADVANCED_FACE ( 'NONE', ( #4606 ), #1293, .F. ) ;
#2354 =( GEOMETRIC_REPRESENTATION_CONTEXT ( 3 ) GLOBAL_UNCERTAINTY_ASSIGNED_CONTEXT ( ( #1871 ) ) GLOBAL_UNIT_ASSIGNED_CONTEXT ( ( #2942, #4086, #3782 ) ) REPRESENTATION_CONTEXT ( 'NONE', 'WORKASPACE' ) );
#2355 = DIRECTION ( 'NONE',  ( 0.0000000000000000000, 0.0000000000000000000, -1.000000000000000000 ) ) ;
#2356 = VERTEX_POINT ( 'NONE', #3246 ) ;
#2357 = CARTESIAN_POINT ( 'NONE',  ( 20.87499999999999645, -4.500000000000000000, 4.200000000000000178 ) ) ;
#2358 = DIRECTION ( 'NONE',  ( 0.0000000000000000000, 0.0000000000000000000, -1.000000000000000000 ) ) ;
#2359 = VECTOR ( 'NONE', #4654, 1000.000000000000000 ) ;
#2360 = LINE ( 'NONE', #4545, #3094 ) ;
#2361 = VERTEX_POINT ( 'NONE', #1812 ) ;
#2362 = VECTOR ( 'NONE', #2870, 1000.000000000000000 ) ;
#2363 = COLOUR_RGB ( '',0.5019607843137254832, 0.5019607843137254832, 0.5019607843137254832 ) ;
#2364 = SURFACE_STYLE_USAGE ( .BOTH. , #518 ) ;
#2365 = ORIENTED_EDGE ( 'NONE', *, *, #2017, .F. ) ;
#2366 = FACE_OUTER_BOUND ( 'NONE', #1462, .T. ) ;
#2367 = CARTESIAN_POINT ( 'NONE',  ( 16.91499999999999915, 14.40000000000000391, 5.349999999999999645 ) ) ;
#2368 = CARTESIAN_POINT ( 'NONE',  ( 1.075000000000000178, 3.200000000000000178, 4.200000000000000178 ) ) ;
#2369 = DIRECTION ( 'NONE',  ( 0.0000000000000000000, -0.3090169943749439541, -0.9510565162951547524 ) ) ;
#2370 = DIRECTION ( 'NONE',  ( 0.4082482904638630172, 0.8164965809277260345, 0.4082482904638630172 ) ) ;
#2371 = MECHANICAL_DESIGN_GEOMETRIC_PRESENTATION_REPRESENTATION (  '', ( #2055 ), #1070 ) ;
#2372 = PRESENTATION_LAYER_ASSIGNMENT (  '', '', ( #4466 ) ) ;
#2373 = ADVANCED_FACE ( 'NONE', ( #3268 ), #3295, .T. ) ;
#2374 = VECTOR ( 'NONE', #762, 1000.000000000000000 ) ;
#2375 = DIRECTION ( 'NONE',  ( -0.0000000000000000000, 0.0000000000000000000, 1.000000000000000000 ) ) ;
#2376 = DIRECTION ( 'NONE',  ( 0.0000000000000000000, -0.4472135954999620910, -0.8944271909999138570 ) ) ;
#2377 = ORIENTED_EDGE ( 'NONE', *, *, #2736, .F. ) ;
#2378 = EDGE_LOOP ( 'NONE', ( #1583, #3907, #3382, #1555 ) ) ;
#2379 = ADVANCED_FACE ( 'NONE', ( #329 ), #4024, .F. ) ;
#2380 = DIRECTION ( 'NONE',  ( -0.0000000000000000000, 1.000000000000000000, -0.0000000000000000000 ) ) ;
#2381 = LINE ( 'NONE', #4222, #221 ) ;
#2382 = SURFACE_STYLE_FILL_AREA ( #932 ) ;
#2383 =( NAMED_UNIT ( * ) SI_UNIT ( $, .STERADIAN. ) SOLID_ANGLE_UNIT ( ) );
#2384 = ORIENTED_EDGE ( 'NONE', *, *, #3658, .T. ) ;
#2385 = PRESENTATION_LAYER_ASSIGNMENT (  '', '', ( #4481 ) ) ;
#2386 = CARTESIAN_POINT ( 'NONE',  ( 0.0000000000000000000, 3.199999999999999734, 2.000000000000000000 ) ) ;
#2387 = CARTESIAN_POINT ( 'NONE',  ( 17.06329859264025472, -4.456416137155164492, 4.348298592640254867 ) ) ;
#2388 = ORIENTED_EDGE ( 'NONE', *, *, #3850, .F. ) ;
#2389 = LINE ( 'NONE', #3883, #2529 ) ;
#2390 = PRESENTATION_LAYER_ASSIGNMENT (  '', '', ( #922 ) ) ;
#2391 = CARTESIAN_POINT ( 'NONE',  ( 13.25500000000000078, 15.00000000000000000, 5.049999999999998046 ) ) ;
#2392 = ORIENTED_EDGE ( 'NONE', *, *, #1089, .T. ) ;
#2393 = FACE_OUTER_BOUND ( 'NONE', #2378, .T. ) ;
#2394 = DIRECTION ( 'NONE',  ( -0.0000000000000000000, 1.000000000000000000, -0.0000000000000000000 ) ) ;
#2395 =( GEOMETRIC_REPRESENTATION_CONTEXT ( 3 ) GLOBAL_UNCERTAINTY_ASSIGNED_CONTEXT ( ( #3068 ) ) GLOBAL_UNIT_ASSIGNED_CONTEXT ( ( #319, #2963, #3359 ) ) REPRESENTATION_CONTEXT ( 'NONE', 'WORKASPACE' ) );
#2396 = FILL_AREA_STYLE ('',( #4239 ) ) ;
#2397 = UNCERTAINTY_MEASURE_WITH_UNIT (LENGTH_MEASURE( 1.000000000000000082E-05 ), #1923, 'distance_accuracy_value', 'NONE');
#2398 = DIRECTION ( 'NONE',  ( -0.0000000000000000000, 0.0000000000000000000, 1.000000000000000000 ) ) ;
#2399 = LINE ( 'NONE', #3518, #4651 ) ;
#2400 = LINE ( 'NONE', #2313, #1674 ) ;
#2401 = ORIENTED_EDGE ( 'NONE', *, *, #2933, .F. ) ;
#2402 = COLOUR_RGB ( '',0.5019607843137254832, 0.5019607843137254832, 0.5019607843137254832 ) ;
#2403 = EDGE_CURVE ( 'NONE', #4662, #3004, #4408, .T. ) ;
#2404 =( NAMED_UNIT ( * ) SI_UNIT ( $, .STERADIAN. ) SOLID_ANGLE_UNIT ( ) );
#2405 = LINE ( 'NONE', #1649, #4642 ) ;
#2406 = LINE ( 'NONE', #2335, #1210 ) ;
#2407 = VERTEX_POINT ( 'NONE', #701 ) ;
#2408 = AXIS2_PLACEMENT_3D ( 'NONE', #68, #1249, #828 ) ;
#2409 = DIRECTION ( 'NONE',  ( -0.0000000000000000000, 1.000000000000000000, -0.0000000000000000000 ) ) ;
#2410 = EDGE_CURVE ( 'NONE', #2640, #2102, #2567, .T. ) ;
#2411 = PRODUCT_DEFINITION_SHAPE ( 'NONE', 'NONE',  #1313 ) ;
#2412 =( NAMED_UNIT ( * ) PLANE_ANGLE_UNIT ( ) SI_UNIT ( $, .RADIAN. ) );
#2413 =( LENGTH_UNIT ( ) NAMED_UNIT ( * ) SI_UNIT ( .MILLI., .METRE. ) );
#2414 = VERTEX_POINT ( 'NONE', #3319 ) ;
#2415 = ADVANCED_FACE ( 'NONE', ( #1861 ), #768, .T. ) ;
#2416 = PLANE ( 'NONE',  #1942 ) ;
#2417 = ORIENTED_EDGE ( 'NONE', *, *, #3308, .T. ) ;
#2418 = FILL_AREA_STYLE ('',( #520 ) ) ;
#2419 = SURFACE_STYLE_FILL_AREA ( #180 ) ;
#2420 = PLANE ( 'NONE',  #3663 ) ;
#2421 = STYLED_ITEM ( 'NONE', ( #2783 ), #1790 ) ;
#2422 =( NAMED_UNIT ( * ) PLANE_ANGLE_UNIT ( ) SI_UNIT ( $, .RADIAN. ) );
#2423 = DIRECTION ( 'NONE',  ( 0.0000000000000000000, 0.0000000000000000000, -1.000000000000000000 ) ) ;
#2424 = ORIENTED_EDGE ( 'NONE', *, *, #4574, .T. ) ;
#2425 = VECTOR ( 'NONE', #4518, 1000.000000000000114 ) ;
#2426 = DIRECTION ( 'NONE',  ( -1.000000000000000000, 0.0000000000000000000, -0.0000000000000000000 ) ) ;
#2427 = DIRECTION ( 'NONE',  ( -1.000000000000000000, -0.0000000000000000000, -0.0000000000000000000 ) ) ;
#2428 = DIRECTION ( 'NONE',  ( 0.0000000000000000000, 5.900419986315671085E-17, -1.000000000000000000 ) ) ;
#2429 = EDGE_LOOP ( 'NONE', ( #4446, #19, #4173, #3589 ) ) ;
#2430 = CARTESIAN_POINT ( 'NONE',  ( 16.91499999999999915, 14.40000000000000391, 4.200000000000000178 ) ) ;
#2431 = PRESENTATION_LAYER_ASSIGNMENT (  '', '', ( #3760 ) ) ;
#2432 = CARTESIAN_POINT ( 'NONE',  ( 9.157459848116451084, -4.500000000000000000, 4.200000000000000178 ) ) ;
#2433 = VECTOR ( 'NONE', #3650, 1000.000000000000000 ) ;
#2434 = VERTEX_POINT ( 'NONE', #2687 ) ;
#2435 = UNCERTAINTY_MEASURE_WITH_UNIT (LENGTH_MEASURE( 1.000000000000000082E-05 ), #3201, 'distance_accuracy_value', 'NONE');
#2436 = EDGE_CURVE ( 'NONE', #2454, #3820, #1914, .T. ) ;
#2437 =( NAMED_UNIT ( * ) SI_UNIT ( $, .STERADIAN. ) SOLID_ANGLE_UNIT ( ) );
#2438 = VECTOR ( 'NONE', #1488, 1000.000000000000000 ) ;
#2439 = ORIENTED_EDGE ( 'NONE', *, *, #3147, .F. ) ;
#2440 = EDGE_CURVE ( 'NONE', #2234, #2726, #803, .T. ) ;
#2441 = DIRECTION ( 'NONE',  ( 0.0000000000000000000, -1.000000000000000000, 0.0000000000000000000 ) ) ;
#2442 = CARTESIAN_POINT ( 'NONE',  ( 16.91499999999999915, 0.0000000000000000000, 5.349999999999999645 ) ) ;
#2443 = FILL_AREA_STYLE_COLOUR ( '', #1843 ) ;
#2444 = COLOUR_RGB ( '',0.5019607843137254832, 0.5019607843137254832, 0.5019607843137254832 ) ;
#2445 = ORIENTED_EDGE ( 'NONE', *, *, #2767, .F. ) ;
#2446 = CARTESIAN_POINT ( 'NONE',  ( 1.074999999999999956, 0.0000000000000000000, 5.349999999999999645 ) ) ;
#2447 =( NAMED_UNIT ( * ) SI_UNIT ( $, .STERADIAN. ) SOLID_ANGLE_UNIT ( ) );
#2448 = ORIENTED_EDGE ( 'NONE', *, *, #3111, .T. ) ;
#2449 = PRESENTATION_LAYER_ASSIGNMENT (  '', '', ( #2299 ) ) ;
#2450 = LINE ( 'NONE', #1324, #3948 ) ;
#2451 = CARTESIAN_POINT ( 'NONE',  ( 23.10000000000000142, 3.199999999999999734, 2.000000000000000000 ) ) ;
#2452 = LINE ( 'NONE', #983, #3197 ) ;
#2453 = SURFACE_SIDE_STYLE ('',( #560 ) ) ;
#2454 = VERTEX_POINT ( 'NONE', #843 ) ;
#2455 = DIRECTION ( 'NONE',  ( 1.000000000000000000, 0.0000000000000000000, 0.0000000000000000000 ) ) ;
#2456 = CARTESIAN_POINT ( 'NONE',  ( 8.994999999999999218, -3.999999999999999112, 4.200000000000000178 ) ) ;
#2457 = CARTESIAN_POINT ( 'NONE',  ( 6.184999999999999609, -4.500000000000000000, 5.349999999999999645 ) ) ;
#2458 = DIRECTION ( 'NONE',  ( 0.2952418088443246602, 0.9086608545660269654, 0.2952418088443246602 ) ) ;
#2459 = ORIENTED_EDGE ( 'NONE', *, *, #391, .F. ) ;
#2460 = LINE ( 'NONE', #4694, #3616 ) ;
#2461 = ADVANCED_FACE ( 'NONE', ( #4189 ), #3441, .T. ) ;
#2462 = VERTEX_POINT ( 'NONE', #443 ) ;
#2463 = DIRECTION ( 'NONE',  ( 0.4082482904638630727, -0.8164965809277260345, -0.4082482904638630172 ) ) ;
#2464 = PRESENTATION_LAYER_ASSIGNMENT (  '', '', ( #4018 ) ) ;
#2465 = LINE ( 'NONE', #3934, #120 ) ;
#2466 = SURFACE_SIDE_STYLE ('',( #1001 ) ) ;
#2467 = EDGE_CURVE ( 'NONE', #1893, #3347, #4506, .T. ) ;
#2468 = PRESENTATION_LAYER_ASSIGNMENT (  '', '', ( #3406 ) ) ;
#2469 = EDGE_CURVE ( 'NONE', #1223, #1738, #2300, .T. ) ;
#2470 = EDGE_LOOP ( 'NONE', ( #3764, #648, #4219, #1265 ) ) ;
#2471 = CARTESIAN_POINT ( 'NONE',  ( 0.0000000000000000000, 3.199999999999999734, 2.000000000000000000 ) ) ;
#2472 = FILL_AREA_STYLE_COLOUR ( '', #2950 ) ;
#2473 = VECTOR ( 'NONE', #1252, 1000.000000000000000 ) ;
#2474 = VERTEX_POINT ( 'NONE', #422 ) ;
#2475 = EDGE_CURVE ( 'NONE', #247, #1711, #4579, .T. ) ;
#2476 = AXIS2_PLACEMENT_3D ( 'NONE', #127, #4571, #4160 ) ;
#2477 = DIRECTION ( 'NONE',  ( 0.0000000000000000000, -0.8274904740837608630, 0.5614797550229505552 ) ) ;
#2478 =( LENGTH_UNIT ( ) NAMED_UNIT ( * ) SI_UNIT ( .MILLI., .METRE. ) );
#2479 = DIRECTION ( 'NONE',  ( 0.2952418088443231059, 0.9086608545660279646, 0.2952418088443231059 ) ) ;
#2480 = CARTESIAN_POINT ( 'NONE',  ( 22.02499999999999503, -4.500000000000000000, 5.349999999999999645 ) ) ;
#2481 = VERTEX_POINT ( 'NONE', #2710 ) ;
#2482 = FACE_OUTER_BOUND ( 'NONE', #2772, .T. ) ;
#2483 = VECTOR ( 'NONE', #3975, 1000.000000000000000 ) ;
#2484 = CARTESIAN_POINT ( 'NONE',  ( 1.075000000000000178, 14.39999999999999680, 4.200000000000000178 ) ) ;
#2485 = VECTOR ( 'NONE', #1188, 1000.000000000000114 ) ;
#2486 = DIRECTION ( 'NONE',  ( 0.0000000000000000000, 0.0000000000000000000, 1.000000000000000000 ) ) ;
#2487 = SURFACE_STYLE_USAGE ( .BOTH. , #3974 ) ;
#2488 = ORIENTED_EDGE ( 'NONE', *, *, #4755, .T. ) ;
#2489 =( GEOMETRIC_REPRESENTATION_CONTEXT ( 3 ) GLOBAL_UNCERTAINTY_ASSIGNED_CONTEXT ( ( #3913 ) ) GLOBAL_UNIT_ASSIGNED_CONTEXT ( ( #3666, #4388, #2905 ) ) REPRESENTATION_CONTEXT ( 'NONE', 'WORKASPACE' ) );
#2490 = VECTOR ( 'NONE', #1633, 1000.000000000000000 ) ;
#2491 = ORIENTED_EDGE ( 'NONE', *, *, #3099, .F. ) ;
#2492 = FILL_AREA_STYLE ('',( #4701 ) ) ;
#2493 = ADVANCED_FACE ( 'NONE', ( #2643 ), #3816, .F. ) ;
#2494 = DIRECTION ( 'NONE',  ( -1.000000000000000000, 0.0000000000000000000, 0.0000000000000000000 ) ) ;
#2495 = ORIENTED_EDGE ( 'NONE', *, *, #2724, .F. ) ;
#2496 = PLANE ( 'NONE',  #2888 ) ;
#2497 = UNCERTAINTY_MEASURE_WITH_UNIT (LENGTH_MEASURE( 1.000000000000000082E-05 ), #3866, 'distance_accuracy_value', 'NONE');
#2498 = LINE ( 'NONE', #629, #4221 ) ;
#2499 = EDGE_CURVE ( 'NONE', #794, #4798, #4207, .T. ) ;
#2500 = ORIENTED_EDGE ( 'NONE', *, *, #746, .F. ) ;
#2501 = VECTOR ( 'NONE', #1595, 1000.000000000000000 ) ;
#2502 = LINE ( 'NONE', #3276, #3799 ) ;
#2503 = SURFACE_STYLE_USAGE ( .BOTH. , #4367 ) ;
#2504 = ORIENTED_EDGE ( 'NONE', *, *, #1638, .F. ) ;
#2505 = CARTESIAN_POINT ( 'NONE',  ( 18.06499999999999773, -3.999999999999985345, 4.200000000000000178 ) ) ;
#2506 = MECHANICAL_DESIGN_GEOMETRIC_PRESENTATION_REPRESENTATION (  '', ( #1572 ), #4285 ) ;
#2507 = LINE ( 'NONE', #613, #3238 ) ;
#2508 = DIRECTION ( 'NONE',  ( -1.000000000000000000, 0.0000000000000000000, 0.0000000000000000000 ) ) ;
#2509 = SURFACE_STYLE_USAGE ( .BOTH. , #3333 ) ;
#2510 = ORIENTED_EDGE ( 'NONE', *, *, #638, .T. ) ;
#2511 = AXIS2_PLACEMENT_3D ( 'NONE', #1545, #3841, #1192 ) ;
#2512 = FACE_OUTER_BOUND ( 'NONE', #2059, .T. ) ;
#2513 = VECTOR ( 'NONE', #1304, 1000.000000000000000 ) ;
#2514 = FACE_OUTER_BOUND ( 'NONE', #2713, .T. ) ;
#2515 = ORIENTED_EDGE ( 'NONE', *, *, #2883, .F. ) ;
#2516 = SURFACE_STYLE_USAGE ( .BOTH. , #4457 ) ;
#2517 = DIRECTION ( 'NONE',  ( -0.0000000000000000000, 1.000000000000000000, -0.0000000000000000000 ) ) ;
#2518 = MECHANICAL_DESIGN_GEOMETRIC_PRESENTATION_REPRESENTATION (  '', ( #727 ), #3446 ) ;
#2519 =( GEOMETRIC_REPRESENTATION_CONTEXT ( 3 ) GLOBAL_UNCERTAINTY_ASSIGNED_CONTEXT ( ( #1915 ) ) GLOBAL_UNIT_ASSIGNED_CONTEXT ( ( #309, #4751, #330 ) ) REPRESENTATION_CONTEXT ( 'NONE', 'WORKASPACE' ) );
#2520 = ORIENTED_EDGE ( 'NONE', *, *, #2969, .T. ) ;
#2521 = CARTESIAN_POINT ( 'NONE',  ( 1.074999999999999956, -4.500000000000000000, 5.349999999999999645 ) ) ;
#2522 =( NAMED_UNIT ( * ) SI_UNIT ( $, .STERADIAN. ) SOLID_ANGLE_UNIT ( ) );
#2523 = ORIENTED_EDGE ( 'NONE', *, *, #4543, .F. ) ;
#2524 = STYLED_ITEM ( 'NONE', ( #1866 ), #4130 ) ;
#2525 = EDGE_CURVE ( 'NONE', #3601, #4648, #494, .T. ) ;
#2526 = CARTESIAN_POINT ( 'NONE',  ( 17.10666666666666913, 14.78333333333333677, 4.391666666666669272 ) ) ;
#2527 = FILL_AREA_STYLE ('',( #1460 ) ) ;
#2528 =( GEOMETRIC_REPRESENTATION_CONTEXT ( 3 ) GLOBAL_UNCERTAINTY_ASSIGNED_CONTEXT ( ( #2105 ) ) GLOBAL_UNIT_ASSIGNED_CONTEXT ( ( #3411, #4815, #54 ) ) REPRESENTATION_CONTEXT ( 'NONE', 'WORKASPACE' ) );
#2529 = VECTOR ( 'NONE', #4646, 1000.000000000000227 ) ;
#2530 = CARTESIAN_POINT ( 'NONE',  ( 5.034999999999999254, -4.500000000000000000, 4.200000000000000178 ) ) ;
#2531 = ORIENTED_EDGE ( 'NONE', *, *, #3073, .T. ) ;
#2532 = EDGE_CURVE ( 'NONE', #4783, #1944, #1172, .T. ) ;
#2533 = CARTESIAN_POINT ( 'NONE',  ( 1.074999999999999956, -4.500000000000000000, 5.349999999999999645 ) ) ;
#2534 = CARTESIAN_POINT ( 'NONE',  ( 5.034999999999999254, 14.40000000000000391, 4.200000000000000178 ) ) ;
#2535 = SURFACE_SIDE_STYLE ('',( #4372 ) ) ;
#2536 =( NAMED_UNIT ( * ) SI_UNIT ( $, .STERADIAN. ) SOLID_ANGLE_UNIT ( ) );
#2537 = EDGE_LOOP ( 'NONE', ( #4430, #785, #2327, #1426 ) ) ;
#2538 = COLOUR_RGB ( '',0.5019607843137254832, 0.5019607843137254832, 0.5019607843137254832 ) ;
#2539 = DIRECTION ( 'NONE',  ( 0.0000000000000000000, -0.8944271909999158554, -0.4472135954999579277 ) ) ;
#2540 = CARTESIAN_POINT ( 'NONE',  ( 22.02499999999999503, 14.40000000000000391, 5.349999999999999645 ) ) ;
#2541 = ORIENTED_EDGE ( 'NONE', *, *, #4726, .T. ) ;
#2542 = LINE ( 'NONE', #674, #3793 ) ;
#2543 = VECTOR ( 'NONE', #687, 1000.000000000000000 ) ;
#2544 = ORIENTED_EDGE ( 'NONE', *, *, #2020, .T. ) ;
#2545 = DIRECTION ( 'NONE',  ( 0.0000000000000000000, 0.9510565162951540863, -0.3090169943749456194 ) ) ;
#2546 = UNCERTAINTY_MEASURE_WITH_UNIT (LENGTH_MEASURE( 1.000000000000000082E-05 ), #88, 'distance_accuracy_value', 'NONE');
#2547 = LINE ( 'NONE', #3620, #3492 ) ;
#2548 = ORIENTED_EDGE ( 'NONE', *, *, #1629, .F. ) ;
#2549 = CARTESIAN_POINT ( 'NONE',  ( 8.994999999999999218, -4.500000000000000000, 5.349999999999999645 ) ) ;
#2550 = STYLED_ITEM ( 'NONE', ( #2141 ), #546 ) ;
#2551 = PLANE ( 'NONE',  #3414 ) ;
#2552 = ORIENTED_EDGE ( 'NONE', *, *, #4664, .T. ) ;
#2553 = EDGE_CURVE ( 'NONE', #3535, #1250, #1049, .T. ) ;
#2554 = SURFACE_SIDE_STYLE ('',( #4111 ) ) ;
#2555 = FACE_OUTER_BOUND ( 'NONE', #172, .T. ) ;
#2556 = ORIENTED_EDGE ( 'NONE', *, *, #1969, .F. ) ;
#2557 = STYLED_ITEM ( 'NONE', ( #362 ), #1051 ) ;
#2558 = CARTESIAN_POINT ( 'NONE',  ( 5.034999999999999254, -4.500000000000000000, 5.187540151883547779 ) ) ;
#2559 = CARTESIAN_POINT ( 'NONE',  ( 1.075000000000000178, 14.39999999999999680, 4.200000000000000178 ) ) ;
#2560 = ADVANCED_FACE ( 'NONE', ( #2366 ), #2664, .T. ) ;
#2561 = MECHANICAL_DESIGN_GEOMETRIC_PRESENTATION_REPRESENTATION (  '', ( #1021 ), #1095 ) ;
#2562 = EDGE_LOOP ( 'NONE', ( #2588, #1803, #1779, #1074 ) ) ;
#2563 = PRESENTATION_LAYER_ASSIGNMENT (  '', '', ( #4261 ) ) ;
#2564 = EDGE_CURVE ( 'NONE', #3101, #2640, #2996, .T. ) ;
#2565 = SURFACE_SIDE_STYLE ('',( #2131 ) ) ;
#2566 = ORIENTED_EDGE ( 'NONE', *, *, #406, .F. ) ;
#2567 = LINE ( 'NONE', #2617, #3113 ) ;
#2568 = DIRECTION ( 'NONE',  ( -1.885568995626964040E-16, -5.900419986315671085E-17, 1.000000000000000000 ) ) ;
#2569 = PRESENTATION_STYLE_ASSIGNMENT (( #2857 ) ) ;
#2570 = FILL_AREA_STYLE_COLOUR ( '', #817 ) ;
#2571 = EDGE_LOOP ( 'NONE', ( #2213, #2741, #2439, #2566 ) ) ;
#2572 = CARTESIAN_POINT ( 'NONE',  ( 17.07745984811645457, -4.500000000000000000, 4.362459848116455596 ) ) ;
#2573 = CARTESIAN_POINT ( 'NONE',  ( 13.11745984811645194, -4.500000000000000000, 4.362459848116452044 ) ) ;
#2574 = CARTESIAN_POINT ( 'NONE',  ( 5.034999999999999254, -4.500000000000000000, 5.349999999999999645 ) ) ;
#2575 = ORIENTED_EDGE ( 'NONE', *, *, #4720, .F. ) ;
#2576 = EDGE_LOOP ( 'NONE', ( #4527, #1335, #3413, #4639 ) ) ;
#2577 = STYLED_ITEM ( 'NONE', ( #63 ), #1758 ) ;
#2578 =( GEOMETRIC_REPRESENTATION_CONTEXT ( 3 ) GLOBAL_UNCERTAINTY_ASSIGNED_CONTEXT ( ( #2305 ) ) GLOBAL_UNIT_ASSIGNED_CONTEXT ( ( #220, #271, #4252 ) ) REPRESENTATION_CONTEXT ( 'NONE', 'WORKASPACE' ) );
#2579 =( LENGTH_UNIT ( ) NAMED_UNIT ( * ) SI_UNIT ( .MILLI., .METRE. ) );
#2580 = DIRECTION ( 'NONE',  ( 0.0000000000000000000, 0.0000000000000000000, -1.000000000000000000 ) ) ;
#2581 = ORIENTED_EDGE ( 'NONE', *, *, #3842, .F. ) ;
#2582 = DIRECTION ( 'NONE',  ( -0.0000000000000000000, -1.000000000000000000, -0.0000000000000000000 ) ) ;
#2583 =( NAMED_UNIT ( * ) PLANE_ANGLE_UNIT ( ) SI_UNIT ( $, .RADIAN. ) );
#2584 = EDGE_CURVE ( 'NONE', #360, #4027, #917, .T. ) ;
#2585 = DIRECTION ( 'NONE',  ( -0.9510565162951541973, -0.3090169943749456749, 0.0000000000000000000 ) ) ;
#2586 = VECTOR ( 'NONE', #2463, 1000.000000000000114 ) ;
#2587 = DIRECTION ( 'NONE',  ( 0.0000000000000000000, 5.900419986315671085E-17, -1.000000000000000000 ) ) ;
#2588 = ORIENTED_EDGE ( 'NONE', *, *, #3730, .T. ) ;
#2589 =( NAMED_UNIT ( * ) SI_UNIT ( $, .STERADIAN. ) SOLID_ANGLE_UNIT ( ) );
#2590 = VECTOR ( 'NONE', #4564, 1000.000000000000227 ) ;
#2591 = CARTESIAN_POINT ( 'NONE',  ( 5.034999999999999254, 15.00000000000000000, 4.200000000000000178 ) ) ;
#2592 = VECTOR ( 'NONE', #2479, 1000.000000000000114 ) ;
#2593 = UNCERTAINTY_MEASURE_WITH_UNIT (LENGTH_MEASURE( 1.000000000000000082E-05 ), #2024, 'distance_accuracy_value', 'NONE');
#2594 = LINE ( 'NONE', #4097, #1662 ) ;
#2595 = PLANE ( 'NONE',  #1499 ) ;
#2596 = ORIENTED_EDGE ( 'NONE', *, *, #149, .T. ) ;
#2597 = MECHANICAL_DESIGN_GEOMETRIC_PRESENTATION_REPRESENTATION (  '', ( #30 ), #1901 ) ;
#2598 = LINE ( 'NONE', #2235, #3089 ) ;
#2599 = UNCERTAINTY_MEASURE_WITH_UNIT (LENGTH_MEASURE( 1.000000000000000082E-05 ), #1420, 'distance_accuracy_value', 'NONE');
#2600 = CARTESIAN_POINT ( 'NONE',  ( 23.10000000000000142, 8.968260511991896777, 1.671240060910022862 ) ) ;
#2601 =( NAMED_UNIT ( * ) SI_UNIT ( $, .STERADIAN. ) SOLID_ANGLE_UNIT ( ) );
#2602 = EDGE_LOOP ( 'NONE', ( #958, #3977, #4693, #4062 ) ) ;
#2603 = COLOUR_RGB ( '',0.5019607843137254832, 0.5019607843137254832, 0.5019607843137254832 ) ;
#2604 = DIRECTION ( 'NONE',  ( 0.0000000000000000000, -0.4472135954999579832, 0.8944271909999159664 ) ) ;
#2605 =( NAMED_UNIT ( * ) SI_UNIT ( $, .STERADIAN. ) SOLID_ANGLE_UNIT ( ) );
#2606 = ORIENTED_EDGE ( 'NONE', *, *, #4245, .F. ) ;
#2607 = CARTESIAN_POINT ( 'NONE',  ( 16.91499999999999915, 3.200000000000000178, 5.349999999999999645 ) ) ;
#2608 = FILL_AREA_STYLE ('',( #2945 ) ) ;
#2609 = MECHANICAL_DESIGN_GEOMETRIC_PRESENTATION_REPRESENTATION (  '', ( #995 ), #508 ) ;
#2610 = PRESENTATION_LAYER_ASSIGNMENT (  '', '', ( #3699 ) ) ;
#2611 = PLANE ( 'NONE',  #981 ) ;
#2612 = AXIS2_PLACEMENT_3D ( 'NONE', #1563, #2637, #1906 ) ;
#2613 = FILL_AREA_STYLE ('',( #4455 ) ) ;
#2614 = ORIENTED_EDGE ( 'NONE', *, *, #1035, .F. ) ;
#2615 = CARTESIAN_POINT ( 'NONE',  ( 0.0000000000000000000, 12.30000000000000071, 0.8274904740837607520 ) ) ;
#2616 = ADVANCED_FACE ( 'NONE', ( #2393 ), #971, .F. ) ;
#2617 = CARTESIAN_POINT ( 'NONE',  ( 1.074999999999999956, 14.39999999999999680, 5.349999999999999645 ) ) ;
#2618 = PLANE ( 'NONE',  #1417 ) ;
#2619 = CARTESIAN_POINT ( 'NONE',  ( 0.0000000000000000000, 5.300000000000003375, 1.000000000000000000 ) ) ;
#2620 = ORIENTED_EDGE ( 'NONE', *, *, #2103, .T. ) ;
#2621 = EDGE_CURVE ( 'NONE', #887, #4474, #2070, .T. ) ;
#2622 = ADVANCED_FACE ( 'NONE', ( #258 ), #598, .F. ) ;
#2623 = AXIS2_PLACEMENT_3D ( 'NONE', #2432, #3577, #1352 ) ;
#2624 = LINE ( 'NONE', #2526, #401 ) ;
#2625 = CARTESIAN_POINT ( 'NONE',  ( 0.0000000000000000000, 3.200000000000000178, 5.349999999999999645 ) ) ;
#2626 = DIRECTION ( 'NONE',  ( -1.000000000000000000, 0.0000000000000000000, 0.0000000000000000000 ) ) ;
#2627 = VECTOR ( 'NONE', #2458, 1000.000000000000000 ) ;
#2628 = VERTEX_POINT ( 'NONE', #230 ) ;
#2629 = PRESENTATION_STYLE_ASSIGNMENT (( #2915 ) ) ;
#2630 =( GEOMETRIC_REPRESENTATION_CONTEXT ( 3 ) GLOBAL_UNCERTAINTY_ASSIGNED_CONTEXT ( ( #502 ) ) GLOBAL_UNIT_ASSIGNED_CONTEXT ( ( #17, #4471, #46 ) ) REPRESENTATION_CONTEXT ( 'NONE', 'WORKASPACE' ) );
#2631 =( NAMED_UNIT ( * ) SI_UNIT ( $, .STERADIAN. ) SOLID_ANGLE_UNIT ( ) );
#2632 = FACE_OUTER_BOUND ( 'NONE', #2602, .T. ) ;
#2633 = DIRECTION ( 'NONE',  ( 0.0000000000000000000, 0.0000000000000000000, 1.000000000000000000 ) ) ;
#2634 = PRESENTATION_STYLE_ASSIGNMENT (( #3097 ) ) ;
#2635 = ORIENTED_EDGE ( 'NONE', *, *, #901, .F. ) ;
#2636 = FILL_AREA_STYLE_COLOUR ( '', #2343 ) ;
#2637 = DIRECTION ( 'NONE',  ( 0.0000000000000000000, -0.4472135954999620910, -0.8944271909999138570 ) ) ;
#2638 = MECHANICAL_DESIGN_GEOMETRIC_PRESENTATION_REPRESENTATION (  '', ( #1788 ), #372 ) ;
#2639 = FACE_OUTER_BOUND ( 'NONE', #2571, .T. ) ;
#2640 = VERTEX_POINT ( 'NONE', #1085 ) ;
#2641 = VECTOR ( 'NONE', #4250, 1000.000000000000227 ) ;
#2642 = EDGE_CURVE ( 'NONE', #2163, #3950, #3559, .T. ) ;
#2643 = FACE_OUTER_BOUND ( 'NONE', #1251, .T. ) ;
#2644 = VECTOR ( 'NONE', #282, 1000.000000000000000 ) ;
#2645 = UNCERTAINTY_MEASURE_WITH_UNIT (LENGTH_MEASURE( 1.000000000000000082E-05 ), #62, 'distance_accuracy_value', 'NONE');
#2646 = CARTESIAN_POINT ( 'NONE',  ( 2.046611197352910446E-16, 8.968260511991896777, 1.671240060910022862 ) ) ;
#2647 = EDGE_CURVE ( 'NONE', #1183, #1171, #3211, .T. ) ;
#2648 = SURFACE_SIDE_STYLE ('',( #3403 ) ) ;
#2649 = CARTESIAN_POINT ( 'NONE',  ( 5.034999999999999254, 3.200000000000000178, 5.349999999999999645 ) ) ;
#2650 = SURFACE_SIDE_STYLE ('',( #3750 ) ) ;
#2651 = VERTEX_POINT ( 'NONE', #1716 ) ;
#2652 = EDGE_LOOP ( 'NONE', ( #3397, #3885, #1356, #4323 ) ) ;
#2653 = EDGE_CURVE ( 'NONE', #4671, #2240, #1445, .T. ) ;
#2654 = FILL_AREA_STYLE_COLOUR ( '', #825 ) ;
#2655 = CARTESIAN_POINT ( 'NONE',  ( 0.0000000000000000000, 8.968260511991896777, 0.6712400609100229731 ) ) ;
#2656 = LINE ( 'NONE', #1233, #74 ) ;
#2657 = PRESENTATION_STYLE_ASSIGNMENT (( #2745 ) ) ;
#2658 = CARTESIAN_POINT ( 'NONE',  ( 5.034999999999999254, 0.0000000000000000000, 5.349999999999999645 ) ) ;
#2659 = LINE ( 'NONE', #4115, #3304 ) ;
#2660 = FILL_AREA_STYLE_COLOUR ( '', #462 ) ;
#2661 = ORIENTED_EDGE ( 'NONE', *, *, #3415, .T. ) ;
#2662 = PRESENTATION_LAYER_ASSIGNMENT (  '', '', ( #3671 ) ) ;
#2663 = DIRECTION ( 'NONE',  ( 1.000000000000000000, 0.0000000000000000000, 0.0000000000000000000 ) ) ;
#2664 = PLANE ( 'NONE',  #4520 ) ;
#2665 = FACE_OUTER_BOUND ( 'NONE', #4197, .T. ) ;
#2666 = CARTESIAN_POINT ( 'NONE',  ( 1.375000000000001554, 15.00000000000000000, 5.049999999999998046 ) ) ;
#2667 = ORIENTED_EDGE ( 'NONE', *, *, #2791, .T. ) ;
#2668 = DIRECTION ( 'NONE',  ( 0.0000000000000000000, -0.0000000000000000000, -1.000000000000000000 ) ) ;
#2669 = SURFACE_SIDE_STYLE ('',( #1960 ) ) ;
#2670 = ORIENTED_EDGE ( 'NONE', *, *, #4806, .F. ) ;
#2671 = ORIENTED_EDGE ( 'NONE', *, *, #1875, .T. ) ;
#2672 = VECTOR ( 'NONE', #3824, 1000.000000000000000 ) ;
#2673 = ADVANCED_FACE ( 'NONE', ( #1687 ), #3183, .F. ) ;
#2674 = ADVANCED_BREP_SHAPE_REPRESENTATION ( '633477C8-8B27-4449-BC71-5F30399CCA24', ( #2101, #3402 ), #1772 ) ;
#2675 = DIRECTION ( 'NONE',  ( 0.9510565162951541973, -0.3090169943749456749, 0.0000000000000000000 ) ) ;
#2676 = CARTESIAN_POINT ( 'NONE',  ( 5.197459848116452008, -4.500000000000000000, 4.362459848116452044 ) ) ;
#2677 = PRESENTATION_LAYER_ASSIGNMENT (  '', '', ( #4297 ) ) ;
#2678 = LINE ( 'NONE', #1607, #3965 ) ;
#2679 = CARTESIAN_POINT ( 'NONE',  ( 2.225000000000000089, -4.500000000000000000, 5.349999999999999645 ) ) ;
#2680 = EDGE_CURVE ( 'NONE', #3499, #3894, #4672, .T. ) ;
#2681 = AXIS2_PLACEMENT_3D ( 'NONE', #2180, #2248, #3640 ) ;
#2682 = DIRECTION ( 'NONE',  ( 0.2952418088443231059, -0.9086608545660279646, 0.2952418088443231059 ) ) ;
#2683 = ORIENTED_EDGE ( 'NONE', *, *, #1883, .F. ) ;
#2684 = STYLED_ITEM ( 'NONE', ( #392 ), #4213 ) ;
#2685 = AXIS2_PLACEMENT_3D ( 'NONE', #4610, #3473, #533 ) ;
#2686 = FACE_OUTER_BOUND ( 'NONE', #83, .T. ) ;
#2687 = CARTESIAN_POINT ( 'NONE',  ( 23.10000000000000142, 0.0000000000000000000, 0.0000000000000000000 ) ) ;
#2688 = CARTESIAN_POINT ( 'NONE',  ( 1.267467576206160147E-15, 0.0000000000000000000, 4.200000000000000178 ) ) ;
#2689 = ORIENTED_EDGE ( 'NONE', *, *, #2201, .F. ) ;
#2690 = UNCERTAINTY_MEASURE_WITH_UNIT (LENGTH_MEASURE( 1.000000000000000082E-05 ), #3055, 'distance_accuracy_value', 'NONE');
#2691 = FILL_AREA_STYLE_COLOUR ( '', #344 ) ;
#2692 = LINE ( 'NONE', #4530, #3575 ) ;
#2693 = ORIENTED_EDGE ( 'NONE', *, *, #2584, .F. ) ;
#2694 = CARTESIAN_POINT ( 'NONE',  ( 20.87499999999999645, 0.0000000000000000000, 5.349999999999999645 ) ) ;
#2695 = LINE ( 'NONE', #2333, #2319 ) ;
#2696 = ORIENTED_EDGE ( 'NONE', *, *, #3391, .F. ) ;
#2697 = VECTOR ( 'NONE', #2494, 1000.000000000000000 ) ;
#2698 =( LENGTH_UNIT ( ) NAMED_UNIT ( * ) SI_UNIT ( .MILLI., .METRE. ) );
#2699 = DIRECTION ( 'NONE',  ( 0.0000000000000000000, 0.9510565162951546414, -0.3090169943749438985 ) ) ;
#2700 = ADVANCED_FACE ( 'NONE', ( #3163 ), #4259, .F. ) ;
#2701 = SURFACE_STYLE_USAGE ( .BOTH. , #1537 ) ;
#2702 = DIRECTION ( 'NONE',  ( 0.0000000000000000000, -1.000000000000000000, 0.0000000000000000000 ) ) ;
#2703 = MECHANICAL_DESIGN_GEOMETRIC_PRESENTATION_REPRESENTATION (  '', ( #2076 ), #3720 ) ;
#2704 = CARTESIAN_POINT ( 'NONE',  ( 8.994999999999999218, -3.999999999999999112, 5.349999999999999645 ) ) ;
#2705 = CARTESIAN_POINT ( 'NONE',  ( 2.062540151883548223, -4.500000000000000000, 5.187540151883547779 ) ) ;
#2706 = ORIENTED_EDGE ( 'NONE', *, *, #2139, .T. ) ;
#2707 = ADVANCED_FACE ( 'NONE', ( #807 ), #2291, .T. ) ;
#2708 = DIRECTION ( 'NONE',  ( 0.0000000000000000000, 0.0000000000000000000, 1.000000000000000000 ) ) ;
#2709 = ORIENTED_EDGE ( 'NONE', *, *, #3539, .T. ) ;
#2710 = CARTESIAN_POINT ( 'NONE',  ( 22.02499999999999503, -3.999999999999985345, 5.349999999999999645 ) ) ;
#2711 = VECTOR ( 'NONE', #200, 1000.000000000000000 ) ;
#2712 = DIRECTION ( 'NONE',  ( 0.0000000000000000000, 0.9510565162951546414, -0.3090169943749438985 ) ) ;
#2713 = EDGE_LOOP ( 'NONE', ( #3107, #260, #3162, #3643 ) ) ;
#2714 = VECTOR ( 'NONE', #2428, 1000.000000000000000 ) ;
#2715 = CARTESIAN_POINT ( 'NONE',  ( 8.994999999999999218, 15.00000000000000000, 4.200000000000000178 ) ) ;
#2716 = CARTESIAN_POINT ( 'NONE',  ( 9.157459848116451084, -4.500000000000000000, 4.200000000000000178 ) ) ;
#2717 = ORIENTED_EDGE ( 'NONE', *, *, #4309, .T. ) ;
#2718 = VERTEX_POINT ( 'NONE', #3409 ) ;
#2719 = DIRECTION ( 'NONE',  ( 1.000000000000000000, 0.0000000000000000000, 0.0000000000000000000 ) ) ;
#2720 = ORIENTED_EDGE ( 'NONE', *, *, #2736, .T. ) ;
#2721 = LINE ( 'NONE', #1626, #106 ) ;
#2722 = FILL_AREA_STYLE_COLOUR ( '', #2402 ) ;
#2723 = CARTESIAN_POINT ( 'NONE',  ( 0.0000000000000000000, 11.73852024497704960, 9.629649721936179265E-32 ) ) ;
#2724 = EDGE_CURVE ( 'NONE', #2628, #867, #1160, .T. ) ;
#2725 = SURFACE_STYLE_USAGE ( .BOTH. , #1909 ) ;
#2726 = VERTEX_POINT ( 'NONE', #345 ) ;
#2727 = UNCERTAINTY_MEASURE_WITH_UNIT (LENGTH_MEASURE( 1.000000000000000082E-05 ), #2194, 'distance_accuracy_value', 'NONE');
#2728 =( NAMED_UNIT ( * ) PLANE_ANGLE_UNIT ( ) SI_UNIT ( $, .RADIAN. ) );
#2729 = EDGE_CURVE ( 'NONE', #4621, #4412, #410, .T. ) ;
#2730 = VECTOR ( 'NONE', #3991, 1000.000000000000227 ) ;
#2731 =( NAMED_UNIT ( * ) PLANE_ANGLE_UNIT ( ) SI_UNIT ( $, .RADIAN. ) );
#2732 = ORIENTED_EDGE ( 'NONE', *, *, #3641, .T. ) ;
#2733 = PLANE ( 'NONE',  #3213 ) ;
#2734 = SURFACE_SIDE_STYLE ('',( #4260 ) ) ;
#2735 = AXIS2_PLACEMENT_3D ( 'NONE', #1318, #4315, #2104 ) ;
#2736 = EDGE_CURVE ( 'NONE', #14, #3024, #2280, .T. ) ;
#2737 = LINE ( 'NONE', #1247, #1733 ) ;
#2738 = AXIS2_PLACEMENT_3D ( 'NONE', #2758, #944, #206 ) ;
#2739 = UNCERTAINTY_MEASURE_WITH_UNIT (LENGTH_MEASURE( 1.000000000000000082E-05 ), #3457, 'distance_accuracy_value', 'NONE');
#2740 = ORIENTED_EDGE ( 'NONE', *, *, #125, .T. ) ;
#2741 = ORIENTED_EDGE ( 'NONE', *, *, #1081, .F. ) ;
#2742 = FACE_OUTER_BOUND ( 'NONE', #2576, .T. ) ;
#2743 = LINE ( 'NONE', #3149, #4406 ) ;
#2744 = DIRECTION ( 'NONE',  ( -1.000000000000000000, 0.0000000000000000000, -0.0000000000000000000 ) ) ;
#2745 = SURFACE_STYLE_USAGE ( .BOTH. , #435 ) ;
#2746 = STYLED_ITEM ( 'NONE', ( #1644 ), #3104 ) ;
#2747 = COLOUR_RGB ( '',1.000000000000000000, 1.000000000000000000, 1.000000000000000000 ) ;
#2748 = CARTESIAN_POINT ( 'NONE',  ( 1.075000000000000178, 15.00000000000000000, 5.049999999999998046 ) ) ;
#2749 = FILL_AREA_STYLE ('',( #937 ) ) ;
#2750 = PLANE ( 'NONE',  #1477 ) ;
#2751 = ORIENTED_EDGE ( 'NONE', *, *, #2968, .T. ) ;
#2752 = CARTESIAN_POINT ( 'NONE',  ( 5.034999999999999254, -4.500000000000000000, 4.200000000000000178 ) ) ;
#2753 = VECTOR ( 'NONE', #3322, 1000.000000000000000 ) ;
#2754 =( GEOMETRIC_REPRESENTATION_CONTEXT ( 3 ) GLOBAL_UNCERTAINTY_ASSIGNED_CONTEXT ( ( #2973 ) ) GLOBAL_UNIT_ASSIGNED_CONTEXT ( ( #2130, #2805, #259 ) ) REPRESENTATION_CONTEXT ( 'NONE', 'WORKASPACE' ) );
#2755 =( GEOMETRIC_REPRESENTATION_CONTEXT ( 3 ) GLOBAL_UNCERTAINTY_ASSIGNED_CONTEXT ( ( #2834 ) ) GLOBAL_UNIT_ASSIGNED_CONTEXT ( ( #4349, #252, #2798 ) ) REPRESENTATION_CONTEXT ( 'NONE', 'WORKASPACE' ) );
#2756 =( GEOMETRIC_REPRESENTATION_CONTEXT ( 3 ) GLOBAL_UNCERTAINTY_ASSIGNED_CONTEXT ( ( #1146 ) ) GLOBAL_UNIT_ASSIGNED_CONTEXT ( ( #1216, #2728, #105 ) ) REPRESENTATION_CONTEXT ( 'NONE', 'WORKASPACE' ) );
#2757 = ORIENTED_EDGE ( 'NONE', *, *, #1638, .T. ) ;
#2758 = CARTESIAN_POINT ( 'NONE',  ( 14.10499999999999865, 14.39999999999999680, 5.349999999999999645 ) ) ;
#2759 = CARTESIAN_POINT ( 'NONE',  ( 8.994999999999999218, 15.00000000000000000, 4.499999999999998224 ) ) ;
#2760 = EDGE_CURVE ( 'NONE', #1531, #616, #1902, .T. ) ;
#2761 = LINE ( 'NONE', #4238, #3947 ) ;
#2762 = PRESENTATION_LAYER_ASSIGNMENT (  '', '', ( #2055 ) ) ;
#2763 = VECTOR ( 'NONE', #2212, 1000.000000000000000 ) ;
#2764 = PLANE ( 'NONE',  #1589 ) ;
#2765 = CARTESIAN_POINT ( 'NONE',  ( 18.06499999999999773, 14.40000000000000391, 4.200000000000000178 ) ) ;
#2766 = ORIENTED_EDGE ( 'NONE', *, *, #4186, .F. ) ;
#2767 = EDGE_CURVE ( 'NONE', #2726, #3777, #3706, .T. ) ;
#2768 = VERTEX_POINT ( 'NONE', #72 ) ;
#2769 = FACE_OUTER_BOUND ( 'NONE', #2562, .T. ) ;
#2770 = DIRECTION ( 'NONE',  ( 0.0000000000000000000, 0.0000000000000000000, 1.000000000000000000 ) ) ;
#2771 = DIRECTION ( 'NONE',  ( 0.2952418088443231059, -0.9086608545660279646, -0.2952418088443231059 ) ) ;
#2772 = EDGE_LOOP ( 'NONE', ( #1966, #3134, #1928, #801 ) ) ;
#2773 = EDGE_CURVE ( 'NONE', #2407, #970, #3030, .T. ) ;
#2774 = DIRECTION ( 'NONE',  ( 0.0000000000000000000, 0.0000000000000000000, -1.000000000000000000 ) ) ;
#2775 =( GEOMETRIC_REPRESENTATION_CONTEXT ( 3 ) GLOBAL_UNCERTAINTY_ASSIGNED_CONTEXT ( ( #3459 ) ) GLOBAL_UNIT_ASSIGNED_CONTEXT ( ( #600, #526, #3138 ) ) REPRESENTATION_CONTEXT ( 'NONE', 'WORKASPACE' ) );
#2776 = VECTOR ( 'NONE', #2792, 1000.000000000000000 ) ;
#2777 = SURFACE_SIDE_STYLE ('',( #1587 ) ) ;
#2778 = PRESENTATION_STYLE_ASSIGNMENT (( #170 ) ) ;
#2779 = VERTEX_POINT ( 'NONE', #1131 ) ;
#2780 = ORIENTED_EDGE ( 'NONE', *, *, #834, .T. ) ;
#2781 = DIRECTION ( 'NONE',  ( 0.0000000000000000000, 0.0000000000000000000, -1.000000000000000000 ) ) ;
#2782 = FACE_OUTER_BOUND ( 'NONE', #1857, .T. ) ;
#2783 = PRESENTATION_STYLE_ASSIGNMENT (( #599 ) ) ;
#2784 = DIRECTION ( 'NONE',  ( 0.2952418088443246047, -0.9086608545660269654, 0.2952418088443246602 ) ) ;
#2785 = COLOUR_RGB ( '',0.5019607843137254832, 0.5019607843137254832, 0.5019607843137254832 ) ;
#2786 = DIRECTION ( 'NONE',  ( 0.2952418088443246602, 0.9086608545660269654, 0.2952418088443246602 ) ) ;
#2787 = UNCERTAINTY_MEASURE_WITH_UNIT (LENGTH_MEASURE( 1.000000000000000082E-05 ), #943, 'distance_accuracy_value', 'NONE');
#2788 = FACE_OUTER_BOUND ( 'NONE', #4744, .T. ) ;
#2789 = SURFACE_SIDE_STYLE ('',( #4289 ) ) ;
#2790 = ORIENTED_EDGE ( 'NONE', *, *, #66, .T. ) ;
#2791 = EDGE_CURVE ( 'NONE', #389, #3921, #756, .T. ) ;
#2792 = DIRECTION ( 'NONE',  ( -3.771137991253928080E-16, 0.0000000000000000000, 1.000000000000000000 ) ) ;
#2793 = CARTESIAN_POINT ( 'NONE',  ( 12.95500000000000007, -3.999999999999999112, 4.200000000000000178 ) ) ;
#2794 = ORIENTED_EDGE ( 'NONE', *, *, #2469, .T. ) ;
#2795 = VECTOR ( 'NONE', #1897, 1000.000000000000000 ) ;
#2796 = ADVANCED_FACE ( 'NONE', ( #1514 ), #2195, .F. ) ;
#2797 = LINE ( 'NONE', #273, #4635 ) ;
#2798 =( NAMED_UNIT ( * ) SI_UNIT ( $, .STERADIAN. ) SOLID_ANGLE_UNIT ( ) );
#2799 = DIRECTION ( 'NONE',  ( -0.0000000000000000000, 1.000000000000000000, -0.0000000000000000000 ) ) ;
#2800 = SURFACE_STYLE_USAGE ( .BOTH. , #4644 ) ;
#2801 = EDGE_LOOP ( 'NONE', ( #2092, #478, #1072, #3294 ) ) ;
#2802 = ORIENTED_EDGE ( 'NONE', *, *, #1440, .T. ) ;
#2803 = DIRECTION ( 'NONE',  ( 0.2952418088443238275, 0.9086608545660271874, 0.2952418088443247712 ) ) ;
#2804 = VECTOR ( 'NONE', #4121, 1000.000000000000000 ) ;
#2805 =( NAMED_UNIT ( * ) PLANE_ANGLE_UNIT ( ) SI_UNIT ( $, .RADIAN. ) );
#2806 = DIRECTION ( 'NONE',  ( 1.000000000000000000, 0.0000000000000000000, 1.885568995626964040E-16 ) ) ;
#2807 = DIRECTION ( 'NONE',  ( 1.000000000000000000, 0.0000000000000000000, -1.224606353822377012E-16 ) ) ;
#2808 = AXIS2_PLACEMENT_3D ( 'NONE', #2549, #378, #1485 ) ;
#2809 = ORIENTED_EDGE ( 'NONE', *, *, #1198, .T. ) ;
#2810 = CARTESIAN_POINT ( 'NONE',  ( 1.075000000000000178, 0.0000000000000000000, 4.200000000000000178 ) ) ;
#2811 = PLANE ( 'NONE',  #1184 ) ;
#2812 = SURFACE_STYLE_USAGE ( .BOTH. , #1343 ) ;
#2813 = ORIENTED_EDGE ( 'NONE', *, *, #1937, .T. ) ;
#2814 = PRESENTATION_LAYER_ASSIGNMENT (  '', '', ( #3595 ) ) ;
#2815 = VECTOR ( 'NONE', #4399, 1000.000000000000000 ) ;
#2816 = CARTESIAN_POINT ( 'NONE',  ( 10.14499999999999957, -3.999999999999999112, 5.349999999999999645 ) ) ;
#2817 = DIRECTION ( 'NONE',  ( 0.0000000000000000000, 1.000000000000000000, -4.130293990420969390E-16 ) ) ;
#2818 = SURFACE_STYLE_FILL_AREA ( #610 ) ;
#2819 = LINE ( 'NONE', #957, #936 ) ;
#2820 = ORIENTED_EDGE ( 'NONE', *, *, #272, .T. ) ;
#2821 = ADVANCED_FACE ( 'NONE', ( #1208 ), #3801, .F. ) ;
#2822 = CARTESIAN_POINT ( 'NONE',  ( 16.91499999999999915, 14.40000000000000391, 4.200000000000000178 ) ) ;
#2823 = CARTESIAN_POINT ( 'NONE',  ( 21.17500000000000071, 15.00000000000000000, 4.500000000000001776 ) ) ;
#2824 = FILL_AREA_STYLE_COLOUR ( '', #765 ) ;
#2825 = CARTESIAN_POINT ( 'NONE',  ( 22.02499999999999503, 0.0000000000000000000, 10.34999999999999964 ) ) ;
#2826 = EDGE_CURVE ( 'NONE', #3048, #2768, #2721, .T. ) ;
#2827 = EDGE_CURVE ( 'NONE', #3668, #672, #535, .T. ) ;
#2828 = MECHANICAL_DESIGN_GEOMETRIC_PRESENTATION_REPRESENTATION (  '', ( #2132 ), #3608 ) ;
#2829 = LINE ( 'NONE', #1045, #1026 ) ;
#2830 = ORIENTED_EDGE ( 'NONE', *, *, #538, .T. ) ;
#2831 =( GEOMETRIC_REPRESENTATION_CONTEXT ( 3 ) GLOBAL_UNCERTAINTY_ASSIGNED_CONTEXT ( ( #4287 ) ) GLOBAL_UNIT_ASSIGNED_CONTEXT ( ( #169, #3478, #2316 ) ) REPRESENTATION_CONTEXT ( 'NONE', 'WORKASPACE' ) );
#2832 =( GEOMETRIC_REPRESENTATION_CONTEXT ( 3 ) GLOBAL_UNCERTAINTY_ASSIGNED_CONTEXT ( ( #2645 ) ) GLOBAL_UNIT_ASSIGNED_CONTEXT ( ( #62, #4600, #2345 ) ) REPRESENTATION_CONTEXT ( 'NONE', 'WORKASPACE' ) );
#2833 = DIRECTION ( 'NONE',  ( 1.885568995626964040E-16, 0.0000000000000000000, -1.000000000000000000 ) ) ;
#2834 = UNCERTAINTY_MEASURE_WITH_UNIT (LENGTH_MEASURE( 1.000000000000000082E-05 ), #4349, 'distance_accuracy_value', 'NONE');
#2835 = LINE ( 'NONE', #1004, #2359 ) ;
#2836 = LINE ( 'NONE', #3496, #4578 ) ;
#2837 = FACE_BOUND ( 'NONE', #3480, .T. ) ;
#2838 = ORIENTED_EDGE ( 'NONE', *, *, #4185, .F. ) ;
#2839 = MECHANICAL_DESIGN_GEOMETRIC_PRESENTATION_REPRESENTATION (  '', ( #3217 ), #1374 ) ;
#2840 = DIRECTION ( 'NONE',  ( 0.0000000000000000000, 0.0000000000000000000, 1.000000000000000000 ) ) ;
#2841 = LINE ( 'NONE', #2480, #540 ) ;
#2842 = ORIENTED_EDGE ( 'NONE', *, *, #2114, .F. ) ;
#2843 = LINE ( 'NONE', #4296, #1465 ) ;
#2844 = EDGE_CURVE ( 'NONE', #1030, #178, #4200, .T. ) ;
#2845 = LINE ( 'NONE', #1376, #4617 ) ;
#2846 =( NAMED_UNIT ( * ) PLANE_ANGLE_UNIT ( ) SI_UNIT ( $, .RADIAN. ) );
#2847 = PRESENTATION_STYLE_ASSIGNMENT (( #2800 ) ) ;
#2848 = ORIENTED_EDGE ( 'NONE', *, *, #1235, .T. ) ;
#2849 = EDGE_CURVE ( 'NONE', #2344, #2234, #2406, .T. ) ;
#2850 = LINE ( 'NONE', #4352, #2644 ) ;
#2851 = ORIENTED_EDGE ( 'NONE', *, *, #4689, .F. ) ;
#2852 =( GEOMETRIC_REPRESENTATION_CONTEXT ( 3 ) GLOBAL_UNCERTAINTY_ASSIGNED_CONTEXT ( ( #3205 ) ) GLOBAL_UNIT_ASSIGNED_CONTEXT ( ( #3614, #2899, #1027 ) ) REPRESENTATION_CONTEXT ( 'NONE', 'WORKASPACE' ) );
#2853 = PLANE ( 'NONE',  #4379 ) ;
#2854 =( NAMED_UNIT ( * ) SI_UNIT ( $, .STERADIAN. ) SOLID_ANGLE_UNIT ( ) );
#2855 = ADVANCED_FACE ( 'NONE', ( #3522 ), #194, .T. ) ;
#2856 = VERTEX_POINT ( 'NONE', #3854 ) ;
#2857 = SURFACE_STYLE_USAGE ( .BOTH. , #3645 ) ;
#2858 = PRESENTATION_LAYER_ASSIGNMENT (  '', '', ( #2550 ) ) ;
#2859 = CARTESIAN_POINT ( 'NONE',  ( 20.87499999999999645, -4.500000000000000000, 5.349999999999999645 ) ) ;
#2860 = VERTEX_POINT ( 'NONE', #1581 ) ;
#2861 = VECTOR ( 'NONE', #3527, 1000.000000000000000 ) ;
#2862 = SURFACE_SIDE_STYLE ('',( #557 ) ) ;
#2863 = FACE_OUTER_BOUND ( 'NONE', #2537, .T. ) ;
#2864 = DIRECTION ( 'NONE',  ( 1.000000000000000000, 0.0000000000000000000, 0.0000000000000000000 ) ) ;
#2865 = FACE_OUTER_BOUND ( 'NONE', #2652, .T. ) ;
#2866 = ORIENTED_EDGE ( 'NONE', *, *, #2034, .T. ) ;
#2867 = VECTOR ( 'NONE', #2744, 1000.000000000000000 ) ;
#2868 = FACE_OUTER_BOUND ( 'NONE', #1919, .T. ) ;
#2869 = MECHANICAL_DESIGN_GEOMETRIC_PRESENTATION_REPRESENTATION (  '', ( #3174 ), #860 ) ;
#2870 = DIRECTION ( 'NONE',  ( -0.0000000000000000000, 1.000000000000000000, -0.0000000000000000000 ) ) ;
#2871 = AXIS2_PLACEMENT_3D ( 'NONE', #866, #3839, #130 ) ;
#2872 = ORIENTED_EDGE ( 'NONE', *, *, #4720, .T. ) ;
#2873 = DIRECTION ( 'NONE',  ( 0.0000000000000000000, -0.4472135954999579832, 0.8944271909999159664 ) ) ;
#2874 = EDGE_CURVE ( 'NONE', #1430, #1531, #3831, .T. ) ;
#2875 = ORIENTED_EDGE ( 'NONE', *, *, #4334, .F. ) ;
#2876 = FACE_OUTER_BOUND ( 'NONE', #3334, .T. ) ;
#2877 = ORIENTED_EDGE ( 'NONE', *, *, #2532, .T. ) ;
#2878 = DIRECTION ( 'NONE',  ( -1.000000000000000000, 0.0000000000000000000, -0.0000000000000000000 ) ) ;
#2879 = DIRECTION ( 'NONE',  ( -1.000000000000000000, 0.0000000000000000000, -0.0000000000000000000 ) ) ;
#2880 = CARTESIAN_POINT ( 'NONE',  ( 1.323541477183371340, -4.764932012632485225, 5.101458522816628260 ) ) ;
#2881 =( LENGTH_UNIT ( ) NAMED_UNIT ( * ) SI_UNIT ( .MILLI., .METRE. ) );
#2882 = ORIENTED_EDGE ( 'NONE', *, *, #1259, .F. ) ;
#2883 = EDGE_CURVE ( 'NONE', #1660, #1171, #1781, .T. ) ;
#2884 = MECHANICAL_DESIGN_GEOMETRIC_PRESENTATION_REPRESENTATION (  '', ( #2192 ), #2110 ) ;
#2885 = SURFACE_STYLE_USAGE ( .BOTH. , #3967 ) ;
#2886 = SURFACE_SIDE_STYLE ('',( #2058 ) ) ;
#2887 = ORIENTED_EDGE ( 'NONE', *, *, #176, .T. ) ;
#2888 = AXIS2_PLACEMENT_3D ( 'NONE', #3983, #651, #285 ) ;
#2889 = LINE ( 'NONE', #3972, #4094 ) ;
#2890 = DIRECTION ( 'NONE',  ( 1.000000000000000000, 0.0000000000000000000, 0.0000000000000000000 ) ) ;
#2891 = FILL_AREA_STYLE ('',( #3993 ) ) ;
#2892 = VERTEX_POINT ( 'NONE', #3968 ) ;
#2893 = SURFACE_STYLE_USAGE ( .BOTH. , #413 ) ;
#2894 = PRESENTATION_LAYER_ASSIGNMENT (  '', '', ( #3596 ) ) ;
#2895 = CARTESIAN_POINT ( 'NONE',  ( 18.06499999999999773, 14.40000000000000391, 5.349999999999999645 ) ) ;
#2896 = AXIS2_PLACEMENT_3D ( 'NONE', #1650, #1677, #4156 ) ;
#2897 = PRESENTATION_STYLE_ASSIGNMENT (( #1791 ) ) ;
#2898 = ORIENTED_EDGE ( 'NONE', *, *, #1115, .T. ) ;
#2899 =( NAMED_UNIT ( * ) PLANE_ANGLE_UNIT ( ) SI_UNIT ( $, .RADIAN. ) );
#2900 = COLOUR_RGB ( '',0.5019607843137254832, 0.5019607843137254832, 0.5019607843137254832 ) ;
#2901 = ORIENTED_EDGE ( 'NONE', *, *, #4368, .F. ) ;
#2902 = EDGE_CURVE ( 'NONE', #2434, #3777, #2452, .T. ) ;
#2903 =( NAMED_UNIT ( * ) SI_UNIT ( $, .STERADIAN. ) SOLID_ANGLE_UNIT ( ) );
#2904 = SURFACE_STYLE_FILL_AREA ( #2997 ) ;
#2905 =( NAMED_UNIT ( * ) SI_UNIT ( $, .STERADIAN. ) SOLID_ANGLE_UNIT ( ) );
#2906 = CARTESIAN_POINT ( 'NONE',  ( 2.225000000000000533, 14.39999999999999680, 4.200000000000000178 ) ) ;
#2907 = ORIENTED_EDGE ( 'NONE', *, *, #2321, .F. ) ;
#2908 = MECHANICAL_DESIGN_GEOMETRIC_PRESENTATION_REPRESENTATION (  '', ( #3212 ), #1907 ) ;
#2909 = VECTOR ( 'NONE', #3185, 1000.000000000000000 ) ;
#2910 = LINE ( 'NONE', #2187, #3758 ) ;
#2911 = FILL_AREA_STYLE_COLOUR ( '', #3724 ) ;
#2912 = AXIS2_PLACEMENT_3D ( 'NONE', #1381, #1712, #3482 ) ;
#2913 =( NAMED_UNIT ( * ) PLANE_ANGLE_UNIT ( ) SI_UNIT ( $, .RADIAN. ) );
#2914 = FILL_AREA_STYLE ('',( #3228 ) ) ;
#2915 = SURFACE_STYLE_USAGE ( .BOTH. , #3778 ) ;
#2916 = EDGE_CURVE ( 'NONE', #3240, #4723, #1369, .T. ) ;
#2917 = SURFACE_STYLE_FILL_AREA ( #3704 ) ;
#2918 = SURFACE_STYLE_USAGE ( .BOTH. , #1066 ) ;
#2919 = CARTESIAN_POINT ( 'NONE',  ( 1.237459848116452488, -4.500000000000000000, 4.200000000000000178 ) ) ;
#2920 = DIRECTION ( 'NONE',  ( -1.000000000000000000, 0.0000000000000000000, 0.0000000000000000000 ) ) ;
#2921 = ORIENTED_EDGE ( 'NONE', *, *, #4064, .T. ) ;
#2922 = DIRECTION ( 'NONE',  ( -1.000000000000000000, 0.0000000000000000000, 0.0000000000000000000 ) ) ;
#2923 = CARTESIAN_POINT ( 'NONE',  ( 22.02499999999999503, 0.0000000000000000000, 5.349999999999999645 ) ) ;
#2924 = EDGE_LOOP ( 'NONE', ( #1924, #1127, #4234, #2069 ) ) ;
#2925 = FILL_AREA_STYLE ('',( #2156 ) ) ;
#2926 =( NAMED_UNIT ( * ) PLANE_ANGLE_UNIT ( ) SI_UNIT ( $, .RADIAN. ) );
#2927 = VECTOR ( 'NONE', #2477, 1000.000000000000114 ) ;
#2928 = ORIENTED_EDGE ( 'NONE', *, *, #2238, .F. ) ;
#2929 = FILL_AREA_STYLE ('',( #1390 ) ) ;
#2930 = CARTESIAN_POINT ( 'NONE',  ( 18.06499999999999773, -4.500000000000000000, 4.200000000000000178 ) ) ;
#2931 = EDGE_LOOP ( 'NONE', ( #3182, #2081, #2556, #2720, #1731, #4281, #568, #1253, #3814, #2495, #131, #2459, #1575, #1191, #2671, #3272 ) ) ;
#2932 = AXIS2_PLACEMENT_3D ( 'NONE', #1042, #2170, #4762 ) ;
#2933 = EDGE_CURVE ( 'NONE', #505, #1408, #585, .T. ) ;
#2934 = LINE ( 'NONE', #8, #1197 ) ;
#2935 = SURFACE_STYLE_FILL_AREA ( #2957 ) ;
#2936 = AXIS2_PLACEMENT_3D ( 'NONE', #558, #582, #243 ) ;
#2937 = UNCERTAINTY_MEASURE_WITH_UNIT (LENGTH_MEASURE( 1.000000000000000082E-05 ), #3378, 'distance_accuracy_value', 'NONE');
#2938 = DIRECTION ( 'NONE',  ( 1.000000000000000000, 0.0000000000000000000, 0.0000000000000000000 ) ) ;
#2939 = ORIENTED_EDGE ( 'NONE', *, *, #3604, .F. ) ;
#2940 = EDGE_CURVE ( 'NONE', #3668, #1223, #3253, .T. ) ;
#2941 = CARTESIAN_POINT ( 'NONE',  ( 8.994999999999999218, 14.40000000000000391, 4.200000000000000178 ) ) ;
#2942 =( LENGTH_UNIT ( ) NAMED_UNIT ( * ) SI_UNIT ( .MILLI., .METRE. ) );
#2943 = ORIENTED_EDGE ( 'NONE', *, *, #168, .F. ) ;
#2944 =( NAMED_UNIT ( * ) PLANE_ANGLE_UNIT ( ) SI_UNIT ( $, .RADIAN. ) );
#2945 = FILL_AREA_STYLE_COLOUR ( '', #2363 ) ;
#2946 = VECTOR ( 'NONE', #4538, 1000.000000000000000 ) ;
#2947 = SURFACE_STYLE_USAGE ( .BOTH. , #438 ) ;
#2948 = ORIENTED_EDGE ( 'NONE', *, *, #473, .F. ) ;
#2949 = FACE_OUTER_BOUND ( 'NONE', #644, .T. ) ;
#2950 = COLOUR_RGB ( '',0.5019607843137254832, 0.5019607843137254832, 0.5019607843137254832 ) ;
#2951 = FILL_AREA_STYLE_COLOUR ( '', #2126 ) ;
#2952 = CARTESIAN_POINT ( 'NONE',  ( 17.81645852281662457, -4.764932012632482561, 4.448541477183373338 ) ) ;
#2953 = LINE ( 'NONE', #1481, #777 ) ;
#2954 = CARTESIAN_POINT ( 'NONE',  ( 1.075000000000000178, -3.999999999999999112, 4.200000000000000178 ) ) ;
#2955 = ORIENTED_EDGE ( 'NONE', *, *, #4420, .T. ) ;
#2956 =( NAMED_UNIT ( * ) PLANE_ANGLE_UNIT ( ) SI_UNIT ( $, .RADIAN. ) );
#2957 = FILL_AREA_STYLE ('',( #2911 ) ) ;
#2958 = CARTESIAN_POINT ( 'NONE',  ( 6.184999999999999609, -4.500000000000000000, 5.349999999999999645 ) ) ;
#2959 = SURFACE_SIDE_STYLE ('',( #659 ) ) ;
#2960 = EDGE_LOOP ( 'NONE', ( #656, #4615, #3594, #1007 ) ) ;
#2961 = VECTOR ( 'NONE', #21, 1000.000000000000000 ) ;
#2962 = FILL_AREA_STYLE_COLOUR ( '', #4230 ) ;
#2963 =( NAMED_UNIT ( * ) PLANE_ANGLE_UNIT ( ) SI_UNIT ( $, .RADIAN. ) );
#2964 = VERTEX_POINT ( 'NONE', #682 ) ;
#2965 = ADVANCED_FACE ( 'NONE', ( #4710 ), #3989, .T. ) ;
#2966 = AXIS2_PLACEMENT_3D ( 'NONE', #4441, #2164, #3648 ) ;
#2967 = FACE_OUTER_BOUND ( 'NONE', #4730, .T. ) ;
#2968 = EDGE_CURVE ( 'NONE', #3820, #2407, #245, .T. ) ;
#2969 = EDGE_CURVE ( 'NONE', #2964, #4469, #4321, .T. ) ;
#2970 =( NAMED_UNIT ( * ) SI_UNIT ( $, .STERADIAN. ) SOLID_ANGLE_UNIT ( ) );
#2971 = EDGE_CURVE ( 'NONE', #4662, #4723, #1011, .T. ) ;
#2972 = COLOUR_RGB ( '',0.5019607843137254832, 0.5019607843137254832, 0.5019607843137254832 ) ;
#2973 = UNCERTAINTY_MEASURE_WITH_UNIT (LENGTH_MEASURE( 1.000000000000000082E-05 ), #2130, 'distance_accuracy_value', 'NONE');
#2974 = CARTESIAN_POINT ( 'NONE',  ( 20.87499999999999645, 14.40000000000000391, 5.349999999999999645 ) ) ;
#2975 = DIRECTION ( 'NONE',  ( -1.000000000000000000, 0.0000000000000000000, 0.0000000000000000000 ) ) ;
#2976 = ORIENTED_EDGE ( 'NONE', *, *, #4454, .F. ) ;
#2977 = COLOUR_RGB ( '',1.000000000000000000, 1.000000000000000000, 1.000000000000000000 ) ;
#2978 = CARTESIAN_POINT ( 'NONE',  ( 1.074999999999999956, 14.39999999999999680, 5.349999999999999645 ) ) ;
#2979 = UNCERTAINTY_MEASURE_WITH_UNIT (LENGTH_MEASURE( 1.000000000000000082E-05 ), #1630, 'distance_accuracy_value', 'NONE');
#2980 = CARTESIAN_POINT ( 'NONE',  ( 9.294999999999998153, 15.00000000000000000, 4.499999999999998224 ) ) ;
#2981 = SURFACE_STYLE_USAGE ( .BOTH. , #2650 ) ;
#2982 = EDGE_LOOP ( 'NONE', ( #685, #229, #1299, #1950 ) ) ;
#2983 = COLOUR_RGB ( '',1.000000000000000000, 1.000000000000000000, 1.000000000000000000 ) ;
#2984 = VECTOR ( 'NONE', #4592, 1000.000000000000000 ) ;
#2985 = CARTESIAN_POINT ( 'NONE',  ( 8.994999999999999218, -4.500000000000000000, 4.200000000000000178 ) ) ;
#2986 = FILL_AREA_STYLE_COLOUR ( '', #974 ) ;
#2987 = PLANE ( 'NONE',  #305 ) ;
#2988 = VERTEX_POINT ( 'NONE', #1413 ) ;
#2989 = LINE ( 'NONE', #1088, #870 ) ;
#2990 = CARTESIAN_POINT ( 'NONE',  ( 5.034999999999999254, -3.999999999999999112, 5.349999999999999645 ) ) ;
#2991 = ADVANCED_FACE ( 'NONE', ( #1754 ), #3626, .F. ) ;
#2992 = DIRECTION ( 'NONE',  ( 3.771137991253928080E-16, 5.900419986315671085E-17, -1.000000000000000000 ) ) ;
#2993 = VECTOR ( 'NONE', #2294, 1000.000000000000227 ) ;
#2994 = VERTEX_POINT ( 'NONE', #2649 ) ;
#2995 = EDGE_CURVE ( 'NONE', #1602, #4027, #4802, .T. ) ;
#2996 = LINE ( 'NONE', #2276, #15 ) ;
#2997 = FILL_AREA_STYLE ('',( #1892 ) ) ;
#2998 = CARTESIAN_POINT ( 'NONE',  ( 21.86254015188353961, -4.500000000000000000, 4.362459848116455596 ) ) ;
#2999 = DIRECTION ( 'NONE',  ( 1.000000000000000000, 0.0000000000000000000, -0.0000000000000000000 ) ) ;
#3000 = VERTEX_POINT ( 'NONE', #3700 ) ;
#3001 = EDGE_CURVE ( 'NONE', #178, #1387, #798, .T. ) ;
#3002 = SURFACE_SIDE_STYLE ('',( #428 ) ) ;
#3003 = DIRECTION ( 'NONE',  ( 0.0000000000000000000, 0.0000000000000000000, 1.000000000000000000 ) ) ;
#3004 = VERTEX_POINT ( 'NONE', #1510 ) ;
#3005 = VECTOR ( 'NONE', #2091, 1000.000000000000227 ) ;
#3006 = VERTEX_POINT ( 'NONE', #1841 ) ;
#3007 = SURFACE_SIDE_STYLE ('',( #1513 ) ) ;
#3008 = EDGE_LOOP ( 'NONE', ( #2838, #69, #4341, #2757 ) ) ;
#3009 = ORIENTED_EDGE ( 'NONE', *, *, #1238, .T. ) ;
#3010 = DIRECTION ( 'NONE',  ( 0.0000000000000000000, -1.000000000000000000, 0.0000000000000000000 ) ) ;
#3011 = FILL_AREA_STYLE ('',( #3316 ) ) ;
#3012 = EDGE_LOOP ( 'NONE', ( #602, #1436, #2273, #374 ) ) ;
#3013 = VECTOR ( 'NONE', #411, 1000.000000000000000 ) ;
#3014 = DIRECTION ( 'NONE',  ( -1.000000000000000000, -0.0000000000000000000, 1.224606353822377012E-16 ) ) ;
#3015 = UNCERTAINTY_MEASURE_WITH_UNIT (LENGTH_MEASURE( 1.000000000000000082E-05 ), #1069, 'distance_accuracy_value', 'NONE');
#3016 =( LENGTH_UNIT ( ) NAMED_UNIT ( * ) SI_UNIT ( .MILLI., .METRE. ) );
#3017 = EDGE_CURVE ( 'NONE', #4804, #4301, #1126, .T. ) ;
#3018 = CARTESIAN_POINT ( 'NONE',  ( 17.76499999999999702, 15.00000000000000000, 5.049999999999998046 ) ) ;
#3019 = PLANE ( 'NONE',  #521 ) ;
#3020 = PRESENTATION_STYLE_ASSIGNMENT (( #1552 ) ) ;
#3021 = UNCERTAINTY_MEASURE_WITH_UNIT (LENGTH_MEASURE( 1.000000000000000082E-05 ), #4790, 'distance_accuracy_value', 'NONE');
#3022 = LINE ( 'NONE', #3870, #657 ) ;
#3023 = DIRECTION ( 'NONE',  ( 0.0000000000000000000, 5.900419986315671085E-17, -1.000000000000000000 ) ) ;
#3024 = VERTEX_POINT ( 'NONE', #2600 ) ;
#3025 = EDGE_CURVE ( 'NONE', #4359, #2481, #2189, .T. ) ;
#3026 = ORIENTED_EDGE ( 'NONE', *, *, #4012, .T. ) ;
#3027 = CARTESIAN_POINT ( 'NONE',  ( 13.94254015188354678, -4.500000000000000000, 5.187540151883547779 ) ) ;
#3028 = ORIENTED_EDGE ( 'NONE', *, *, #1570, .T. ) ;
#3029 = VECTOR ( 'NONE', #630, 1000.000000000000000 ) ;
#3030 = LINE ( 'NONE', #1535, #4760 ) ;
#3031 = CARTESIAN_POINT ( 'NONE',  ( 17.90254015188354231, -4.500000000000000000, 5.349999999999999645 ) ) ;
#3032 = DIRECTION ( 'NONE',  ( 0.0000000000000000000, -0.8848285909157096452, -0.4659166928734361779 ) ) ;
#3033 = CARTESIAN_POINT ( 'NONE',  ( 10.14499999999999957, 3.200000000000000622, 5.349999999999999645 ) ) ;
#3034 = PRESENTATION_STYLE_ASSIGNMENT (( #4618 ) ) ;
#3035 = CARTESIAN_POINT ( 'NONE',  ( 1.267467576206160147E-15, 0.0000000000000000000, 4.200000000000000178 ) ) ;
#3036 = ORIENTED_EDGE ( 'NONE', *, *, #3788, .F. ) ;
#3037 = PRESENTATION_STYLE_ASSIGNMENT (( #2320 ) ) ;
#3038 = VECTOR ( 'NONE', #1199, 1000.000000000000000 ) ;
#3039 = CARTESIAN_POINT ( 'NONE',  ( 17.07745984811645457, -4.500000000000000000, 4.200000000000000178 ) ) ;
#3040 = LINE ( 'NONE', #1916, #3688 ) ;
#3041 = CARTESIAN_POINT ( 'NONE',  ( 14.10499999999999865, -4.500000000000000000, 5.349999999999999645 ) ) ;
#3042 = VERTEX_POINT ( 'NONE', #2980 ) ;
#3043 = VECTOR ( 'NONE', #3465, 999.9999999999998863 ) ;
#3044 = AXIS2_PLACEMENT_3D ( 'NONE', #1879, #1931, #1494 ) ;
#3045 = DIRECTION ( 'NONE',  ( 1.000000000000000000, 0.0000000000000000000, 0.0000000000000000000 ) ) ;
#3046 = DIRECTION ( 'NONE',  ( 0.0000000000000000000, 0.0000000000000000000, -1.000000000000000000 ) ) ;
#3047 = PRESENTATION_STYLE_ASSIGNMENT (( #92 ) ) ;
#3048 = VERTEX_POINT ( 'NONE', #4467 ) ;
#3049 = ORIENTED_EDGE ( 'NONE', *, *, #4044, .F. ) ;
#3050 = PRESENTATION_LAYER_ASSIGNMENT (  '', '', ( #3994 ) ) ;
#3051 = EDGE_CURVE ( 'NONE', #1156, #4412, #1439, .T. ) ;
#3052 = LINE ( 'NONE', #4536, #595 ) ;
#3053 =( NAMED_UNIT ( * ) SI_UNIT ( $, .STERADIAN. ) SOLID_ANGLE_UNIT ( ) );
#3054 = CARTESIAN_POINT ( 'NONE',  ( 20.87499999999999645, -4.500000000000000000, 4.362459848116455596 ) ) ;
#3055 =( LENGTH_UNIT ( ) NAMED_UNIT ( * ) SI_UNIT ( .MILLI., .METRE. ) );
#3056 = LINE ( 'NONE', #1190, #904 ) ;
#3057 = SURFACE_STYLE_FILL_AREA ( #2035 ) ;
#3058 = UNCERTAINTY_MEASURE_WITH_UNIT (LENGTH_MEASURE( 1.000000000000000082E-05 ), #2279, 'distance_accuracy_value', 'NONE');
#3059 = STYLED_ITEM ( 'NONE', ( #16 ), #4488 ) ;
#3060 = FILL_AREA_STYLE ('',( #4204 ) ) ;
#3061 = AXIS2_PLACEMENT_3D ( 'NONE', #2062, #3606, #3177 ) ;
#3062 = CARTESIAN_POINT ( 'NONE',  ( 9.982540151883547708, -4.500000000000000000, 5.187540151883547779 ) ) ;
#3063 = ORIENTED_EDGE ( 'NONE', *, *, #3842, .T. ) ;
#3064 = CARTESIAN_POINT ( 'NONE',  ( 12.95500000000000007, 3.199999999999999734, 10.34999999999999964 ) ) ;
#3065 = CARTESIAN_POINT ( 'NONE',  ( 9.294999999999998153, 15.00000000000000000, 5.050000000000001599 ) ) ;
#3066 = PLANE ( 'NONE',  #3852 ) ;
#3067 = DIRECTION ( 'NONE',  ( 0.2952418088443231059, 0.9086608545660279646, -0.2952418088443231059 ) ) ;
#3068 = UNCERTAINTY_MEASURE_WITH_UNIT (LENGTH_MEASURE( 1.000000000000000082E-05 ), #319, 'distance_accuracy_value', 'NONE');
#3069 = SURFACE_STYLE_USAGE ( .BOTH. , #528 ) ;
#3070 = CARTESIAN_POINT ( 'NONE',  ( 18.06499999999999773, -4.500000000000000000, 4.362459848116455596 ) ) ;
#3071 = ORIENTED_EDGE ( 'NONE', *, *, #2564, .T. ) ;
#3072 = VERTEX_POINT ( 'NONE', #4081 ) ;
#3073 = EDGE_CURVE ( 'NONE', #1893, #2892, #4056, .T. ) ;
#3074 = DIRECTION ( 'NONE',  ( 1.885568995626964040E-16, 0.0000000000000000000, -1.000000000000000000 ) ) ;
#3075 = EDGE_CURVE ( 'NONE', #1792, #2163, #4106, .T. ) ;
#3076 = APPLICATION_CONTEXT ( 'automotive_design' ) ;
#3077 = SURFACE_STYLE_USAGE ( .BOTH. , #862 ) ;
#3078 = ORIENTED_EDGE ( 'NONE', *, *, #3051, .F. ) ;
#3079 = ADVANCED_FACE ( 'NONE', ( #3672 ), #3380, .F. ) ;
#3080 = STYLED_ITEM ( 'NONE', ( #3633 ), #1002 ) ;
#3081 = EDGE_LOOP ( 'NONE', ( #2205, #4308, #3719, #1703 ) ) ;
#3082 = DIRECTION ( 'NONE',  ( 0.3090169943749438985, -0.9510565162951546414, 0.0000000000000000000 ) ) ;
#3083 = SURFACE_STYLE_FILL_AREA ( #1640 ) ;
#3084 = LINE ( 'NONE', #1619, #3103 ) ;
#3085 = PRESENTATION_LAYER_ASSIGNMENT (  '', '', ( #1939 ) ) ;
#3086 =( GEOMETRIC_REPRESENTATION_CONTEXT ( 3 ) GLOBAL_UNCERTAINTY_ASSIGNED_CONTEXT ( ( #2005 ) ) GLOBAL_UNIT_ASSIGNED_CONTEXT ( ( #1219, #2731, #4206 ) ) REPRESENTATION_CONTEXT ( 'NONE', 'WORKASPACE' ) );
#3087 = LINE ( 'NONE', #2688, #1764 ) ;
#3088 = MECHANICAL_DESIGN_GEOMETRIC_PRESENTATION_REPRESENTATION (  '', ( #1550 ), #307 ) ;
#3089 = VECTOR ( 'NONE', #3723, 1000.000000000000000 ) ;
#3090 = FILL_AREA_STYLE_COLOUR ( '', #3191 ) ;
#3091 = FILL_AREA_STYLE_COLOUR ( '', #1745 ) ;
#3092 = EDGE_LOOP ( 'NONE', ( #4594, #1133, #1203, #2689 ) ) ;
#3093 = ORIENTED_EDGE ( 'NONE', *, *, #3472, .F. ) ;
#3094 = VECTOR ( 'NONE', #4521, 1000.000000000000000 ) ;
#3095 = DIRECTION ( 'NONE',  ( 0.3090169943749456194, 0.9510565162951540863, 0.0000000000000000000 ) ) ;
#3096 = FILL_AREA_STYLE ('',( #534 ) ) ;
#3097 = SURFACE_STYLE_USAGE ( .BOTH. , #146 ) ;
#3098 = CARTESIAN_POINT ( 'NONE',  ( 1.074999999999999956, 14.39999999999999680, 5.349999999999999645 ) ) ;
#3099 = EDGE_CURVE ( 'NONE', #1387, #4586, #3846, .T. ) ;
#3100 = DIRECTION ( 'NONE',  ( 0.0000000000000000000, 0.0000000000000000000, 1.000000000000000000 ) ) ;
#3101 = VERTEX_POINT ( 'NONE', #850 ) ;
#3102 = PLANE ( 'NONE',  #4770 ) ;
#3103 = VECTOR ( 'NONE', #4209, 1000.000000000000000 ) ;
#3104 = ADVANCED_FACE ( 'NONE', ( #1295 ), #1573, .F. ) ;
#3105 = EDGE_CURVE ( 'NONE', #3004, #2197, #3022, .T. ) ;
#3106 = DIRECTION ( 'NONE',  ( 1.000000000000000000, 0.0000000000000000000, 0.0000000000000000000 ) ) ;
#3107 = ORIENTED_EDGE ( 'NONE', *, *, #1517, .T. ) ;
#3108 = SURFACE_STYLE_USAGE ( .BOTH. , #159 ) ;
#3109 = SURFACE_STYLE_USAGE ( .BOTH. , #4581 ) ;
#3110 = AXIS2_PLACEMENT_3D ( 'NONE', #1943, #1571, #527 ) ;
#3111 = EDGE_CURVE ( 'NONE', #884, #1738, #898, .T. ) ;
#3112 = CARTESIAN_POINT ( 'NONE',  ( 21.03745984811645187, -4.500000000000000000, 4.362459848116455596 ) ) ;
#3113 = VECTOR ( 'NONE', #2, 1000.000000000000000 ) ;
#3114 =( LENGTH_UNIT ( ) NAMED_UNIT ( * ) SI_UNIT ( .MILLI., .METRE. ) );
#3115 = LINE ( 'NONE', #1005, #3891 ) ;
#3116 = ORIENTED_EDGE ( 'NONE', *, *, #4362, .T. ) ;
#3117 = PRESENTATION_LAYER_ASSIGNMENT (  '', '', ( #3371 ) ) ;
#3118 = CARTESIAN_POINT ( 'NONE',  ( 13.10329859264025210, -4.456416137155165380, 4.348298592640251314 ) ) ;
#3119 = DIRECTION ( 'NONE',  ( 0.4082482904638630172, -0.8164965809277260345, 0.4082482904638630172 ) ) ;
#3120 = DIRECTION ( 'NONE',  ( 0.0000000000000000000, 0.0000000000000000000, -1.000000000000000000 ) ) ;
#3121 = LINE ( 'NONE', #1305, #3736 ) ;
#3122 = ORIENTED_EDGE ( 'NONE', *, *, #2584, .T. ) ;
#3123 = LINE ( 'NONE', #2430, #2115 ) ;
#3124 = AXIS2_PLACEMENT_3D ( 'NONE', #2958, #3349, #2257 ) ;
#3125 = VECTOR ( 'NONE', #351, 1000.000000000000000 ) ;
#3126 = SURFACE_SIDE_STYLE ('',( #3057 ) ) ;
#3127 = LINE ( 'NONE', #3925, #442 ) ;
#3128 = EDGE_LOOP ( 'NONE', ( #2488, #2709, #2635, #2284 ) ) ;
#3129 = PRESENTATION_STYLE_ASSIGNMENT (( #1684 ) ) ;
#3130 =( GEOMETRIC_REPRESENTATION_CONTEXT ( 3 ) GLOBAL_UNCERTAINTY_ASSIGNED_CONTEXT ( ( #3767 ) ) GLOBAL_UNIT_ASSIGNED_CONTEXT ( ( #4144, #1221, #3979 ) ) REPRESENTATION_CONTEXT ( 'NONE', 'WORKASPACE' ) );
#3131 = ADVANCED_FACE ( 'NONE', ( #163 ), #2764, .F. ) ;
#3132 = PRESENTATION_LAYER_ASSIGNMENT (  '', '', ( #2684 ) ) ;
#3133 = VECTOR ( 'NONE', #1135, 1000.000000000000000 ) ;
#3134 = ORIENTED_EDGE ( 'NONE', *, *, #406, .T. ) ;
#3135 = PRODUCT ( '633477C8-8B27-4449-BC71-5F30399CCA24', '633477C8-8B27-4449-BC71-5F30399CCA24', '', ( #1129 ) ) ;
#3136 = CARTESIAN_POINT ( 'NONE',  ( 0.0000000000000000000, 5.052806862587393866, 0.9999999999999991118 ) ) ;
#3137 = FACE_OUTER_BOUND ( 'NONE', #666, .T. ) ;
#3138 =( NAMED_UNIT ( * ) SI_UNIT ( $, .STERADIAN. ) SOLID_ANGLE_UNIT ( ) );
#3139 = ADVANCED_FACE ( 'NONE', ( #1984 ), #137, .F. ) ;
#3140 = VECTOR ( 'NONE', #3200, 1000.000000000000000 ) ;
#3141 =( GEOMETRIC_REPRESENTATION_CONTEXT ( 3 ) GLOBAL_UNCERTAINTY_ASSIGNED_CONTEXT ( ( #3716 ) ) GLOBAL_UNIT_ASSIGNED_CONTEXT ( ( #2881, #1054, #951 ) ) REPRESENTATION_CONTEXT ( 'NONE', 'WORKASPACE' ) );
#3142 = CARTESIAN_POINT ( 'NONE',  ( 1.074999999999999067, 0.0000000000000000000, 10.34999999999999964 ) ) ;
#3143 = CARTESIAN_POINT ( 'NONE',  ( 18.06499999999999773, -4.500000000000000000, 5.349999999999999645 ) ) ;
#3144 = CARTESIAN_POINT ( 'NONE',  ( 10.14499999999999957, 3.200000000000000178, 4.200000000000000178 ) ) ;
#3145 = DIRECTION ( 'NONE',  ( 0.0000000000000000000, -1.000000000000000000, 0.0000000000000000000 ) ) ;
#3146 = VERTEX_POINT ( 'NONE', #2078 ) ;
#3147 = EDGE_CURVE ( 'NONE', #4498, #1490, #2498, .T. ) ;
#3148 = DIRECTION ( 'NONE',  ( -1.000000000000000000, 0.0000000000000000000, -0.0000000000000000000 ) ) ;
#3149 = CARTESIAN_POINT ( 'NONE',  ( 12.95500000000000007, -3.999999999999999112, 5.349999999999999645 ) ) ;
#3150 = CARTESIAN_POINT ( 'NONE',  ( 8.994999999999999218, -4.500000000000000000, 4.200000000000000178 ) ) ;
#3151 = DIRECTION ( 'NONE',  ( -0.0000000000000000000, 0.0000000000000000000, 1.000000000000000000 ) ) ;
#3152 = ORIENTED_EDGE ( 'NONE', *, *, #4180, .F. ) ;
#3153 = SURFACE_SIDE_STYLE ('',( #1680 ) ) ;
#3154 = CARTESIAN_POINT ( 'NONE',  ( 0.0000000000000000000, 9.033243561979320546, 1.835620030455011653 ) ) ;
#3155 = PRESENTATION_LAYER_ASSIGNMENT (  '', '', ( #4169 ) ) ;
#3156 = SURFACE_STYLE_FILL_AREA ( #4300 ) ;
#3157 = ORIENTED_EDGE ( 'NONE', *, *, #2255, .F. ) ;
#3158 =( NAMED_UNIT ( * ) PLANE_ANGLE_UNIT ( ) SI_UNIT ( $, .RADIAN. ) );
#3159 = PRESENTATION_LAYER_ASSIGNMENT (  '', '', ( #3876 ) ) ;
#3160 = COLOUR_RGB ( '',0.5019607843137254832, 0.5019607843137254832, 0.5019607843137254832 ) ;
#3161 = FILL_AREA_STYLE_COLOUR ( '', #938 ) ;
#3162 = ORIENTED_EDGE ( 'NONE', *, *, #1615, .F. ) ;
#3163 = FACE_OUTER_BOUND ( 'NONE', #3985, .T. ) ;
#3164 = DIRECTION ( 'NONE',  ( 1.885568995626964040E-16, 0.0000000000000000000, -1.000000000000000000 ) ) ;
#3165 = EDGE_CURVE ( 'NONE', #1325, #2407, #2835, .T. ) ;
#3166 = SURFACE_SIDE_STYLE ('',( #3189 ) ) ;
#3167 = CARTESIAN_POINT ( 'NONE',  ( 0.0000000000000000000, 3.200000000000000178, 5.349999999999999645 ) ) ;
#3168 = ORIENTED_EDGE ( 'NONE', *, *, #1911, .F. ) ;
#3169 = DIRECTION ( 'NONE',  ( 1.000000000000000000, 0.0000000000000000000, 0.0000000000000000000 ) ) ;
#3170 = CARTESIAN_POINT ( 'NONE',  ( 1.267467576206160147E-15, 0.0000000000000000000, 5.349999999999999645 ) ) ;
#3171 = FILL_AREA_STYLE_COLOUR ( '', #4142 ) ;
#3172 = CARTESIAN_POINT ( 'NONE',  ( 0.0000000000000000000, 3.199999999999999734, 10.34999999999999964 ) ) ;
#3173 = ORIENTED_EDGE ( 'NONE', *, *, #3658, .F. ) ;
#3174 = STYLED_ITEM ( 'NONE', ( #3825 ), #1380 ) ;
#3175 = VECTOR ( 'NONE', #2587, 1000.000000000000000 ) ;
#3176 = PLANE ( 'NONE',  #4554 ) ;
#3177 = DIRECTION ( 'NONE',  ( 0.0000000000000000000, 0.8944271909999158554, -0.4472135954999579277 ) ) ;
#3178 = SURFACE_SIDE_STYLE ('',( #3579 ) ) ;
#3179 = ORIENTED_EDGE ( 'NONE', *, *, #1691, .T. ) ;
#3180 = SURFACE_STYLE_FILL_AREA ( #203 ) ;
#3181 = DIRECTION ( 'NONE',  ( 0.0000000000000000000, -1.000000000000000000, -5.900419986315671085E-17 ) ) ;
#3182 = ORIENTED_EDGE ( 'NONE', *, *, #3869, .F. ) ;
#3183 = PLANE ( 'NONE',  #1958 ) ;
#3184 = STYLED_ITEM ( 'NONE', ( #4237 ), #1809 ) ;
#3185 = DIRECTION ( 'NONE',  ( 1.000000000000000000, 0.0000000000000000000, 0.0000000000000000000 ) ) ;
#3186 = DIRECTION ( 'NONE',  ( 1.000000000000000000, 0.0000000000000000000, 0.0000000000000000000 ) ) ;
#3187 = PRESENTATION_LAYER_ASSIGNMENT (  '', '', ( #479 ) ) ;
#3188 = ORIENTED_EDGE ( 'NONE', *, *, #625, .T. ) ;
#3189 = SURFACE_STYLE_FILL_AREA ( #1747 ) ;
#3190 = ORIENTED_EDGE ( 'NONE', *, *, #214, .F. ) ;
#3191 = COLOUR_RGB ( '',0.5019607843137254832, 0.5019607843137254832, 0.5019607843137254832 ) ;
#3192 = ADVANCED_FACE ( 'NONE', ( #2788 ), #2050, .F. ) ;
#3193 = VECTOR ( 'NONE', #3865, 1000.000000000000000 ) ;
#3194 = CARTESIAN_POINT ( 'NONE',  ( 23.10000000000000142, 9.594723317002271656, 2.663110504538771295 ) ) ;
#3195 = CARTESIAN_POINT ( 'NONE',  ( 8.994999999999999218, -4.500000000000000000, 5.187540151883547779 ) ) ;
#3196 = CARTESIAN_POINT ( 'NONE',  ( 13.91333333333333400, 14.78333333333332966, 4.391666666666666607 ) ) ;
#3197 = VECTOR ( 'NONE', #2427, 1000.000000000000000 ) ;
#3198 = EDGE_CURVE ( 'NONE', #3574, #3072, #553, .T. ) ;
#3199 = FACE_OUTER_BOUND ( 'NONE', #2009, .T. ) ;
#3200 = DIRECTION ( 'NONE',  ( 0.0000000000000000000, 0.0000000000000000000, -1.000000000000000000 ) ) ;
#3201 =( LENGTH_UNIT ( ) NAMED_UNIT ( * ) SI_UNIT ( .MILLI., .METRE. ) );
#3202 = AXIS2_PLACEMENT_3D ( 'NONE', #338, #449, #2398 ) ;
#3203 =( NAMED_UNIT ( * ) SI_UNIT ( $, .STERADIAN. ) SOLID_ANGLE_UNIT ( ) );
#3204 = ORIENTED_EDGE ( 'NONE', *, *, #3730, .F. ) ;
#3205 = UNCERTAINTY_MEASURE_WITH_UNIT (LENGTH_MEASURE( 1.000000000000000082E-05 ), #3614, 'distance_accuracy_value', 'NONE');
#3206 = CARTESIAN_POINT ( 'NONE',  ( 5.993333333333333179, 14.78333333333333499, 5.158333333333333215 ) ) ;
#3207 = EDGE_CURVE ( 'NONE', #3300, #178, #3517, .T. ) ;
#3208 = VECTOR ( 'NONE', #34, 1000.000000000000000 ) ;
#3209 = DIRECTION ( 'NONE',  ( -3.771137991253928080E-16, 0.0000000000000000000, 1.000000000000000000 ) ) ;
#3210 = EDGE_LOOP ( 'NONE', ( #3647, #2581, #3283, #3751 ) ) ;
#3211 = LINE ( 'NONE', #1336, #3438 ) ;
#3212 = STYLED_ITEM ( 'NONE', ( #4026 ), #4124 ) ;
#3213 = AXIS2_PLACEMENT_3D ( 'NONE', #231, #3956, #3214 ) ;
#3214 = DIRECTION ( 'NONE',  ( -0.0000000000000000000, 0.0000000000000000000, 1.000000000000000000 ) ) ;
#3215 =( LENGTH_UNIT ( ) NAMED_UNIT ( * ) SI_UNIT ( .MILLI., .METRE. ) );
#3216 = VECTOR ( 'NONE', #3973, 1000.000000000000000 ) ;
#3217 = STYLED_ITEM ( 'NONE', ( #1282 ), #3636 ) ;
#3218 = ORIENTED_EDGE ( 'NONE', *, *, #3241, .T. ) ;
#3219 =( NAMED_UNIT ( * ) SI_UNIT ( $, .STERADIAN. ) SOLID_ANGLE_UNIT ( ) );
#3220 = UNCERTAINTY_MEASURE_WITH_UNIT (LENGTH_MEASURE( 1.000000000000000082E-05 ), #1449, 'distance_accuracy_value', 'NONE');
#3221 = PRESENTATION_STYLE_ASSIGNMENT (( #3247 ) ) ;
#3222 = AXIS2_PLACEMENT_3D ( 'NONE', #4421, #45, #1105 ) ;
#3223 = PLANE ( 'NONE',  #3392 ) ;
#3224 = ORIENTED_EDGE ( 'NONE', *, *, #2214, .T. ) ;
#3225 = VECTOR ( 'NONE', #4500, 1000.000000000000000 ) ;
#3226 = SURFACE_STYLE_FILL_AREA ( #2527 ) ;
#3227 = CARTESIAN_POINT ( 'NONE',  ( 12.95500000000000007, 14.39999999999999680, 5.349999999999999645 ) ) ;
#3228 = FILL_AREA_STYLE_COLOUR ( '', #3738 ) ;
#3229 = ORIENTED_EDGE ( 'NONE', *, *, #2826, .T. ) ;
#3230 = DIRECTION ( 'NONE',  ( 1.000000000000000000, 0.0000000000000000000, 0.0000000000000000000 ) ) ;
#3231 = DIRECTION ( 'NONE',  ( 0.0000000000000000000, 0.0000000000000000000, -1.000000000000000000 ) ) ;
#3232 = CARTESIAN_POINT ( 'NONE',  ( 1.267467576206160147E-15, 0.0000000000000000000, 5.349999999999999645 ) ) ;
#3233 = CARTESIAN_POINT ( 'NONE',  ( 21.86254015188353961, -4.500000000000000000, 5.349999999999999645 ) ) ;
#3234 = CARTESIAN_POINT ( 'NONE',  ( 14.10499999999999865, -3.999999999999999112, 4.200000000000000178 ) ) ;
#3235 = ORIENTED_EDGE ( 'NONE', *, *, #359, .T. ) ;
#3236 = EDGE_CURVE ( 'NONE', #2892, #1034, #1668, .T. ) ;
#3237 = PRESENTATION_STYLE_ASSIGNMENT (( #1765 ) ) ;
#3238 = VECTOR ( 'NONE', #249, 1000.000000000000114 ) ;
#3239 =( NAMED_UNIT ( * ) SI_UNIT ( $, .STERADIAN. ) SOLID_ANGLE_UNIT ( ) );
#3240 = VERTEX_POINT ( 'NONE', #1694 ) ;
#3241 = EDGE_CURVE ( 'NONE', #2994, #2988, #210, .T. ) ;
#3242 = MECHANICAL_DESIGN_GEOMETRIC_PRESENTATION_REPRESENTATION (  '', ( #922 ), #4248 ) ;
#3243 = CARTESIAN_POINT ( 'NONE',  ( 1.237459848116452266, -4.500000000000000000, 5.187540151883547779 ) ) ;
#3244 = VECTOR ( 'NONE', #4266, 1000.000000000000227 ) ;
#3245 = ORIENTED_EDGE ( 'NONE', *, *, #715, .T. ) ;
#3246 = CARTESIAN_POINT ( 'NONE',  ( 23.10000000000000142, 0.0000000000000000000, 10.34999999999999964 ) ) ;
#3247 = SURFACE_STYLE_USAGE ( .BOTH. , #1722 ) ;
#3248 = CARTESIAN_POINT ( 'NONE',  ( 12.95500000000000007, 0.0000000000000000000, 5.349999999999999645 ) ) ;
#3249 = ORIENTED_EDGE ( 'NONE', *, *, #1695, .T. ) ;
#3250 =( GEOMETRIC_REPRESENTATION_CONTEXT ( 3 ) GLOBAL_UNCERTAINTY_ASSIGNED_CONTEXT ( ( #3379 ) ) GLOBAL_UNIT_ASSIGNED_CONTEXT ( ( #3326, #1780, #681 ) ) REPRESENTATION_CONTEXT ( 'NONE', 'WORKASPACE' ) );
#3251 =( NAMED_UNIT ( * ) PLANE_ANGLE_UNIT ( ) SI_UNIT ( $, .RADIAN. ) );
#3252 = CARTESIAN_POINT ( 'NONE',  ( 8.994999999999999218, -4.500000000000000000, 4.362459848116452044 ) ) ;
#3253 = LINE ( 'NONE', #3227, #1213 ) ;
#3254 = SURFACE_SIDE_STYLE ('',( #2236 ) ) ;
#3255 = ORIENTED_EDGE ( 'NONE', *, *, #2039, .T. ) ;
#3256 = ORIENTED_EDGE ( 'NONE', *, *, #2874, .T. ) ;
#3257 = COLOUR_RGB ( '',0.5019607843137254832, 0.5019607843137254832, 0.5019607843137254832 ) ;
#3258 = LINE ( 'NONE', #4737, #3637 ) ;
#3259 = COLOUR_RGB ( '',0.5019607843137254832, 0.5019607843137254832, 0.5019607843137254832 ) ;
#3260 = DIRECTION ( 'NONE',  ( 0.0000000000000000000, 0.0000000000000000000, 1.000000000000000000 ) ) ;
#3261 = ORIENTED_EDGE ( 'NONE', *, *, #2153, .F. ) ;
#3262 = CARTESIAN_POINT ( 'NONE',  ( 6.184999999999999609, 14.40000000000000391, 5.349999999999999645 ) ) ;
#3263 = CARTESIAN_POINT ( 'NONE',  ( 22.02499999999999503, 3.199999999999999734, 10.34999999999999964 ) ) ;
#3264 = VERTEX_POINT ( 'NONE', #2810 ) ;
#3265 = FILL_AREA_STYLE_COLOUR ( '', #1159 ) ;
#3266 = EDGE_CURVE ( 'NONE', #3950, #89, #4288, .T. ) ;
#3267 = ORIENTED_EDGE ( 'NONE', *, *, #2436, .F. ) ;
#3268 = FACE_OUTER_BOUND ( 'NONE', #4686, .T. ) ;
#3269 = SURFACE_SIDE_STYLE ('',( #742 ) ) ;
#3270 = CARTESIAN_POINT ( 'NONE',  ( 1.267467576206160147E-15, 0.0000000000000000000, 5.349999999999999645 ) ) ;
#3271 = PRESENTATION_STYLE_ASSIGNMENT (( #2812 ) ) ;
#3272 = ORIENTED_EDGE ( 'NONE', *, *, #746, .T. ) ;
#3273 = MECHANICAL_DESIGN_GEOMETRIC_PRESENTATION_REPRESENTATION (  '', ( #2577 ), #4129 ) ;
#3274 = EDGE_CURVE ( 'NONE', #507, #1107, #3644, .T. ) ;
#3275 = FILL_AREA_STYLE_COLOUR ( '', #1952 ) ;
#3276 = CARTESIAN_POINT ( 'NONE',  ( 23.10000000000000142, 12.30000000000000071, 0.8274904740837607520 ) ) ;
#3277 = VECTOR ( 'NONE', #2409, 1000.000000000000000 ) ;
#3278 =( LENGTH_UNIT ( ) NAMED_UNIT ( * ) SI_UNIT ( .MILLI., .METRE. ) );
#3279 = ORIENTED_EDGE ( 'NONE', *, *, #1212, .F. ) ;
#3280 =( NAMED_UNIT ( * ) PLANE_ANGLE_UNIT ( ) SI_UNIT ( $, .RADIAN. ) );
#3281 =( NAMED_UNIT ( * ) PLANE_ANGLE_UNIT ( ) SI_UNIT ( $, .RADIAN. ) );
#3282 = SURFACE_STYLE_FILL_AREA ( #296 ) ;
#3283 = ORIENTED_EDGE ( 'NONE', *, *, #3902, .F. ) ;
#3284 = CARTESIAN_POINT ( 'NONE',  ( 18.06499999999999773, 0.0000000000000000000, 5.349999999999999645 ) ) ;
#3285 = AXIS2_PLACEMENT_3D ( 'NONE', #2591, #1834, #2159 ) ;
#3286 = DIRECTION ( 'NONE',  ( 0.0000000000000000000, 0.0000000000000000000, 1.000000000000000000 ) ) ;
#3287 = COLOUR_RGB ( '',0.5019607843137254832, 0.5019607843137254832, 0.5019607843137254832 ) ;
#3288 = DIRECTION ( 'NONE',  ( -1.000000000000000000, 0.0000000000000000000, 0.0000000000000000000 ) ) ;
#3289 = ORIENTED_EDGE ( 'NONE', *, *, #1665, .F. ) ;
#3290 = FILL_AREA_STYLE ('',( #1476 ) ) ;
#3291 = DIRECTION ( 'NONE',  ( -1.000000000000000000, 0.0000000000000000000, -0.0000000000000000000 ) ) ;
#3292 = STYLED_ITEM ( 'NONE', ( #1394 ), #2965 ) ;
#3293 = VECTOR ( 'NONE', #4484, 1000.000000000000114 ) ;
#3294 = ORIENTED_EDGE ( 'NONE', *, *, #3241, .F. ) ;
#3295 = PLANE ( 'NONE',  #4365 ) ;
#3296 = FILL_AREA_STYLE_COLOUR ( '', #2977 ) ;
#3297 = CARTESIAN_POINT ( 'NONE',  ( 8.220048435305334345E-17, 8.968260511991896777, 0.6712400609100229731 ) ) ;
#3298 = ADVANCED_FACE ( 'NONE', ( #1797 ), #4797, .F. ) ;
#3299 = SURFACE_STYLE_USAGE ( .BOTH. , #4051 ) ;
#3300 = VERTEX_POINT ( 'NONE', #2974 ) ;
#3301 = VECTOR ( 'NONE', #821, 1000.000000000000000 ) ;
#3302 = STYLED_ITEM ( 'NONE', ( #326 ), #3566 ) ;
#3303 = CARTESIAN_POINT ( 'NONE',  ( 5.034999999999999254, -4.500000000000000000, 5.349999999999999645 ) ) ;
#3304 = VECTOR ( 'NONE', #1500, 1000.000000000000000 ) ;
#3305 = VECTOR ( 'NONE', #1262, 1000.000000000000000 ) ;
#3306 = LINE ( 'NONE', #1782, #3811 ) ;
#3307 = ORIENTED_EDGE ( 'NONE', *, *, #4482, .F. ) ;
#3308 = EDGE_CURVE ( 'NONE', #4101, #3006, #702, .T. ) ;
#3309 = ORIENTED_EDGE ( 'NONE', *, *, #2553, .T. ) ;
#3310 =( GEOMETRIC_REPRESENTATION_CONTEXT ( 3 ) GLOBAL_UNCERTAINTY_ASSIGNED_CONTEXT ( ( #3 ) ) GLOBAL_UNIT_ASSIGNED_CONTEXT ( ( #754, #343, #2631 ) ) REPRESENTATION_CONTEXT ( 'NONE', 'WORKASPACE' ) );
#3311 = DIRECTION ( 'NONE',  ( 1.000000000000000000, 0.0000000000000000000, 0.0000000000000000000 ) ) ;
#3312 = PLANE ( 'NONE',  #1227 ) ;
#3313 = SURFACE_STYLE_FILL_AREA ( #3655 ) ;
#3314 = FILL_AREA_STYLE_COLOUR ( '', #2785 ) ;
#3315 = VERTEX_POINT ( 'NONE', #3374 ) ;
#3316 = FILL_AREA_STYLE_COLOUR ( '', #4534 ) ;
#3317 = EDGE_LOOP ( 'NONE', ( #467, #2520, #3245, #1114 ) ) ;
#3318 =( GEOMETRIC_REPRESENTATION_CONTEXT ( 3 ) GLOBAL_UNCERTAINTY_ASSIGNED_CONTEXT ( ( #3058 ) ) GLOBAL_UNIT_ASSIGNED_CONTEXT ( ( #2279, #1149, #4146 ) ) REPRESENTATION_CONTEXT ( 'NONE', 'WORKASPACE' ) );
#3319 = CARTESIAN_POINT ( 'NONE',  ( 6.184999999999999609, 0.0000000000000000000, 5.349999999999999645 ) ) ;
#3320 = CARTESIAN_POINT ( 'NONE',  ( 1.074999999999999067, 3.199999999999999734, 10.34999999999999964 ) ) ;
#3321 = LINE ( 'NONE', #1098, #2181 ) ;
#3322 = DIRECTION ( 'NONE',  ( 1.000000000000000000, 0.0000000000000000000, -0.0000000000000000000 ) ) ;
#3323 = ORIENTED_EDGE ( 'NONE', *, *, #4658, .F. ) ;
#3324 = COLOUR_RGB ( '',0.5019607843137254832, 0.5019607843137254832, 0.5019607843137254832 ) ;
#3325 = EDGE_CURVE ( 'NONE', #2481, #3787, #1814, .T. ) ;
#3326 =( LENGTH_UNIT ( ) NAMED_UNIT ( * ) SI_UNIT ( .MILLI., .METRE. ) );
#3327 = UNCERTAINTY_MEASURE_WITH_UNIT (LENGTH_MEASURE( 1.000000000000000082E-05 ), #1075, 'distance_accuracy_value', 'NONE');
#3328 = PRESENTATION_STYLE_ASSIGNMENT (( #358 ) ) ;
#3329 = ORIENTED_EDGE ( 'NONE', *, *, #696, .F. ) ;
#3330 = EDGE_CURVE ( 'NONE', #2259, #14, #1097, .T. ) ;
#3331 = EDGE_CURVE ( 'NONE', #1798, #3315, #371, .T. ) ;
#3332 = DIRECTION ( 'NONE',  ( 1.000000000000000000, 0.0000000000000000000, 0.0000000000000000000 ) ) ;
#3333 = SURFACE_SIDE_STYLE ('',( #3734 ) ) ;
#3334 = EDGE_LOOP ( 'NONE', ( #1560, #2365, #3673, #1104 ) ) ;
#3335 = COLOUR_RGB ( '',0.5019607843137254832, 0.5019607843137254832, 0.5019607843137254832 ) ;
#3336 = CARTESIAN_POINT ( 'NONE',  ( 1.075000000000000178, -4.500000000000000000, 4.200000000000000178 ) ) ;
#3337 = DIRECTION ( 'NONE',  ( -1.885568995626964040E-16, 0.0000000000000000000, 1.000000000000000000 ) ) ;
#3338 = AXIS2_PLACEMENT_3D ( 'NONE', #3878, #3151, #195 ) ;
#3339 = EDGE_CURVE ( 'NONE', #47, #1483, #4050, .T. ) ;
#3340 = LINE ( 'NONE', #3682, #1751 ) ;
#3341 = DIRECTION ( 'NONE',  ( 0.0000000000000000000, 0.8848285909157097562, 0.4659166928734359003 ) ) ;
#3342 = ORIENTED_EDGE ( 'NONE', *, *, #631, .T. ) ;
#3343 = VECTOR ( 'NONE', #3847, 1000.000000000000000 ) ;
#3344 = SURFACE_STYLE_USAGE ( .BOTH. , #740 ) ;
#3345 = PLANE ( 'NONE',  #2042 ) ;
#3346 = LINE ( 'NONE', #4411, #2753 ) ;
#3347 = VERTEX_POINT ( 'NONE', #1864 ) ;
#3348 = DIRECTION ( 'NONE',  ( -1.000000000000000000, 0.0000000000000000000, 0.0000000000000000000 ) ) ;
#3349 = DIRECTION ( 'NONE',  ( -1.000000000000000000, 0.0000000000000000000, -0.0000000000000000000 ) ) ;
#3350 = DIRECTION ( 'NONE',  ( -1.000000000000000000, 0.0000000000000000000, 0.0000000000000000000 ) ) ;
#3351 = ORIENTED_EDGE ( 'NONE', *, *, #272, .F. ) ;
#3352 = COLOUR_RGB ( '',0.5019607843137254832, 0.5019607843137254832, 0.5019607843137254832 ) ;
#3353 = ADVANCED_FACE ( 'NONE', ( #1120 ), #3345, .T. ) ;
#3354 =( NAMED_UNIT ( * ) PLANE_ANGLE_UNIT ( ) SI_UNIT ( $, .RADIAN. ) );
#3355 =( GEOMETRIC_REPRESENTATION_CONTEXT ( 3 ) GLOBAL_UNCERTAINTY_ASSIGNED_CONTEXT ( ( #4055 ) ) GLOBAL_UNIT_ASSIGNED_CONTEXT ( ( #4269, #4663, #4780 ) ) REPRESENTATION_CONTEXT ( 'NONE', 'WORKASPACE' ) );
#3356 =( LENGTH_UNIT ( ) NAMED_UNIT ( * ) SI_UNIT ( .MILLI., .METRE. ) );
#3357 = SURFACE_SIDE_STYLE ('',( #1878 ) ) ;
#3358 = DIRECTION ( 'NONE',  ( 0.3090169943749456194, -0.9510565162951540863, 0.0000000000000000000 ) ) ;
#3359 =( NAMED_UNIT ( * ) SI_UNIT ( $, .STERADIAN. ) SOLID_ANGLE_UNIT ( ) );
#3360 = ORIENTED_EDGE ( 'NONE', *, *, #2680, .T. ) ;
#3361 = LINE ( 'NONE', #783, #325 ) ;
#3362 = DIRECTION ( 'NONE',  ( 1.000000000000000000, 0.0000000000000000000, -1.224606353822377012E-16 ) ) ;
#3363 = EDGE_CURVE ( 'NONE', #884, #4783, #2594, .T. ) ;
#3364 = STYLED_ITEM ( 'NONE', ( #1895 ), #2146 ) ;
#3365 = FACE_OUTER_BOUND ( 'NONE', #543, .T. ) ;
#3366 = VECTOR ( 'NONE', #2323, 1000.000000000000000 ) ;
#3367 = CARTESIAN_POINT ( 'NONE',  ( 2.062540151883548667, -4.500000000000000000, 4.362459848116452044 ) ) ;
#3368 = ORIENTED_EDGE ( 'NONE', *, *, #3630, .T. ) ;
#3369 = DIRECTION ( 'NONE',  ( 0.0000000000000000000, -0.5614797550229504441, -0.8274904740837610850 ) ) ;
#3370 = ADVANCED_FACE ( 'NONE', ( #769 ), #397, .F. ) ;
#3371 = STYLED_ITEM ( 'NONE', ( #4112 ), #2700 ) ;
#3372 = DIRECTION ( 'NONE',  ( -1.224606353822377012E-16, 1.734723475976807094E-15, -1.000000000000000000 ) ) ;
#3373 = VECTOR ( 'NONE', #3495, 1000.000000000000000 ) ;
#3374 = CARTESIAN_POINT ( 'NONE',  ( 1.074999999999999956, 3.200000000000000178, 5.349999999999999645 ) ) ;
#3375 = DIRECTION ( 'NONE',  ( 0.0000000000000000000, -0.8274904740837608630, 0.5614797550229505552 ) ) ;
#3376 = ORIENTED_EDGE ( 'NONE', *, *, #2403, .T. ) ;
#3377 = VECTOR ( 'NONE', #949, 1000.000000000000000 ) ;
#3378 =( LENGTH_UNIT ( ) NAMED_UNIT ( * ) SI_UNIT ( .MILLI., .METRE. ) );
#3379 = UNCERTAINTY_MEASURE_WITH_UNIT (LENGTH_MEASURE( 1.000000000000000082E-05 ), #3326, 'distance_accuracy_value', 'NONE');
#3380 = PLANE ( 'NONE',  #3202 ) ;
#3381 = CARTESIAN_POINT ( 'NONE',  ( 22.02499999999999503, 14.40000000000000391, 4.200000000000000178 ) ) ;
#3382 = ORIENTED_EDGE ( 'NONE', *, *, #1198, .F. ) ;
#3383 = AXIS2_PLACEMENT_3D ( 'NONE', #673, #4746, #4355 ) ;
#3384 = STYLED_ITEM ( 'NONE', ( #3037 ), #3635 ) ;
#3385 = ORIENTED_EDGE ( 'NONE', *, *, #2729, .F. ) ;
#3386 = ORIENTED_EDGE ( 'NONE', *, *, #4393, .F. ) ;
#3387 = CARTESIAN_POINT ( 'NONE',  ( 0.0000000000000000000, 9.033243561979320546, 1.835620030455010765 ) ) ;
#3388 = LINE ( 'NONE', #188, #1150 ) ;
#3389 = AXIS2_PLACEMENT_3D ( 'NONE', #4291, #609, #3148 ) ;
#3390 = AXIS2_PLACEMENT_3D ( 'NONE', #264, #1006, #4002 ) ;
#3391 = EDGE_CURVE ( 'NONE', #3300, #4496, #3040, .T. ) ;
#3392 = AXIS2_PLACEMENT_3D ( 'NONE', #1506, #1837, #1482 ) ;
#3393 = SURFACE_STYLE_FILL_AREA ( #836 ) ;
#3394 = ORIENTED_EDGE ( 'NONE', *, *, #2849, .T. ) ;
#3395 = LINE ( 'NONE', #2275, #3305 ) ;
#3396 = ADVANCED_FACE ( 'NONE', ( #2001 ), #4120, .F. ) ;
#3397 = ORIENTED_EDGE ( 'NONE', *, *, #1635, .F. ) ;
#3398 = DIRECTION ( 'NONE',  ( -1.000000000000000000, -0.0000000000000000000, 1.224606353822377012E-16 ) ) ;
#3399 =( NAMED_UNIT ( * ) SI_UNIT ( $, .STERADIAN. ) SOLID_ANGLE_UNIT ( ) );
#3400 = LINE ( 'NONE', #399, #3613 ) ;
#3401 = COLOUR_RGB ( '',0.5019607843137254832, 0.5019607843137254832, 0.5019607843137254832 ) ;
#3402 = AXIS2_PLACEMENT_3D ( 'NONE', #4396, #778, #3311 ) ;
#3403 = SURFACE_STYLE_FILL_AREA ( #1179 ) ;
#3404 = SURFACE_STYLE_FILL_AREA ( #1922 ) ;
#3405 = ORIENTED_EDGE ( 'NONE', *, *, #376, .F. ) ;
#3406 = STYLED_ITEM ( 'NONE', ( #3676 ), #298 ) ;
#3407 = ORIENTED_EDGE ( 'NONE', *, *, #4664, .F. ) ;
#3408 = PRESENTATION_LAYER_ASSIGNMENT (  '', '', ( #65 ) ) ;
#3409 = CARTESIAN_POINT ( 'NONE',  ( 1.074999999999999956, -3.999999999999999112, 5.349999999999999645 ) ) ;
#3410 = DIRECTION ( 'NONE',  ( 0.0000000000000000000, 0.0000000000000000000, -1.000000000000000000 ) ) ;
#3411 =( LENGTH_UNIT ( ) NAMED_UNIT ( * ) SI_UNIT ( .MILLI., .METRE. ) );
#3412 = CARTESIAN_POINT ( 'NONE',  ( 12.95500000000000007, -4.500000000000000000, 5.187540151883547779 ) ) ;
#3413 = ORIENTED_EDGE ( 'NONE', *, *, #2525, .F. ) ;
#3414 = AXIS2_PLACEMENT_3D ( 'NONE', #4029, #2190, #3701 ) ;
#3415 = EDGE_CURVE ( 'NONE', #3347, #4793, #2301, .T. ) ;
#3416 = VECTOR ( 'NONE', #157, 1000.000000000000000 ) ;
#3417 = CARTESIAN_POINT ( 'NONE',  ( 14.10499999999999865, 14.39999999999999680, 5.349999999999999645 ) ) ;
#3418 = STYLED_ITEM ( 'NONE', ( #3047 ), #1459 ) ;
#3419 = DIRECTION ( 'NONE',  ( 0.0000000000000000000, -0.3090169943749456749, 0.9510565162951541973 ) ) ;
#3420 =( NAMED_UNIT ( * ) PLANE_ANGLE_UNIT ( ) SI_UNIT ( $, .RADIAN. ) );
#3421 =( NAMED_UNIT ( * ) PLANE_ANGLE_UNIT ( ) SI_UNIT ( $, .RADIAN. ) );
#3422 = SURFACE_STYLE_USAGE ( .BOTH. , #525 ) ;
#3423 = DIRECTION ( 'NONE',  ( 1.000000000000000000, 0.0000000000000000000, 0.0000000000000000000 ) ) ;
#3424 = ADVANCED_FACE ( 'NONE', ( #495 ), #2733, .F. ) ;
#3425 = CARTESIAN_POINT ( 'NONE',  ( 0.0000000000000000000, 12.30000000000000071, 0.8274904740837607520 ) ) ;
#3426 = UNCERTAINTY_MEASURE_WITH_UNIT (LENGTH_MEASURE( 1.000000000000000082E-05 ), #138, 'distance_accuracy_value', 'NONE');
#3427 = CARTESIAN_POINT ( 'NONE',  ( 22.02499999999999503, 14.40000000000000391, 5.349999999999999645 ) ) ;
#3428 = ORIENTED_EDGE ( 'NONE', *, *, #2436, .T. ) ;
#3429 = EDGE_CURVE ( 'NONE', #3315, #928, #2099, .T. ) ;
#3430 = SURFACE_SIDE_STYLE ('',( #1926 ) ) ;
#3431 =( NAMED_UNIT ( * ) SI_UNIT ( $, .STERADIAN. ) SOLID_ANGLE_UNIT ( ) );
#3432 = CARTESIAN_POINT ( 'NONE',  ( 18.06499999999999773, -3.999999999999985345, 4.200000000000000178 ) ) ;
#3433 = DIRECTION ( 'NONE',  ( -1.224606353822377012E-16, 0.0000000000000000000, -1.000000000000000000 ) ) ;
#3434 = STYLED_ITEM ( 'NONE', ( #1326 ), #2101 ) ;
#3435 = LINE ( 'NONE', #126, #3454 ) ;
#3436 = LINE ( 'NONE', #3035, #2490 ) ;
#3437 = ORIENTED_EDGE ( 'NONE', *, *, #4742, .F. ) ;
#3438 = VECTOR ( 'NONE', #4700, 1000.000000000000000 ) ;
#3439 = DIRECTION ( 'NONE',  ( -1.000000000000000000, 0.0000000000000000000, 0.0000000000000000000 ) ) ;
#3440 = EDGE_LOOP ( 'NONE', ( #952, #3628, #108, #1379 ) ) ;
#3441 = PLANE ( 'NONE',  #4139 ) ;
#3442 = DIRECTION ( 'NONE',  ( -0.0000000000000000000, 0.0000000000000000000, 1.000000000000000000 ) ) ;
#3443 = CARTESIAN_POINT ( 'NONE',  ( 9.143298592640253020, -4.456416137155165380, 4.348298592640251314 ) ) ;
#3444 = FILL_AREA_STYLE_COLOUR ( '', #918 ) ;
#3445 = STYLED_ITEM ( 'NONE', ( #3877 ), #2796 ) ;
#3446 =( GEOMETRIC_REPRESENTATION_CONTEXT ( 3 ) GLOBAL_UNCERTAINTY_ASSIGNED_CONTEXT ( ( #61 ) ) GLOBAL_UNIT_ASSIGNED_CONTEXT ( ( #1553, #1959, #4556 ) ) REPRESENTATION_CONTEXT ( 'NONE', 'WORKASPACE' ) );
#3447 = EDGE_CURVE ( 'NONE', #3315, #2102, #1744, .T. ) ;
#3448 = CARTESIAN_POINT ( 'NONE',  ( 2.225000000000000089, -4.500000000000000000, 5.349999999999999645 ) ) ;
#3449 = ORIENTED_EDGE ( 'NONE', *, *, #4220, .F. ) ;
#3450 = ADVANCED_FACE ( 'NONE', ( #2782 ), #2853, .T. ) ;
#3451 = FILL_AREA_STYLE ('',( #431 ) ) ;
#3452 = VECTOR ( 'NONE', #1526, 1000.000000000000000 ) ;
#3453 = LINE ( 'NONE', #513, #3013 ) ;
#3454 = VECTOR ( 'NONE', #103, 1000.000000000000000 ) ;
#3455 = VECTOR ( 'NONE', #2394, 1000.000000000000000 ) ;
#3456 =( NAMED_UNIT ( * ) SI_UNIT ( $, .STERADIAN. ) SOLID_ANGLE_UNIT ( ) );
#3457 =( LENGTH_UNIT ( ) NAMED_UNIT ( * ) SI_UNIT ( .MILLI., .METRE. ) );
#3458 = VERTEX_POINT ( 'NONE', #972 ) ;
#3459 = UNCERTAINTY_MEASURE_WITH_UNIT (LENGTH_MEASURE( 1.000000000000000082E-05 ), #600, 'distance_accuracy_value', 'NONE');
#3460 = VECTOR ( 'NONE', #454, 1000.000000000000000 ) ;
#3461 = AXIS2_PLACEMENT_3D ( 'NONE', #1170, #3369, #4480 ) ;
#3462 = PLANE ( 'NONE',  #590 ) ;
#3463 = SURFACE_STYLE_FILL_AREA ( #4078 ) ;
#3464 = ORIENTED_EDGE ( 'NONE', *, *, #2773, .T. ) ;
#3465 = DIRECTION ( 'NONE',  ( 0.2952418088443241051, 0.9086608545660272984, -0.2952418088443247712 ) ) ;
#3466 = DIRECTION ( 'NONE',  ( 0.0000000000000000000, 0.0000000000000000000, -1.000000000000000000 ) ) ;
#3467 = CARTESIAN_POINT ( 'NONE',  ( 20.87499999999999645, -4.500000000000000000, 5.349999999999999645 ) ) ;
#3468 = CARTESIAN_POINT ( 'NONE',  ( 1.924999999999998712, 15.00000000000000000, 4.200000000000000178 ) ) ;
#3469 = DIRECTION ( 'NONE',  ( 0.2952418088443246602, -0.9086608545660269654, 0.2952418088443246602 ) ) ;
#3470 = VERTEX_POINT ( 'NONE', #2442 ) ;
#3471 = VERTEX_POINT ( 'NONE', #574 ) ;
#3472 = EDGE_CURVE ( 'NONE', #2718, #4474, #1360, .T. ) ;
#3473 = DIRECTION ( 'NONE',  ( -0.0000000000000000000, 0.0000000000000000000, 1.000000000000000000 ) ) ;
#3474 = SURFACE_STYLE_FILL_AREA ( #4134 ) ;
#3475 = DIRECTION ( 'NONE',  ( 0.0000000000000000000, -0.9510565162951546414, -0.3090169943749438985 ) ) ;
#3476 = EDGE_CURVE ( 'NONE', #734, #4127, #1663, .T. ) ;
#3477 = MECHANICAL_DESIGN_GEOMETRIC_PRESENTATION_REPRESENTATION (  '', ( #1393 ), #1165 ) ;
#3478 =( NAMED_UNIT ( * ) PLANE_ANGLE_UNIT ( ) SI_UNIT ( $, .RADIAN. ) );
#3479 = SURFACE_STYLE_FILL_AREA ( #3808 ) ;
#3480 = EDGE_LOOP ( 'NONE', ( #3509, #3926, #4268, #2352 ) ) ;
#3481 = AXIS2_PLACEMENT_3D ( 'NONE', #2451, #2030, #2355 ) ;
#3482 = DIRECTION ( 'NONE',  ( 0.0000000000000000000, -0.0000000000000000000, -1.000000000000000000 ) ) ;
#3483 = COLOUR_RGB ( '',0.5019607843137254832, 0.5019607843137254832, 0.5019607843137254832 ) ;
#3484 =( NAMED_UNIT ( * ) PLANE_ANGLE_UNIT ( ) SI_UNIT ( $, .RADIAN. ) );
#3485 = ORIENTED_EDGE ( 'NONE', *, *, #1609, .T. ) ;
#3486 = FILL_AREA_STYLE ('',( #2041 ) ) ;
#3487 = SURFACE_SIDE_STYLE ('',( #3083 ) ) ;
#3488 = SURFACE_STYLE_FILL_AREA ( #2002 ) ;
#3489 = AXIS2_PLACEMENT_3D ( 'NONE', #4293, #1370, #1730 ) ;
#3490 =( LENGTH_UNIT ( ) NAMED_UNIT ( * ) SI_UNIT ( .MILLI., .METRE. ) );
#3491 = LINE ( 'NONE', #1621, #3714 ) ;
#3492 = VECTOR ( 'NONE', #331, 1000.000000000000000 ) ;
#3493 = MECHANICAL_DESIGN_GEOMETRIC_PRESENTATION_REPRESENTATION (  '', ( #3739 ), #3569 ) ;
#3494 =( LENGTH_UNIT ( ) NAMED_UNIT ( * ) SI_UNIT ( .MILLI., .METRE. ) );
#3495 = DIRECTION ( 'NONE',  ( -0.0000000000000000000, 1.000000000000000000, -0.0000000000000000000 ) ) ;
#3496 = CARTESIAN_POINT ( 'NONE',  ( 23.10000000000000142, 3.199999999999999734, 10.34999999999999964 ) ) ;
#3497 = ORIENTED_EDGE ( 'NONE', *, *, #658, .T. ) ;
#3498 =( NAMED_UNIT ( * ) SI_UNIT ( $, .STERADIAN. ) SOLID_ANGLE_UNIT ( ) );
#3499 = VERTEX_POINT ( 'NONE', #3243 ) ;
#3500 = EDGE_CURVE ( 'NONE', #1396, #3042, #2043, .T. ) ;
#3501 = LINE ( 'NONE', #1651, #3588 ) ;
#3502 = CARTESIAN_POINT ( 'NONE',  ( 21.86254015188353961, -4.500000000000000000, 5.187540151883544226 ) ) ;
#3503 = SURFACE_STYLE_FILL_AREA ( #964 ) ;
#3504 = EDGE_LOOP ( 'NONE', ( #2266, #1312, #1286, #3747 ) ) ;
#3505 = EDGE_CURVE ( 'NONE', #247, #4101, #2465, .T. ) ;
#3506 = DIRECTION ( 'NONE',  ( 0.4082482904638630172, -0.8164965809277260345, 0.4082482904638630172 ) ) ;
#3507 = VECTOR ( 'NONE', #1954, 1000.000000000000000 ) ;
#3508 = COLOUR_RGB ( '',1.000000000000000000, 1.000000000000000000, 1.000000000000000000 ) ;
#3509 = ORIENTED_EDGE ( 'NONE', *, *, #2315, .F. ) ;
#3510 = EDGE_CURVE ( 'NONE', #1204, #247, #624, .T. ) ;
#3511 = CARTESIAN_POINT ( 'NONE',  ( 1.976458522816629371, -4.764932012632485225, 5.101458522816628260 ) ) ;
#3512 = FILL_AREA_STYLE_COLOUR ( '', #982 ) ;
#3513 = CARTESIAN_POINT ( 'NONE',  ( 2.062540151883548667, -4.500000000000000000, 4.200000000000000178 ) ) ;
#3514 = FACE_OUTER_BOUND ( 'NONE', #829, .T. ) ;
#3515 = VECTOR ( 'NONE', #395, 1000.000000000000000 ) ;
#3516 = UNCERTAINTY_MEASURE_WITH_UNIT (LENGTH_MEASURE( 1.000000000000000082E-05 ), #4417, 'distance_accuracy_value', 'NONE');
#3517 = LINE ( 'NONE', #186, #3377 ) ;
#3518 = CARTESIAN_POINT ( 'NONE',  ( 9.294999999999998153, 15.00000000000000000, 4.200000000000000178 ) ) ;
#3519 = FACE_OUTER_BOUND ( 'NONE', #1050, .T. ) ;
#3520 = EDGE_LOOP ( 'NONE', ( #3826, #2866, #1421, #913 ) ) ;
#3521 = PRESENTATION_STYLE_ASSIGNMENT (( #3918 ) ) ;
#3522 = FACE_OUTER_BOUND ( 'NONE', #2179, .T. ) ;
#3523 = CARTESIAN_POINT ( 'NONE',  ( 21.12354147718337316, -4.764932012632482561, 5.101458522816626484 ) ) ;
#3524 = EDGE_LOOP ( 'NONE', ( #597, #725, #4318, #4351 ) ) ;
#3525 = PRESENTATION_STYLE_ASSIGNMENT (( #861 ) ) ;
#3526 = PLANE ( 'NONE',  #2314 ) ;
#3527 = DIRECTION ( 'NONE',  ( 1.000000000000000000, 0.0000000000000000000, 0.0000000000000000000 ) ) ;
#3528 = ORIENTED_EDGE ( 'NONE', *, *, #1115, .F. ) ;
#3529 = FACE_OUTER_BOUND ( 'NONE', #1359, .T. ) ;
#3530 = PRESENTATION_LAYER_ASSIGNMENT (  '', '', ( #2524 ) ) ;
#3531 =( GEOMETRIC_REPRESENTATION_CONTEXT ( 3 ) GLOBAL_UNCERTAINTY_ASSIGNED_CONTEXT ( ( #741 ) ) GLOBAL_UNIT_ASSIGNED_CONTEXT ( ( #1427, #1858, #4795 ) ) REPRESENTATION_CONTEXT ( 'NONE', 'WORKASPACE' ) );
#3532 = ADVANCED_FACE ( 'NONE', ( #3887 ), #549, .T. ) ;
#3533 = VECTOR ( 'NONE', #3337, 1000.000000000000000 ) ;
#3534 = FILL_AREA_STYLE_COLOUR ( '', #1185 ) ;
#3535 = VERTEX_POINT ( 'NONE', #4380 ) ;
#3536 =( NAMED_UNIT ( * ) PLANE_ANGLE_UNIT ( ) SI_UNIT ( $, .RADIAN. ) );
#3537 = SURFACE_SIDE_STYLE ('',( #2419 ) ) ;
#3538 = AXIS2_PLACEMENT_3D ( 'NONE', #1948, #3362, #3433 ) ;
#3539 = EDGE_CURVE ( 'NONE', #3006, #3702, #1453, .T. ) ;
#3540 = FACE_OUTER_BOUND ( 'NONE', #440, .T. ) ;
#3541 = FACE_BOUND ( 'NONE', #782, .T. ) ;
#3542 = ORIENTED_EDGE ( 'NONE', *, *, #1268, .F. ) ;
#3543 =( LENGTH_UNIT ( ) NAMED_UNIT ( * ) SI_UNIT ( .MILLI., .METRE. ) );
#3544 = CARTESIAN_POINT ( 'NONE',  ( 5.334999999999997300, 15.00000000000000000, 4.499999999999998224 ) ) ;
#3545 = PRESENTATION_STYLE_ASSIGNMENT (( #315 ) ) ;
#3546 = CARTESIAN_POINT ( 'NONE',  ( 8.994999999999999218, -4.500000000000000000, 4.200000000000000178 ) ) ;
#3547 = VERTEX_POINT ( 'NONE', #2615 ) ;
#3548 = LINE ( 'NONE', #4687, #2730 ) ;
#3549 = CARTESIAN_POINT ( 'NONE',  ( 0.0000000000000000000, 3.200000000000000178, 1.000000000000000000 ) ) ;
#3550 =( GEOMETRIC_REPRESENTATION_CONTEXT ( 3 ) GLOBAL_UNCERTAINTY_ASSIGNED_CONTEXT ( ( #4622 ) ) GLOBAL_UNIT_ASSIGNED_CONTEXT ( ( #3215, #2926, #2854 ) ) REPRESENTATION_CONTEXT ( 'NONE', 'WORKASPACE' ) );
#3551 = SURFACE_STYLE_USAGE ( .BOTH. , #1761 ) ;
#3552 = DIRECTION ( 'NONE',  ( 1.000000000000000000, 0.0000000000000000000, 0.0000000000000000000 ) ) ;
#3553 =( LENGTH_UNIT ( ) NAMED_UNIT ( * ) SI_UNIT ( .MILLI., .METRE. ) );
#3554 = ORIENTED_EDGE ( 'NONE', *, *, #4099, .F. ) ;
#3555 = DIRECTION ( 'NONE',  ( 0.0000000000000000000, -1.000000000000000000, 0.0000000000000000000 ) ) ;
#3556 = VECTOR ( 'NONE', #3332, 1000.000000000000000 ) ;
#3557 = SURFACE_SIDE_STYLE ('',( #3996 ) ) ;
#3558 = ORIENTED_EDGE ( 'NONE', *, *, #989, .F. ) ;
#3559 = LINE ( 'NONE', #179, #2815 ) ;
#3560 = ADVANCED_FACE ( 'NONE', ( #2876 ), #1889, .T. ) ;
#3561 = DIRECTION ( 'NONE',  ( 0.4472135954999579277, -0.8944271909999158554, 0.0000000000000000000 ) ) ;
#3562 = ORIENTED_EDGE ( 'NONE', *, *, #237, .T. ) ;
#3563 = VECTOR ( 'NONE', #2358, 1000.000000000000000 ) ;
#3564 = UNCERTAINTY_MEASURE_WITH_UNIT (LENGTH_MEASURE( 1.000000000000000082E-05 ), #996, 'distance_accuracy_value', 'NONE');
#3565 = SURFACE_STYLE_USAGE ( .BOTH. , #262 ) ;
#3566 = ADVANCED_FACE ( 'NONE', ( #2949 ), #3661, .F. ) ;
#3567 = LINE ( 'NONE', #241, #281 ) ;
#3568 = EDGE_LOOP ( 'NONE', ( #1168, #4074, #2053, #4548, #3976, #2191, #1842, #903, #1536, #1617, #3309, #4407, #4400, #4558, #1925, #3485 ) ) ;
#3569 =( GEOMETRIC_REPRESENTATION_CONTEXT ( 3 ) GLOBAL_UNCERTAINTY_ASSIGNED_CONTEXT ( ( #2787 ) ) GLOBAL_UNIT_ASSIGNED_CONTEXT ( ( #943, #228, #3239 ) ) REPRESENTATION_CONTEXT ( 'NONE', 'WORKASPACE' ) );
#3570 = SURFACE_STYLE_USAGE ( .BOTH. , #4319 ) ;
#3571 = DIRECTION ( 'NONE',  ( -1.000000000000000000, -0.0000000000000000000, -0.0000000000000000000 ) ) ;
#3572 = DIRECTION ( 'NONE',  ( 0.0000000000000000000, 0.0000000000000000000, -1.000000000000000000 ) ) ;
#3573 = CARTESIAN_POINT ( 'NONE',  ( 5.885000000000001563, 15.00000000000000000, 5.050000000000001599 ) ) ;
#3574 = VERTEX_POINT ( 'NONE', #492 ) ;
#3575 = VECTOR ( 'NONE', #3350, 1000.000000000000000 ) ;
#3576 = ADVANCED_FACE ( 'NONE', ( #4162 ), #3462, .F. ) ;
#3577 = DIRECTION ( 'NONE',  ( -0.9510565162951541973, -0.3090169943749456749, 0.0000000000000000000 ) ) ;
#3578 = CARTESIAN_POINT ( 'NONE',  ( 17.76499999999999702, 15.00000000000000000, 4.200000000000000178 ) ) ;
#3579 = SURFACE_STYLE_FILL_AREA ( #2749 ) ;
#3580 =( NAMED_UNIT ( * ) PLANE_ANGLE_UNIT ( ) SI_UNIT ( $, .RADIAN. ) );
#3581 = EDGE_LOOP ( 'NONE', ( #2155, #4456, #1698, #1995 ) ) ;
#3582 = CARTESIAN_POINT ( 'NONE',  ( 16.91499999999999915, -3.999999999999985345, 4.200000000000000178 ) ) ;
#3583 =( LENGTH_UNIT ( ) NAMED_UNIT ( * ) SI_UNIT ( .MILLI., .METRE. ) );
#3584 = ORIENTED_EDGE ( 'NONE', *, *, #3869, .T. ) ;
#3585 = PRESENTATION_STYLE_ASSIGNMENT (( #4310 ) ) ;
#3586 = COLOUR_RGB ( '',1.000000000000000000, 1.000000000000000000, 1.000000000000000000 ) ;
#3587 = FACE_OUTER_BOUND ( 'NONE', #2021, .T. ) ;
#3588 = VECTOR ( 'NONE', #563, 1000.000000000000000 ) ;
#3589 = ORIENTED_EDGE ( 'NONE', *, *, #3073, .F. ) ;
#3590 = CARTESIAN_POINT ( 'NONE',  ( 23.10000000000000142, 5.765916692873439331, 0.1151714090842901606 ) ) ;
#3591 = DIRECTION ( 'NONE',  ( 1.000000000000000000, 0.0000000000000000000, 0.0000000000000000000 ) ) ;
#3592 = LINE ( 'NONE', #2521, #787 ) ;
#3593 = FACE_BOUND ( 'NONE', #3622, .T. ) ;
#3594 = ORIENTED_EDGE ( 'NONE', *, *, #3274, .F. ) ;
#3595 = STYLED_ITEM ( 'NONE', ( #3020 ), #2233 ) ;
#3596 = STYLED_ITEM ( 'NONE', ( #4360 ), #2415 ) ;
#3597 = CARTESIAN_POINT ( 'NONE',  ( 6.184999999999999609, 3.200000000000000178, 4.200000000000000178 ) ) ;
#3598 = PLANE ( 'NONE',  #2011 ) ;
#3599 = CARTESIAN_POINT ( 'NONE',  ( 10.14499999999999957, 0.0000000000000000000, 10.34999999999999964 ) ) ;
#3600 = CARTESIAN_POINT ( 'NONE',  ( 14.10499999999999865, 3.199999999999999734, 10.34999999999999964 ) ) ;
#3601 = VERTEX_POINT ( 'NONE', #839 ) ;
#3602 = DIRECTION ( 'NONE',  ( 1.000000000000000000, 0.0000000000000000000, 0.0000000000000000000 ) ) ;
#3603 = MECHANICAL_DESIGN_GEOMETRIC_PRESENTATION_REPRESENTATION (  '', ( #183 ), #489 ) ;
#3604 = EDGE_CURVE ( 'NONE', #4498, #2779, #3395, .T. ) ;
#3605 = DIRECTION ( 'NONE',  ( -1.000000000000000000, 0.0000000000000000000, -0.0000000000000000000 ) ) ;
#3606 = DIRECTION ( 'NONE',  ( 0.0000000000000000000, -0.4472135954999579832, -0.8944271909999159664 ) ) ;
#3607 = CARTESIAN_POINT ( 'NONE',  ( 5.034999999999999254, 0.0000000000000000000, 4.200000000000000178 ) ) ;
#3608 =( GEOMETRIC_REPRESENTATION_CONTEXT ( 3 ) GLOBAL_UNCERTAINTY_ASSIGNED_CONTEXT ( ( #4435 ) ) GLOBAL_UNIT_ASSIGNED_CONTEXT ( ( #3278, #2913, #4416 ) ) REPRESENTATION_CONTEXT ( 'NONE', 'WORKASPACE' ) );
#3609 = CARTESIAN_POINT ( 'NONE',  ( 1.074999999999999956, -4.500000000000000000, 5.349999999999999645 ) ) ;
#3610 = ORIENTED_EDGE ( 'NONE', *, *, #3001, .T. ) ;
#3611 = SURFACE_SIDE_STYLE ('',( #2176 ) ) ;
#3612 = EDGE_LOOP ( 'NONE', ( #2228, #3449, #2606, #1724 ) ) ;
#3613 = VECTOR ( 'NONE', #1148, 1000.000000000000000 ) ;
#3614 =( LENGTH_UNIT ( ) NAMED_UNIT ( * ) SI_UNIT ( .MILLI., .METRE. ) );
#3615 = PRESENTATION_LAYER_ASSIGNMENT (  '', '', ( #902 ) ) ;
#3616 = VECTOR ( 'NONE', #544, 1000.000000000000000 ) ;
#3617 = ORIENTED_EDGE ( 'NONE', *, *, #953, .T. ) ;
#3618 = UNCERTAINTY_MEASURE_WITH_UNIT (LENGTH_MEASURE( 1.000000000000000082E-05 ), #3356, 'distance_accuracy_value', 'NONE');
#3619 = CARTESIAN_POINT ( 'NONE',  ( 0.0000000000000000000, 9.529740267014847888, 1.498730534993784058 ) ) ;
#3620 = CARTESIAN_POINT ( 'NONE',  ( 0.0000000000000000000, 3.199999999999999734, 10.90724960588331705 ) ) ;
#3621 = COLOUR_RGB ( '',0.5019607843137254832, 0.5019607843137254832, 0.5019607843137254832 ) ;
#3622 = EDGE_LOOP ( 'NONE', ( #3964, #519, #2145, #3152 ) ) ;
#3623 = VECTOR ( 'NONE', #3784, 1000.000000000000000 ) ;
#3624 = FACE_OUTER_BOUND ( 'NONE', #3128, .T. ) ;
#3625 = SURFACE_STYLE_USAGE ( .BOTH. , #1058 ) ;
#3626 = PLANE ( 'NONE',  #3124 ) ;
#3627 = LINE ( 'NONE', #2530, #1256 ) ;
#3628 = ORIENTED_EDGE ( 'NONE', *, *, #3895, .F. ) ;
#3629 = ORIENTED_EDGE ( 'NONE', *, *, #1577, .F. ) ;
#3630 = EDGE_CURVE ( 'NONE', #1773, #1867, #3810, .T. ) ;
#3631 = LINE ( 'NONE', #4715, #921 ) ;
#3632 = LINE ( 'NONE', #4325, #4463 ) ;
#3633 = PRESENTATION_STYLE_ASSIGNMENT (( #2509 ) ) ;
#3634 = ORIENTED_EDGE ( 'NONE', *, *, #4544, .F. ) ;
#3635 = ADVANCED_FACE ( 'NONE', ( #465 ), #815, .F. ) ;
#3636 = ADVANCED_FACE ( 'NONE', ( #864 ), #3789, .F. ) ;
#3637 = VECTOR ( 'NONE', #1416, 1000.000000000000000 ) ;
#3638 = CARTESIAN_POINT ( 'NONE',  ( 2.062540151883548223, -4.500000000000000000, 5.349999999999999645 ) ) ;
#3639 = ORIENTED_EDGE ( 'NONE', *, *, #2475, .F. ) ;
#3640 = DIRECTION ( 'NONE',  ( 0.3090169943749438985, 0.9510565162951546414, 0.0000000000000000000 ) ) ;
#3641 = EDGE_CURVE ( 'NONE', #3471, #3787, #966, .T. ) ;
#3642 = COLOUR_RGB ( '',1.000000000000000000, 1.000000000000000000, 1.000000000000000000 ) ;
#3643 = ORIENTED_EDGE ( 'NONE', *, *, #625, .F. ) ;
#3644 = LINE ( 'NONE', #2952, #3293 ) ;
#3645 = SURFACE_SIDE_STYLE ('',( #4410 ) ) ;
#3646 = FACE_OUTER_BOUND ( 'NONE', #2307, .T. ) ;
#3647 = ORIENTED_EDGE ( 'NONE', *, *, #1691, .F. ) ;
#3648 = DIRECTION ( 'NONE',  ( -0.0000000000000000000, 0.0000000000000000000, 1.000000000000000000 ) ) ;
#3649 = SURFACE_STYLE_FILL_AREA ( #4053 ) ;
#3650 = DIRECTION ( 'NONE',  ( 1.000000000000000000, 0.0000000000000000000, 0.0000000000000000000 ) ) ;
#3651 = ORIENTED_EDGE ( 'NONE', *, *, #4448, .T. ) ;
#3652 = CARTESIAN_POINT ( 'NONE',  ( 21.03745984811645187, -4.500000000000000000, 4.200000000000000178 ) ) ;
#3653 =( GEOMETRIC_REPRESENTATION_CONTEXT ( 3 ) GLOBAL_UNCERTAINTY_ASSIGNED_CONTEXT ( ( #3426 ) ) GLOBAL_UNIT_ASSIGNED_CONTEXT ( ( #138, #4584, #926 ) ) REPRESENTATION_CONTEXT ( 'NONE', 'WORKASPACE' ) );
#3654 = DIRECTION ( 'NONE',  ( 3.771137991253928080E-16, 0.0000000000000000000, -1.000000000000000000 ) ) ;
#3655 = FILL_AREA_STYLE ('',( #4398 ) ) ;
#3656 = AXIS2_PLACEMENT_3D ( 'NONE', #3412, #80, #3859 ) ;
#3657 = EDGE_LOOP ( 'NONE', ( #4030, #128, #4493, #3554 ) ) ;
#3658 = EDGE_CURVE ( 'NONE', #3950, #4648, #2460, .T. ) ;
#3659 = CARTESIAN_POINT ( 'NONE',  ( 0.0000000000000000000, 3.200000000000000178, 5.349999999999999645 ) ) ;
#3660 = ORIENTED_EDGE ( 'NONE', *, *, #2621, .T. ) ;
#3661 = PLANE ( 'NONE',  #4532 ) ;
#3662 = EDGE_CURVE ( 'NONE', #1107, #4699, #2093, .T. ) ;
#3663 = AXIS2_PLACEMENT_3D ( 'NONE', #920, #1266, #1338 ) ;
#3664 = EDGE_LOOP ( 'NONE', ( #42, #2794, #1887, #1344 ) ) ;
#3665 = DIRECTION ( 'NONE',  ( 0.0000000000000000000, -1.000000000000000000, 0.0000000000000000000 ) ) ;
#3666 =( LENGTH_UNIT ( ) NAMED_UNIT ( * ) SI_UNIT ( .MILLI., .METRE. ) );
#3667 = FACE_OUTER_BOUND ( 'NONE', #2960, .T. ) ;
#3668 = VERTEX_POINT ( 'NONE', #4303 ) ;
#3669 = MECHANICAL_DESIGN_GEOMETRIC_PRESENTATION_REPRESENTATION (  '', ( #479 ), #3905 ) ;
#3670 = CARTESIAN_POINT ( 'NONE',  ( 5.034999999999999254, -3.999999999999999112, 4.200000000000000178 ) ) ;
#3671 = STYLED_ITEM ( 'NONE', ( #1970 ), #1963 ) ;
#3672 = FACE_OUTER_BOUND ( 'NONE', #3684, .T. ) ;
#3673 = ORIENTED_EDGE ( 'NONE', *, *, #2971, .F. ) ;
#3674 = VECTOR ( 'NONE', #2329, 1000.000000000000000 ) ;
#3675 =( LENGTH_UNIT ( ) NAMED_UNIT ( * ) SI_UNIT ( .MILLI., .METRE. ) );
#3676 = PRESENTATION_STYLE_ASSIGNMENT (( #4449 ) ) ;
#3677 = CARTESIAN_POINT ( 'NONE',  ( 20.87499999999999645, -4.500000000000000000, 4.200000000000000178 ) ) ;
#3678 = ORIENTED_EDGE ( 'NONE', *, *, #1138, .T. ) ;
#3679 = VECTOR ( 'NONE', #84, 1000.000000000000227 ) ;
#3680 =( NAMED_UNIT ( * ) SI_UNIT ( $, .STERADIAN. ) SOLID_ANGLE_UNIT ( ) );
#3681 = VECTOR ( 'NONE', #2580, 1000.000000000000000 ) ;
#3682 = CARTESIAN_POINT ( 'NONE',  ( 10.14499999999999957, -3.999999999999999112, 4.200000000000000178 ) ) ;
#3683 = DIRECTION ( 'NONE',  ( -0.8944271909999138570, -0.4472135954999620910, 0.0000000000000000000 ) ) ;
#3684 = EDGE_LOOP ( 'NONE', ( #3562, #2898, #2976, #4229 ) ) ;
#3685 = LINE ( 'NONE', #1385, #2697 ) ;
#3686 = VECTOR ( 'NONE', #1820, 1000.000000000000114 ) ;
#3687 = EDGE_CURVE ( 'NONE', #1181, #1769, #1739, .T. ) ;
#3688 = VECTOR ( 'NONE', #85, 1000.000000000000227 ) ;
#3689 = EDGE_LOOP ( 'NONE', ( #225, #3026, #3844, #2209 ) ) ;
#3690 = CARTESIAN_POINT ( 'NONE',  ( 2.225000000000000533, 3.200000000000000178, 4.200000000000000178 ) ) ;
#3691 = SURFACE_STYLE_FILL_AREA ( #770 ) ;
#3692 = ORIENTED_EDGE ( 'NONE', *, *, #601, .F. ) ;
#3693 = ADVANCED_FACE ( 'NONE', ( #596 ), #1996, .F. ) ;
#3694 = VECTOR ( 'NONE', #911, 1000.000000000000000 ) ;
#3695 = PRESENTATION_LAYER_ASSIGNMENT (  '', '', ( #3998 ) ) ;
#3696 = LINE ( 'NONE', #4077, #1648 ) ;
#3697 =( NAMED_UNIT ( * ) SI_UNIT ( $, .STERADIAN. ) SOLID_ANGLE_UNIT ( ) );
#3698 = COLOUR_RGB ( '',0.5019607843137254832, 0.5019607843137254832, 0.5019607843137254832 ) ;
#3699 = STYLED_ITEM ( 'NONE', ( #278 ), #3783 ) ;
#3700 = CARTESIAN_POINT ( 'NONE',  ( 21.03745984811645187, -4.500000000000000000, 5.187540151883544226 ) ) ;
#3701 = DIRECTION ( 'NONE',  ( -1.000000000000000000, 0.0000000000000000000, -0.0000000000000000000 ) ) ;
#3702 = VERTEX_POINT ( 'NONE', #1311 ) ;
#3703 = AXIS2_PLACEMENT_3D ( 'NONE', #4090, #2025, #1586 ) ;
#3704 = FILL_AREA_STYLE ('',( #2962 ) ) ;
#3705 = LINE ( 'NONE', #3233, #1693 ) ;
#3706 = LINE ( 'NONE', #4450, #22 ) ;
#3707 = FILL_AREA_STYLE_COLOUR ( '', #698 ) ;
#3708 = ORIENTED_EDGE ( 'NONE', *, *, #4005, .T. ) ;
#3709 = SURFACE_STYLE_FILL_AREA ( #4039 ) ;
#3710 =( NAMED_UNIT ( * ) SI_UNIT ( $, .STERADIAN. ) SOLID_ANGLE_UNIT ( ) );
#3711 = DIRECTION ( 'NONE',  ( 0.0000000000000000000, 0.0000000000000000000, -1.000000000000000000 ) ) ;
#3712 = CARTESIAN_POINT ( 'NONE',  ( 8.994999999999999218, -4.500000000000000000, 5.349999999999999645 ) ) ;
#3713 = ORIENTED_EDGE ( 'NONE', *, *, #1290, .T. ) ;
#3714 = VECTOR ( 'NONE', #2784, 1000.000000000000227 ) ;
#3715 = ADVANCED_FACE ( 'NONE', ( #3529 ), #226, .F. ) ;
#3716 = UNCERTAINTY_MEASURE_WITH_UNIT (LENGTH_MEASURE( 1.000000000000000082E-05 ), #2881, 'distance_accuracy_value', 'NONE');
#3717 = DIRECTION ( 'NONE',  ( 0.0000000000000000000, -0.8848285909157096452, -0.4659166928734361779 ) ) ;
#3718 = FILL_AREA_STYLE_COLOUR ( '', #4199 ) ;
#3719 = ORIENTED_EDGE ( 'NONE', *, *, #1283, .T. ) ;
#3720 =( GEOMETRIC_REPRESENTATION_CONTEXT ( 3 ) GLOBAL_UNCERTAINTY_ASSIGNED_CONTEXT ( ( #994 ) ) GLOBAL_UNIT_ASSIGNED_CONTEXT ( ( #3800, #455, #3053 ) ) REPRESENTATION_CONTEXT ( 'NONE', 'WORKASPACE' ) );
#3721 = EDGE_CURVE ( 'NONE', #4798, #1783, #2038, .T. ) ;
#3722 = PLANE ( 'NONE',  #1274 ) ;
#3723 = DIRECTION ( 'NONE',  ( -0.0000000000000000000, 1.000000000000000000, -0.0000000000000000000 ) ) ;
#3724 = COLOUR_RGB ( '',0.5019607843137254832, 0.5019607843137254832, 0.5019607843137254832 ) ;
#3725 = UNCERTAINTY_MEASURE_WITH_UNIT (LENGTH_MEASURE( 1.000000000000000082E-05 ), #4042, 'distance_accuracy_value', 'NONE');
#3726 = DIRECTION ( 'NONE',  ( 1.000000000000000000, 0.0000000000000000000, 0.0000000000000000000 ) ) ;
#3727 =( NAMED_UNIT ( * ) PLANE_ANGLE_UNIT ( ) SI_UNIT ( $, .RADIAN. ) );
#3728 = ORIENTED_EDGE ( 'NONE', *, *, #909, .F. ) ;
#3729 = ORIENTED_EDGE ( 'NONE', *, *, #4368, .T. ) ;
#3730 = EDGE_CURVE ( 'NONE', #3347, #4703, #2389, .T. ) ;
#3731 = DIRECTION ( 'NONE',  ( 0.0000000000000000000, -0.8944271909999158554, -0.4472135954999579277 ) ) ;
#3732 = LINE ( 'NONE', #409, #3952 ) ;
#3733 = DIRECTION ( 'NONE',  ( 0.0000000000000000000, 0.0000000000000000000, 1.000000000000000000 ) ) ;
#3734 = SURFACE_STYLE_FILL_AREA ( #4810 ) ;
#3735 = VERTEX_POINT ( 'NONE', #153 ) ;
#3736 = VECTOR ( 'NONE', #246, 1000.000000000000000 ) ;
#3737 = CARTESIAN_POINT ( 'NONE',  ( 9.896458522816628189, -4.764932012632485225, 4.448541477183371562 ) ) ;
#3738 = COLOUR_RGB ( '',0.5019607843137254832, 0.5019607843137254832, 0.5019607843137254832 ) ;
#3739 = STYLED_ITEM ( 'NONE', ( #1714 ), #767 ) ;
#3740 = PRESENTATION_STYLE_ASSIGNMENT (( #1425 ) ) ;
#3741 = ORIENTED_EDGE ( 'NONE', *, *, #1440, .F. ) ;
#3742 = PRESENTATION_STYLE_ASSIGNMENT (( #4404 ) ) ;
#3743 = COLOUR_RGB ( '',1.000000000000000000, 1.000000000000000000, 1.000000000000000000 ) ;
#3744 = SURFACE_SIDE_STYLE ('',( #4385 ) ) ;
#3745 = CARTESIAN_POINT ( 'NONE',  ( 23.10000000000000142, 8.502343819118461710, 1.556068651825732285 ) ) ;
#3746 = SURFACE_STYLE_USAGE ( .BOTH. , #2252 ) ;
#3747 = ORIENTED_EDGE ( 'NONE', *, *, #3308, .F. ) ;
#3748 = CARTESIAN_POINT ( 'NONE',  ( 6.184999999999999609, 14.40000000000000391, 4.200000000000000178 ) ) ;
#3749 = CARTESIAN_POINT ( 'NONE',  ( 5.034999999999999254, -4.500000000000000000, 4.200000000000000178 ) ) ;
#3750 = SURFACE_STYLE_FILL_AREA ( #2258 ) ;
#3751 = ORIENTED_EDGE ( 'NONE', *, *, #2874, .F. ) ;
#3752 = ADVANCED_FACE ( 'NONE', ( #1636 ), #3102, .F. ) ;
#3753 = VECTOR ( 'NONE', #3971, 1000.000000000000000 ) ;
#3754 =( NAMED_UNIT ( * ) PLANE_ANGLE_UNIT ( ) SI_UNIT ( $, .RADIAN. ) );
#3755 = ORIENTED_EDGE ( 'NONE', *, *, #420, .T. ) ;
#3756 = CARTESIAN_POINT ( 'NONE',  ( 23.10000000000000142, 12.30000000000000071, 10.34999999999999964 ) ) ;
#3757 = FACE_OUTER_BOUND ( 'NONE', #4539, .T. ) ;
#3758 = VECTOR ( 'NONE', #2216, 1000.000000000000000 ) ;
#3759 = EDGE_CURVE ( 'NONE', #2240, #4135, #1805, .T. ) ;
#3760 = STYLED_ITEM ( 'NONE', ( #3585 ), #2616 ) ;
#3761 = SURFACE_SIDE_STYLE ('',( #4116 ) ) ;
#3762 = ORIENTED_EDGE ( 'NONE', *, *, #420, .F. ) ;
#3763 = FILL_AREA_STYLE ('',( #2340 ) ) ;
#3764 = ORIENTED_EDGE ( 'NONE', *, *, #4343, .F. ) ;
#3765 = CARTESIAN_POINT ( 'NONE',  ( 12.95500000000000007, 14.39999999999999680, 4.200000000000000178 ) ) ;
#3766 = VECTOR ( 'NONE', #1154, 1000.000000000000000 ) ;
#3767 = UNCERTAINTY_MEASURE_WITH_UNIT (LENGTH_MEASURE( 1.000000000000000082E-05 ), #4144, 'distance_accuracy_value', 'NONE');
#3768 = SURFACE_SIDE_STYLE ('',( #890 ) ) ;
#3769 = LINE ( 'NONE', #2277, #2501 ) ;
#3770 = LINE ( 'NONE', #1918, #193 ) ;
#3771 = AXIS2_PLACEMENT_3D ( 'NONE', #1776, #1364, #3591 ) ;
#3772 = CARTESIAN_POINT ( 'NONE',  ( 16.91499999999999915, 14.40000000000000391, 5.349999999999999645 ) ) ;
#3773 = SURFACE_STYLE_USAGE ( .BOTH. , #3002 ) ;
#3774 = DIRECTION ( 'NONE',  ( 0.0000000000000000000, 0.0000000000000000000, 1.000000000000000000 ) ) ;
#3775 = ORIENTED_EDGE ( 'NONE', *, *, #753, .F. ) ;
#3776 = VECTOR ( 'NONE', #4438, 1000.000000000000000 ) ;
#3777 = VERTEX_POINT ( 'NONE', #1110 ) ;
#3778 = SURFACE_SIDE_STYLE ('',( #2287 ) ) ;
#3779 =( GEOMETRIC_REPRESENTATION_CONTEXT ( 3 ) GLOBAL_UNCERTAINTY_ASSIGNED_CONTEXT ( ( #4386 ) ) GLOBAL_UNIT_ASSIGNED_CONTEXT ( ( #4183, #4505, #1614 ) ) REPRESENTATION_CONTEXT ( 'NONE', 'WORKASPACE' ) );
#3780 = DIRECTION ( 'NONE',  ( 0.0000000000000000000, 0.0000000000000000000, -1.000000000000000000 ) ) ;
#3781 = CARTESIAN_POINT ( 'NONE',  ( 1.075000000000000178, 15.00000000000000000, 4.500000000000001776 ) ) ;
#3782 =( NAMED_UNIT ( * ) SI_UNIT ( $, .STERADIAN. ) SOLID_ANGLE_UNIT ( ) );
#3783 = ADVANCED_FACE ( 'NONE', ( #2512 ), #4813, .F. ) ;
#3784 = DIRECTION ( 'NONE',  ( 0.2952418088443246602, 0.9086608545660269654, -0.2952418088443246602 ) ) ;
#3785 = COLOUR_RGB ( '',0.5019607843137254832, 0.5019607843137254832, 0.5019607843137254832 ) ;
#3786 = DIRECTION ( 'NONE',  ( 0.3090169943749456194, -0.9510565162951540863, 0.0000000000000000000 ) ) ;
#3787 = VERTEX_POINT ( 'NONE', #2923 ) ;
#3788 = EDGE_CURVE ( 'NONE', #2628, #734, #4535, .T. ) ;
#3789 = PLANE ( 'NONE',  #2054 ) ;
#3790 = EDGE_CURVE ( 'NONE', #1483, #1034, #693, .T. ) ;
#3791 = DIRECTION ( 'NONE',  ( 0.0000000000000000000, -1.000000000000000000, 0.0000000000000000000 ) ) ;
#3792 =( NAMED_UNIT ( * ) SI_UNIT ( $, .STERADIAN. ) SOLID_ANGLE_UNIT ( ) );
#3793 = VECTOR ( 'NONE', #1406, 1000.000000000000000 ) ;
#3794 = AXIS2_PLACEMENT_3D ( 'NONE', #191, #581, #266 ) ;
#3795 = LINE ( 'NONE', #3425, #3038 ) ;
#3796 = FILL_AREA_STYLE ('',( #2691 ) ) ;
#3797 = CARTESIAN_POINT ( 'NONE',  ( 23.10000000000000142, 8.968260511991896777, 0.6712400609100229731 ) ) ;
#3798 = EDGE_LOOP ( 'NONE', ( #1987, #1811, #312, #2334 ) ) ;
#3799 = VECTOR ( 'NONE', #2165, 1000.000000000000000 ) ;
#3800 =( LENGTH_UNIT ( ) NAMED_UNIT ( * ) SI_UNIT ( .MILLI., .METRE. ) );
#3801 = PLANE ( 'NONE',  #2896 ) ;
#3802 = FILL_AREA_STYLE ('',( #1278 ) ) ;
#3803 = CARTESIAN_POINT ( 'NONE',  ( 17.21499999999999986, 15.00000000000000000, 4.500000000000001776 ) ) ;
#3804 = ADVANCED_FACE ( 'NONE', ( #2199 ), #2127, .F. ) ;
#3805 = VECTOR ( 'NONE', #1086, 1000.000000000000000 ) ;
#3806 = PLANE ( 'NONE',  #1669 ) ;
#3807 = STYLED_ITEM ( 'NONE', ( #177 ), #573 ) ;
#3808 = FILL_AREA_STYLE ('',( #2660 ) ) ;
#3809 = VERTEX_POINT ( 'NONE', #3033 ) ;
#3810 = LINE ( 'NONE', #517, #1451 ) ;
#3811 = VECTOR ( 'NONE', #4711, 1000.000000000000000 ) ;
#3812 = ADVANCED_FACE ( 'NONE', ( #2292 ), #555, .F. ) ;
#3813 = DIRECTION ( 'NONE',  ( 0.0000000000000000000, -0.4472135954999620910, 0.8944271909999138570 ) ) ;
#3814 = ORIENTED_EDGE ( 'NONE', *, *, #244, .T. ) ;
#3815 = AXIS2_PLACEMENT_3D ( 'NONE', #2051, #1296, #1365 ) ;
#3816 = PLANE ( 'NONE',  #2511 ) ;
#3817 = VECTOR ( 'NONE', #4429, 1000.000000000000000 ) ;
#3818 = DIRECTION ( 'NONE',  ( 0.0000000000000000000, 0.0000000000000000000, -1.000000000000000000 ) ) ;
#3819 = FILL_AREA_STYLE_COLOUR ( '', #3586 ) ;
#3820 = VERTEX_POINT ( 'NONE', #4114 ) ;
#3821 = ADVANCED_FACE ( 'NONE', ( #3519 ), #1234, .F. ) ;
#3822 = CARTESIAN_POINT ( 'NONE',  ( 12.95500000000000007, -4.500000000000000000, 5.349999999999999645 ) ) ;
#3823 = UNCERTAINTY_MEASURE_WITH_UNIT (LENGTH_MEASURE( 1.000000000000000082E-05 ), #4683, 'distance_accuracy_value', 'NONE');
#3824 = DIRECTION ( 'NONE',  ( 0.0000000000000000000, 0.0000000000000000000, 1.000000000000000000 ) ) ;
#3825 = PRESENTATION_STYLE_ASSIGNMENT (( #2981 ) ) ;
#3826 = ORIENTED_EDGE ( 'NONE', *, *, #1116, .F. ) ;
#3827 = ORIENTED_EDGE ( 'NONE', *, *, #3759, .F. ) ;
#3828 =( NAMED_UNIT ( * ) PLANE_ANGLE_UNIT ( ) SI_UNIT ( $, .RADIAN. ) );
#3829 = CARTESIAN_POINT ( 'NONE',  ( 5.034999999999999254, 14.40000000000000391, 4.200000000000000178 ) ) ;
#3830 = VERTEX_POINT ( 'NONE', #2242 ) ;
#3831 = LINE ( 'NONE', #485, #341 ) ;
#3832 = SURFACE_STYLE_USAGE ( .BOTH. , #1968 ) ;
#3833 = LINE ( 'NONE', #2723, #2425 ) ;
#3834 = STYLED_ITEM ( 'NONE', ( #959 ), #1988 ) ;
#3835 = DIRECTION ( 'NONE',  ( 0.0000000000000000000, -0.8944271909999158554, -0.4472135954999579277 ) ) ;
#3836 = LINE ( 'NONE', #2387, #1029 ) ;
#3837 = EDGE_LOOP ( 'NONE', ( #205, #3235, #4736, #64 ) ) ;
#3838 = MECHANICAL_DESIGN_GEOMETRIC_PRESENTATION_REPRESENTATION (  '', ( #3595 ), #4754 ) ;
#3839 = DIRECTION ( 'NONE',  ( 1.000000000000000000, -0.0000000000000000000, -0.0000000000000000000 ) ) ;
#3840 = VERTEX_POINT ( 'NONE', #4136 ) ;
#3841 = DIRECTION ( 'NONE',  ( 1.000000000000000000, 0.0000000000000000000, 0.0000000000000000000 ) ) ;
#3842 = EDGE_CURVE ( 'NONE', #2454, #4804, #3056, .T. ) ;
#3843 = CARTESIAN_POINT ( 'NONE',  ( 16.91499999999999915, -4.500000000000000000, 4.362459848116455596 ) ) ;
#3844 = ORIENTED_EDGE ( 'NONE', *, *, #4632, .F. ) ;
#3845 = DIRECTION ( 'NONE',  ( 0.0000000000000000000, 0.0000000000000000000, -1.000000000000000000 ) ) ;
#3846 = LINE ( 'NONE', #3427, #2672 ) ;
#3847 = DIRECTION ( 'NONE',  ( 0.2952418088443246602, 0.9086608545660269654, -0.2952418088443246602 ) ) ;
#3848 = ORIENTED_EDGE ( 'NONE', *, *, #953, .F. ) ;
#3849 = EDGE_CURVE ( 'NONE', #4563, #800, #2400, .T. ) ;
#3850 = EDGE_CURVE ( 'NONE', #2102, #4135, #784, .T. ) ;
#3851 = ORIENTED_EDGE ( 'NONE', *, *, #4343, .T. ) ;
#3852 = AXIS2_PLACEMENT_3D ( 'NONE', #3041, #1222, #1980 ) ;
#3853 = VECTOR ( 'NONE', #4331, 1000.000000000000000 ) ;
#3854 = CARTESIAN_POINT ( 'NONE',  ( 0.0000000000000000000, 5.518723555460829822, 1.115171409084289467 ) ) ;
#3855 = FACE_OUTER_BOUND ( 'NONE', #491, .T. ) ;
#3856 = VECTOR ( 'NONE', #1353, 1000.000000000000000 ) ;
#3857 = AXIS2_PLACEMENT_3D ( 'NONE', #731, #4040, #3286 ) ;
#3858 = DIRECTION ( 'NONE',  ( 0.0000000000000000000, -0.4472135954999579832, 0.8944271909999159664 ) ) ;
#3859 = DIRECTION ( 'NONE',  ( 0.0000000000000000000, -0.9510565162951540863, -0.3090169943749456194 ) ) ;
#3860 = VERTEX_POINT ( 'NONE', #3803 ) ;
#3861 =( GEOMETRIC_REPRESENTATION_CONTEXT ( 3 ) GLOBAL_UNCERTAINTY_ASSIGNED_CONTEXT ( ( #3015 ) ) GLOBAL_UNIT_ASSIGNED_CONTEXT ( ( #1069, #4402, #3680 ) ) REPRESENTATION_CONTEXT ( 'NONE', 'WORKASPACE' ) );
#3862 = CARTESIAN_POINT ( 'NONE',  ( 0.0000000000000000000, 3.200000000000000178, 1.000000000000000000 ) ) ;
#3863 = CARTESIAN_POINT ( 'NONE',  ( 8.994999999999999218, 3.200000000000000178, 4.200000000000000178 ) ) ;
#3864 = ORIENTED_EDGE ( 'NONE', *, *, #812, .F. ) ;
#3865 = DIRECTION ( 'NONE',  ( 1.885568995626964040E-16, 0.0000000000000000000, -1.000000000000000000 ) ) ;
#3866 =( LENGTH_UNIT ( ) NAMED_UNIT ( * ) SI_UNIT ( .MILLI., .METRE. ) );
#3867 = CARTESIAN_POINT ( 'NONE',  ( 18.06499999999999773, 0.0000000000000000000, 4.200000000000000178 ) ) ;
#3868 = CARTESIAN_POINT ( 'NONE',  ( 10.14499999999999957, 14.40000000000000391, 5.349999999999999645 ) ) ;
#3869 = EDGE_CURVE ( 'NONE', #3954, #2434, #3893, .T. ) ;
#3870 = CARTESIAN_POINT ( 'NONE',  ( 17.07745984811645457, -4.500000000000000000, 4.200000000000000178 ) ) ;
#3871 = FILL_AREA_STYLE ('',( #2472 ) ) ;
#3872 = VERTEX_POINT ( 'NONE', #2658 ) ;
#3873 = ADVANCED_FACE ( 'NONE', ( #811 ), #436, .T. ) ;
#3874 = SURFACE_STYLE_USAGE ( .BOTH. , #3430 ) ;
#3875 = FACE_OUTER_BOUND ( 'NONE', #4314, .T. ) ;
#3876 = STYLED_ITEM ( 'NONE', ( #1737 ), #280 ) ;
#3877 = PRESENTATION_STYLE_ASSIGNMENT (( #2014 ) ) ;
#3878 = CARTESIAN_POINT ( 'NONE',  ( 1.075000000000000178, -4.500000000000000000, 4.200000000000000178 ) ) ;
#3879 = PLANE ( 'NONE',  #4748 ) ;
#3880 = AXIS2_PLACEMENT_3D ( 'NONE', #2188, #1036, #1486 ) ;
#3881 = DIRECTION ( 'NONE',  ( 1.000000000000000000, 0.0000000000000000000, 0.0000000000000000000 ) ) ;
#3882 = FACE_OUTER_BOUND ( 'NONE', #354, .T. ) ;
#3883 = CARTESIAN_POINT ( 'NONE',  ( 16.91499999999999915, 14.40000000000000391, 5.349999999999999645 ) ) ;
#3884 = CARTESIAN_POINT ( 'NONE',  ( 0.0000000000000000000, 3.200000000000000178, 3.000000000000000000 ) ) ;
#3885 = ORIENTED_EDGE ( 'NONE', *, *, #3472, .T. ) ;
#3886 = SURFACE_STYLE_FILL_AREA ( #3486 ) ;
#3887 = FACE_OUTER_BOUND ( 'NONE', #1067, .T. ) ;
#3888 = FILL_AREA_STYLE_COLOUR ( '', #3352 ) ;
#3889 = PRESENTATION_LAYER_ASSIGNMENT (  '', '', ( #1021 ) ) ;
#3890 = CARTESIAN_POINT ( 'NONE',  ( 0.0000000000000000000, 3.200000000000000178, 3.000000000000000000 ) ) ;
#3891 = VECTOR ( 'NONE', #2423, 1000.000000000000000 ) ;
#3892 = VECTOR ( 'NONE', #1659, 1000.000000000000000 ) ;
#3893 = LINE ( 'NONE', #460, #3225 ) ;
#3894 = VERTEX_POINT ( 'NONE', #4519 ) ;
#3895 = EDGE_CURVE ( 'NONE', #89, #389, #3388, .T. ) ;
#3896 = SURFACE_STYLE_FILL_AREA ( #3987 ) ;
#3897 = LINE ( 'NONE', #511, #530 ) ;
#3898 = SURFACE_STYLE_USAGE ( .BOTH. , #879 ) ;
#3899 = LINE ( 'NONE', #3523, #382 ) ;
#3900 = ORIENTED_EDGE ( 'NONE', *, *, #1839, .T. ) ;
#3901 = PLANE ( 'NONE',  #1348 ) ;
#3902 = EDGE_CURVE ( 'NONE', #1531, #2454, #1321, .T. ) ;
#3903 = DIRECTION ( 'NONE',  ( -0.0000000000000000000, 0.0000000000000000000, 1.000000000000000000 ) ) ;
#3904 = EDGE_CURVE ( 'NONE', #4474, #1242, #390, .T. ) ;
#3905 =( GEOMETRIC_REPRESENTATION_CONTEXT ( 3 ) GLOBAL_UNCERTAINTY_ASSIGNED_CONTEXT ( ( #2690 ) ) GLOBAL_UNIT_ASSIGNED_CONTEXT ( ( #3055, #1608, #881 ) ) REPRESENTATION_CONTEXT ( 'NONE', 'WORKASPACE' ) );
#3906 =( NAMED_UNIT ( * ) SI_UNIT ( $, .STERADIAN. ) SOLID_ANGLE_UNIT ( ) );
#3907 = ORIENTED_EDGE ( 'NONE', *, *, #4448, .F. ) ;
#3908 = SURFACE_SIDE_STYLE ('',( #2000 ) ) ;
#3909 = CARTESIAN_POINT ( 'NONE',  ( 13.14666666666666650, 14.78333333333332966, 4.391666666666666607 ) ) ;
#3910 = MECHANICAL_DESIGN_GEOMETRIC_PRESENTATION_REPRESENTATION (  '', ( #4054 ), #570 ) ;
#3911 =( NAMED_UNIT ( * ) PLANE_ANGLE_UNIT ( ) SI_UNIT ( $, .RADIAN. ) );
#3912 = AXIS2_PLACEMENT_3D ( 'NONE', #1618, #3419, #1220 ) ;
#3913 = UNCERTAINTY_MEASURE_WITH_UNIT (LENGTH_MEASURE( 1.000000000000000082E-05 ), #3666, 'distance_accuracy_value', 'NONE');
#3914 = FILL_AREA_STYLE_COLOUR ( '', #4778 ) ;
#3915 = ORIENTED_EDGE ( 'NONE', *, *, #1404, .T. ) ;
#3916 = PRESENTATION_LAYER_ASSIGNMENT (  '', '', ( #3445 ) ) ;
#3917 = FILL_AREA_STYLE ('',( #1232 ) ) ;
#3918 = SURFACE_STYLE_USAGE ( .BOTH. , #4247 ) ;
#3919 = FILL_AREA_STYLE_COLOUR ( '', #2900 ) ;
#3920 = PRESENTATION_STYLE_ASSIGNMENT (( #3944 ) ) ;
#3921 = VERTEX_POINT ( 'NONE', #1211 ) ;
#3922 = LINE ( 'NONE', #2119, #564 ) ;
#3923 = LINE ( 'NONE', #4013, #4714 ) ;
#3924 = EDGE_CURVE ( 'NONE', #2994, #4621, #52, .T. ) ;
#3925 = CARTESIAN_POINT ( 'NONE',  ( 6.184999999999999609, -4.500000000000000000, 4.200000000000000178 ) ) ;
#3926 = ORIENTED_EDGE ( 'NONE', *, *, #532, .F. ) ;
#3927 = PRESENTATION_LAYER_ASSIGNMENT (  '', '', ( #1217 ) ) ;
#3928 = MECHANICAL_DESIGN_GEOMETRIC_PRESENTATION_REPRESENTATION (  '', ( #3302 ), #274 ) ;
#3929 = EDGE_CURVE ( 'NONE', #4127, #2856, #1228, .T. ) ;
#3930 = COLOUR_RGB ( '',0.5019607843137254832, 0.5019607843137254832, 0.5019607843137254832 ) ;
#3931 = SURFACE_STYLE_FILL_AREA ( #2096 ) ;
#3932 = ORIENTED_EDGE ( 'NONE', *, *, #960, .T. ) ;
#3933 = DIRECTION ( 'NONE',  ( 0.4082482904638629617, -0.8164965809277260345, 0.4082482904638630172 ) ) ;
#3934 = CARTESIAN_POINT ( 'NONE',  ( 8.994999999999999218, 14.40000000000000391, 5.349999999999999645 ) ) ;
#3935 = FACE_OUTER_BOUND ( 'NONE', #2318, .T. ) ;
#3936 = DIRECTION ( 'NONE',  ( -0.9510565162951541973, -0.3090169943749456749, 0.0000000000000000000 ) ) ;
#3937 = EDGE_CURVE ( 'NONE', #3702, #247, #927, .T. ) ;
#3938 = EDGE_LOOP ( 'NONE', ( #3728, #2552, #1272, #3464 ) ) ;
#3939 = DIRECTION ( 'NONE',  ( 0.0000000000000000000, 0.4659166928734359003, -0.8848285909157097562 ) ) ;
#3940 = CARTESIAN_POINT ( 'NONE',  ( 23.10000000000000142, 3.200000000000000178, 3.000000000000000000 ) ) ;
#3941 = EDGE_LOOP ( 'NONE', ( #1746, #2510, #2026, #2955 ) ) ;
#3942 = DIRECTION ( 'NONE',  ( -1.000000000000000000, 0.0000000000000000000, 0.0000000000000000000 ) ) ;
#3943 =( NAMED_UNIT ( * ) PLANE_ANGLE_UNIT ( ) SI_UNIT ( $, .RADIAN. ) );
#3944 = SURFACE_STYLE_USAGE ( .BOTH. , #2453 ) ;
#3945 = ORIENTED_EDGE ( 'NONE', *, *, #2827, .F. ) ;
#3946 = LINE ( 'NONE', #2032, #2274 ) ;
#3947 = VECTOR ( 'NONE', #4312, 1000.000000000000000 ) ;
#3948 = VECTOR ( 'NONE', #3966, 1000.000000000000000 ) ;
#3949 = LINE ( 'NONE', #3578, #3140 ) ;
#3950 = VERTEX_POINT ( 'NONE', #2990 ) ;
#3951 =( NAMED_UNIT ( * ) PLANE_ANGLE_UNIT ( ) SI_UNIT ( $, .RADIAN. ) );
#3952 = VECTOR ( 'NONE', #1927, 1000.000000000000000 ) ;
#3953 = FACE_BOUND ( 'NONE', #2801, .T. ) ;
#3954 = VERTEX_POINT ( 'NONE', #4476 ) ;
#3955 =( NAMED_UNIT ( * ) SI_UNIT ( $, .STERADIAN. ) SOLID_ANGLE_UNIT ( ) );
#3956 = DIRECTION ( 'NONE',  ( -1.000000000000000000, 0.0000000000000000000, -0.0000000000000000000 ) ) ;
#3957 = STYLED_ITEM ( 'NONE', ( #3740 ), #865 ) ;
#3958 = ADVANCED_FACE ( 'NONE', ( #3757 ), #415, .T. ) ;
#3959 = ORIENTED_EDGE ( 'NONE', *, *, #4005, .F. ) ;
#3960 = STYLED_ITEM ( 'NONE', ( #2847 ), #935 ) ;
#3961 = CARTESIAN_POINT ( 'NONE',  ( 13.85645852281662904, -4.764932012632485225, 5.101458522816628260 ) ) ;
#3962 = CARTESIAN_POINT ( 'NONE',  ( 16.91499999999999915, -4.500000000000000000, 4.200000000000000178 ) ) ;
#3963 = DIRECTION ( 'NONE',  ( -1.000000000000000000, 0.0000000000000000000, 0.0000000000000000000 ) ) ;
#3964 = ORIENTED_EDGE ( 'NONE', *, *, #4432, .F. ) ;
#3965 = VECTOR ( 'NONE', #3074, 1000.000000000000000 ) ;
#3966 = DIRECTION ( 'NONE',  ( -0.0000000000000000000, 1.000000000000000000, -0.0000000000000000000 ) ) ;
#3967 = SURFACE_SIDE_STYLE ('',( #3649 ) ) ;
#3968 = CARTESIAN_POINT ( 'NONE',  ( 18.06499999999999773, 3.200000000000000622, 5.349999999999999645 ) ) ;
#3969 = DIRECTION ( 'NONE',  ( -0.0000000000000000000, 1.000000000000000000, -0.0000000000000000000 ) ) ;
#3970 = ORIENTED_EDGE ( 'NONE', *, *, #384, .F. ) ;
#3971 = DIRECTION ( 'NONE',  ( 0.0000000000000000000, 0.0000000000000000000, -1.000000000000000000 ) ) ;
#3972 = CARTESIAN_POINT ( 'NONE',  ( 21.06666666666666643, 14.78333333333333677, 4.391666666666669272 ) ) ;
#3973 = DIRECTION ( 'NONE',  ( 0.0000000000000000000, -0.5614797550229506662, -0.8274904740837608630 ) ) ;
#3974 = SURFACE_SIDE_STYLE ('',( #4593 ) ) ;
#3975 = DIRECTION ( 'NONE',  ( 0.0000000000000000000, 0.0000000000000000000, -1.000000000000000000 ) ) ;
#3976 = ORIENTED_EDGE ( 'NONE', *, *, #1028, .F. ) ;
#3977 = ORIENTED_EDGE ( 'NONE', *, *, #168, .T. ) ;
#3978 =( GEOMETRIC_REPRESENTATION_CONTEXT ( 3 ) GLOBAL_UNCERTAINTY_ASSIGNED_CONTEXT ( ( #1921 ) ) GLOBAL_UNIT_ASSIGNED_CONTEXT ( ( #1664, #1289, #1245 ) ) REPRESENTATION_CONTEXT ( 'NONE', 'WORKASPACE' ) );
#3979 =( NAMED_UNIT ( * ) SI_UNIT ( $, .STERADIAN. ) SOLID_ANGLE_UNIT ( ) );
#3980 = DIRECTION ( 'NONE',  ( 0.0000000000000000000, 0.0000000000000000000, 1.000000000000000000 ) ) ;
#3981 = ORIENTED_EDGE ( 'NONE', *, *, #1064, .F. ) ;
#3982 = EDGE_CURVE ( 'NONE', #1874, #4563, #632, .T. ) ;
#3983 = CARTESIAN_POINT ( 'NONE',  ( 2.225000000000000089, 14.39999999999999680, 5.349999999999999645 ) ) ;
#3984 = DIRECTION ( 'NONE',  ( 0.0000000000000000000, 0.0000000000000000000, -1.000000000000000000 ) ) ;
#3985 = EDGE_LOOP ( 'NONE', ( #2872, #4727, #2031, #1750 ) ) ;
#3986 = MECHANICAL_DESIGN_GEOMETRIC_PRESENTATION_REPRESENTATION (  '', ( #3364 ), #334 ) ;
#3987 = FILL_AREA_STYLE ('',( #4366 ) ) ;
#3988 = ADVANCED_FACE ( 'NONE', ( #2080 ), #2162, .F. ) ;
#3989 = PLANE ( 'NONE',  #1056 ) ;
#3990 = VERTEX_POINT ( 'NONE', #3940 ) ;
#3991 = DIRECTION ( 'NONE',  ( 0.4082482904638661259, -0.8164965809277228148, -0.4082482904638661259 ) ) ;
#3992 = DIRECTION ( 'NONE',  ( -0.9510565162951547524, -0.3090169943749439541, 0.0000000000000000000 ) ) ;
#3993 = FILL_AREA_STYLE_COLOUR ( '', #4172 ) ;
#3994 = STYLED_ITEM ( 'NONE', ( #3545 ), #2991 ) ;
#3995 = VERTEX_POINT ( 'NONE', #606 ) ;
#3996 = SURFACE_STYLE_FILL_AREA ( #1022 ) ;
#3997 = ORIENTED_EDGE ( 'NONE', *, *, #3850, .T. ) ;
#3998 = STYLED_ITEM ( 'NONE', ( #3742 ), #3560 ) ;
#3999 = CARTESIAN_POINT ( 'NONE',  ( 20.87499999999999645, 14.40000000000000391, 4.200000000000000178 ) ) ;
#4000 = COLOUR_RGB ( '',1.000000000000000000, 1.000000000000000000, 1.000000000000000000 ) ;
#4001 = ORIENTED_EDGE ( 'NONE', *, *, #3902, .T. ) ;
#4002 = DIRECTION ( 'NONE',  ( -3.771137991253928080E-16, 0.0000000000000000000, 1.000000000000000000 ) ) ;
#4003 = ORIENTED_EDGE ( 'NONE', *, *, #1839, .F. ) ;
#4004 = PRESENTATION_LAYER_ASSIGNMENT (  '', '', ( #4231 ) ) ;
#4005 = EDGE_CURVE ( 'NONE', #1798, #4671, #3567, .T. ) ;
#4006 = PRESENTATION_LAYER_ASSIGNMENT (  '', '', ( #3212 ) ) ;
#4007 = CARTESIAN_POINT ( 'NONE',  ( 23.10000000000000142, 11.73852024497704960, 9.629649721936179265E-32 ) ) ;
#4008 = FILL_AREA_STYLE ('',( #3171 ) ) ;
#4009 =( NAMED_UNIT ( * ) PLANE_ANGLE_UNIT ( ) SI_UNIT ( $, .RADIAN. ) );
#4010 = ORIENTED_EDGE ( 'NONE', *, *, #3165, .F. ) ;
#4011 = ORIENTED_EDGE ( 'NONE', *, *, #359, .F. ) ;
#4012 = EDGE_CURVE ( 'NONE', #4586, #3300, #1697, .T. ) ;
#4013 = CARTESIAN_POINT ( 'NONE',  ( 22.02499999999999503, -4.500000000000000000, 4.362459848116455596 ) ) ;
#4014 = FILL_AREA_STYLE ('',( #1016 ) ) ;
#4015 = SURFACE_STYLE_USAGE ( .BOTH. , #2535 ) ;
#4016 = ORIENTED_EDGE ( 'NONE', *, *, #2467, .F. ) ;
#4017 = ADVANCED_FACE ( 'NONE', ( #1723, #4679, #2837, #3646, #3593, #3541, #1749 ), #3223, .F. ) ;
#4018 = STYLED_ITEM ( 'NONE', ( #4602 ), #121 ) ;
#4019 = FACE_OUTER_BOUND ( 'NONE', #2086, .T. ) ;
#4020 = VERTEX_POINT ( 'NONE', #1099 ) ;
#4021 =( LENGTH_UNIT ( ) NAMED_UNIT ( * ) SI_UNIT ( .MILLI., .METRE. ) );
#4022 = SURFACE_STYLE_USAGE ( .BOTH. , #2565 ) ;
#4023 = VERTEX_POINT ( 'NONE', #1178 ) ;
#4024 = PLANE ( 'NONE',  #3285 ) ;
#4025 = LINE ( 'NONE', #4706, #1 ) ;
#4026 = PRESENTATION_STYLE_ASSIGNMENT (( #3746 ) ) ;
#4027 = VERTEX_POINT ( 'NONE', #2906 ) ;
#4028 =( NAMED_UNIT ( * ) SI_UNIT ( $, .STERADIAN. ) SOLID_ANGLE_UNIT ( ) );
#4029 = CARTESIAN_POINT ( 'NONE',  ( 1.074999999999999956, -4.500000000000000000, 5.349999999999999645 ) ) ;
#4030 = ORIENTED_EDGE ( 'NONE', *, *, #2440, .F. ) ;
#4031 = VECTOR ( 'NONE', #3209, 1000.000000000000000 ) ;
#4032 = VECTOR ( 'NONE', #1053, 1000.000000000000227 ) ;
#4033 = FILL_AREA_STYLE ('',( #804 ) ) ;
#4034 = AXIS2_PLACEMENT_3D ( 'NONE', #2540, #3683, #1113 ) ;
#4035 = CARTESIAN_POINT ( 'NONE',  ( 5.034999999999999254, 14.40000000000000391, 5.349999999999999645 ) ) ;
#4036 = CARTESIAN_POINT ( 'NONE',  ( 1.267467576206160147E-15, 12.30000000000000071, 10.34999999999999964 ) ) ;
#4037 = VERTEX_POINT ( 'NONE', #2954 ) ;
#4038 = ADVANCED_FACE ( 'NONE', ( #1435 ), #4462, .F. ) ;
#4039 = FILL_AREA_STYLE ('',( #2636 ) ) ;
#4040 = DIRECTION ( 'NONE',  ( -1.000000000000000000, 0.0000000000000000000, 0.0000000000000000000 ) ) ;
#4041 =( NAMED_UNIT ( * ) SI_UNIT ( $, .STERADIAN. ) SOLID_ANGLE_UNIT ( ) );
#4042 =( LENGTH_UNIT ( ) NAMED_UNIT ( * ) SI_UNIT ( .MILLI., .METRE. ) );
#4043 = ORIENTED_EDGE ( 'NONE', *, *, #2916, .T. ) ;
#4044 = EDGE_CURVE ( 'NONE', #1107, #1773, #2278, .T. ) ;
#4045 = SURFACE_STYLE_FILL_AREA ( #3290 ) ;
#4046 = CARTESIAN_POINT ( 'NONE',  ( 16.91499999999999915, -4.500000000000000000, 4.200000000000000178 ) ) ;
#4047 = PRESENTATION_LAYER_ASSIGNMENT (  '', '', ( #3184 ) ) ;
#4048 = ORIENTED_EDGE ( 'NONE', *, *, #2564, .F. ) ;
#4049 = SURFACE_STYLE_USAGE ( .BOTH. , #3744 ) ;
#4050 = LINE ( 'NONE', #4460, #1061 ) ;
#4051 = SURFACE_SIDE_STYLE ('',( #1815 ) ) ;
#4052 = ORIENTED_EDGE ( 'NONE', *, *, #3982, .T. ) ;
#4053 = FILL_AREA_STYLE ('',( #4733 ) ) ;
#4054 = STYLED_ITEM ( 'NONE', ( #576 ), #2353 ) ;
#4055 = UNCERTAINTY_MEASURE_WITH_UNIT (LENGTH_MEASURE( 1.000000000000000082E-05 ), #4269, 'distance_accuracy_value', 'NONE');
#4056 = LINE ( 'NONE', #2625, #4373 ) ;
#4057 = ORIENTED_EDGE ( 'NONE', *, *, #4543, .T. ) ;
#4058 = MECHANICAL_DESIGN_GEOMETRIC_PRESENTATION_REPRESENTATION (  '', ( #3760 ), #102 ) ;
#4059 = CARTESIAN_POINT ( 'NONE',  ( 21.17500000000000071, 15.00000000000000000, 5.049999999999998046 ) ) ;
#4060 = DIRECTION ( 'NONE',  ( -0.9510565162951541973, -0.3090169943749456749, -1.793282680215132707E-16 ) ) ;
#4061 = LINE ( 'NONE', #4036, #148 ) ;
#4062 = ORIENTED_EDGE ( 'NONE', *, *, #3198, .F. ) ;
#4063 = DIRECTION ( 'NONE',  ( 0.4082482904638661259, -0.8164965809277228148, 0.4082482904638661259 ) ) ;
#4064 = EDGE_CURVE ( 'NONE', #4330, #3860, #3770, .T. ) ;
#4065 = PRESENTATION_LAYER_ASSIGNMENT (  '', '', ( #3292 ) ) ;
#4066 = SURFACE_STYLE_FILL_AREA ( #4477 ) ;
#4067 = PLANE ( 'NONE',  #4652 ) ;
#4068 = EDGE_LOOP ( 'NONE', ( #633, #2901, #1637, #3775 ) ) ;
#4069 = COLOUR_RGB ( '',0.5019607843137254832, 0.5019607843137254832, 0.5019607843137254832 ) ;
#4070 =( GEOMETRIC_REPRESENTATION_CONTEXT ( 3 ) GLOBAL_UNCERTAINTY_ASSIGNED_CONTEXT ( ( #2497 ) ) GLOBAL_UNIT_ASSIGNED_CONTEXT ( ( #3866, #3420, #844 ) ) REPRESENTATION_CONTEXT ( 'NONE', 'WORKASPACE' ) );
#4071 = CARTESIAN_POINT ( 'NONE',  ( 16.91499999999999915, -4.500000000000000000, 5.187540151883544226 ) ) ;
#4072 = CARTESIAN_POINT ( 'NONE',  ( 0.0000000000000000000, 9.033243561979320546, 1.835620030455011653 ) ) ;
#4073 =( NAMED_UNIT ( * ) PLANE_ANGLE_UNIT ( ) SI_UNIT ( $, .RADIAN. ) );
#4074 = ORIENTED_EDGE ( 'NONE', *, *, #2440, .T. ) ;
#4075 = MECHANICAL_DESIGN_GEOMETRIC_PRESENTATION_REPRESENTATION (  '', ( #818 ), #3531 ) ;
#4076 = EDGE_CURVE ( 'NONE', #1408, #1181, #3400, .T. ) ;
#4077 = CARTESIAN_POINT ( 'NONE',  ( 0.0000000000000000000, 3.200000000000000178, 5.349999999999999645 ) ) ;
#4078 = FILL_AREA_STYLE ('',( #1998 ) ) ;
#4079 = VECTOR ( 'NONE', #482, 1000.000000000000000 ) ;
#4080 = VECTOR ( 'NONE', #3506, 1000.000000000000227 ) ;
#4081 = CARTESIAN_POINT ( 'NONE',  ( 0.0000000000000000000, 9.529740267014847888, 1.498730534993784280 ) ) ;
#4082 = PLANE ( 'NONE',  #1025 ) ;
#4083 = EDGE_LOOP ( 'NONE', ( #1060, #284, #874, #1953 ) ) ;
#4084 = FACE_OUTER_BOUND ( 'NONE', #433, .T. ) ;
#4085 = CARTESIAN_POINT ( 'NONE',  ( 23.10000000000000142, 12.30000000000000071, 0.0000000000000000000 ) ) ;
#4086 =( NAMED_UNIT ( * ) PLANE_ANGLE_UNIT ( ) SI_UNIT ( $, .RADIAN. ) );
#4087 = CARTESIAN_POINT ( 'NONE',  ( 5.034999999999999254, 14.40000000000000391, 4.200000000000000178 ) ) ;
#4088 = ORIENTED_EDGE ( 'NONE', *, *, #327, .F. ) ;
#4089 = DIRECTION ( 'NONE',  ( 0.4082482904638661259, -0.8164965809277228148, -0.4082482904638661259 ) ) ;
#4090 = CARTESIAN_POINT ( 'NONE',  ( 20.87499999999999645, 14.40000000000000391, 5.349999999999999645 ) ) ;
#4091 = LINE ( 'NONE', #732, #1450 ) ;
#4092 = CARTESIAN_POINT ( 'NONE',  ( 6.184999999999999609, 0.0000000000000000000, 4.200000000000000178 ) ) ;
#4093 = VERTEX_POINT ( 'NONE', #1122 ) ;
#4094 = VECTOR ( 'NONE', #2121, 1000.000000000000227 ) ;
#4095 =( NAMED_UNIT ( * ) PLANE_ANGLE_UNIT ( ) SI_UNIT ( $, .RADIAN. ) );
#4096 = UNCERTAINTY_MEASURE_WITH_UNIT (LENGTH_MEASURE( 1.000000000000000082E-05 ), #1092, 'distance_accuracy_value', 'NONE');
#4097 = CARTESIAN_POINT ( 'NONE',  ( 0.0000000000000000000, 3.200000000000000178, 4.200000000000000178 ) ) ;
#4098 = DIRECTION ( 'NONE',  ( 0.8944271909999159664, -0.4472135954999579832, 0.0000000000000000000 ) ) ;
#4099 = EDGE_CURVE ( 'NONE', #2726, #3954, #3346, .T. ) ;
#4100 = FILL_AREA_STYLE_COLOUR ( '', #1291 ) ;
#4101 = VERTEX_POINT ( 'NONE', #353 ) ;
#4102 = PRESENTATION_LAYER_ASSIGNMENT (  '', '', ( #1393 ) ) ;
#4103 = DIRECTION ( 'NONE',  ( -1.000000000000000000, 0.0000000000000000000, 0.0000000000000000000 ) ) ;
#4104 = AXIS2_PLACEMENT_3D ( 'NONE', #2655, #1206, #4132 ) ;
#4105 = UNCERTAINTY_MEASURE_WITH_UNIT (LENGTH_MEASURE( 1.000000000000000082E-05 ), #3583, 'distance_accuracy_value', 'NONE');
#4106 = LINE ( 'NONE', #404, #2286 ) ;
#4107 = CARTESIAN_POINT ( 'NONE',  ( 13.85645852281662904, -4.764932012632485225, 4.448541477183371562 ) ) ;
#4108 = EDGE_CURVE ( 'NONE', #4301, #1162, #6, .T. ) ;
#4109 = ORIENTED_EDGE ( 'NONE', *, *, #3500, .T. ) ;
#4110 = PRESENTATION_LAYER_ASSIGNMENT (  '', '', ( #3080 ) ) ;
#4111 = SURFACE_STYLE_FILL_AREA ( #1186 ) ;
#4112 = PRESENTATION_STYLE_ASSIGNMENT (( #2264 ) ) ;
#4113 = VERTEX_POINT ( 'NONE', #2646 ) ;
#4114 = CARTESIAN_POINT ( 'NONE',  ( 10.14499999999999957, 0.0000000000000000000, 4.200000000000000178 ) ) ;
#4115 = CARTESIAN_POINT ( 'NONE',  ( 0.0000000000000000000, 3.200000000000000178, 4.200000000000000178 ) ) ;
#4116 = SURFACE_STYLE_FILL_AREA ( #2613 ) ;
#4117 = ORIENTED_EDGE ( 'NONE', *, *, #4012, .F. ) ;
#4118 = SURFACE_STYLE_FILL_AREA ( #3060 ) ;
#4119 = CARTESIAN_POINT ( 'NONE',  ( 1.976458522816629815, -4.764932012632484337, 4.448541477183371562 ) ) ;
#4120 = PLANE ( 'NONE',  #4305 ) ;
#4121 = DIRECTION ( 'NONE',  ( 0.2952418088443246602, -0.9086608545660269654, 0.2952418088443246602 ) ) ;
#4122 = CARTESIAN_POINT ( 'NONE',  ( 1.074999999999999956, 14.39999999999999680, 5.349999999999999645 ) ) ;
#4123 = CARTESIAN_POINT ( 'NONE',  ( 23.10000000000000142, 8.502343819118461710, 1.556068651825732285 ) ) ;
#4124 = ADVANCED_FACE ( 'NONE', ( #720 ), #1457, .T. ) ;
#4125 = SURFACE_STYLE_USAGE ( .BOTH. , #2648 ) ;
#4126 = CARTESIAN_POINT ( 'NONE',  ( 20.87499999999999645, 14.40000000000000391, 4.200000000000000178 ) ) ;
#4127 = VERTEX_POINT ( 'NONE', #2185 ) ;
#4128 = EDGE_LOOP ( 'NONE', ( #3329, #2802, #985, #119 ) ) ;
#4129 =( GEOMETRIC_REPRESENTATION_CONTEXT ( 3 ) GLOBAL_UNCERTAINTY_ASSIGNED_CONTEXT ( ( #115 ) ) GLOBAL_UNIT_ASSIGNED_CONTEXT ( ( #3016, #3421, #3792 ) ) REPRESENTATION_CONTEXT ( 'NONE', 'WORKASPACE' ) );
#4130 = ADVANCED_FACE ( 'NONE', ( #3667 ), #373, .T. ) ;
#4131 = APPLICATION_PROTOCOL_DEFINITION ( 'draft international standard', 'automotive_design', 1998, #3076 ) ;
#4132 = DIRECTION ( 'NONE',  ( 0.0000000000000000000, 0.0000000000000000000, 1.000000000000000000 ) ) ;
#4133 = ORIENTED_EDGE ( 'NONE', *, *, #1064, .T. ) ;
#4134 = FILL_AREA_STYLE ('',( #2722 ) ) ;
#4135 = VERTEX_POINT ( 'NONE', #2666 ) ;
#4136 = CARTESIAN_POINT ( 'NONE',  ( 9.845000000000000639, 15.00000000000000000, 5.050000000000001599 ) ) ;
#4137 = EDGE_CURVE ( 'NONE', #3101, #360, #4580, .T. ) ;
#4138 = PLANE ( 'NONE',  #910 ) ;
#4139 = AXIS2_PLACEMENT_3D ( 'NONE', #3039, #1594, #3082 ) ;
#4140 = ORIENTED_EDGE ( 'NONE', *, *, #1119, .T. ) ;
#4141 = MECHANICAL_DESIGN_GEOMETRIC_PRESENTATION_REPRESENTATION (  '', ( #3371 ), #2354 ) ;
#4142 = COLOUR_RGB ( '',0.5019607843137254832, 0.5019607843137254832, 0.5019607843137254832 ) ;
#4143 = UNCERTAINTY_MEASURE_WITH_UNIT (LENGTH_MEASURE( 1.000000000000000082E-05 ), #1076, 'distance_accuracy_value', 'NONE');
#4144 =( LENGTH_UNIT ( ) NAMED_UNIT ( * ) SI_UNIT ( .MILLI., .METRE. ) );
#4145 = LINE ( 'NONE', #1620, #3301 ) ;
#4146 =( NAMED_UNIT ( * ) SI_UNIT ( $, .STERADIAN. ) SOLID_ANGLE_UNIT ( ) );
#4147 = UNCERTAINTY_MEASURE_WITH_UNIT (LENGTH_MEASURE( 1.000000000000000082E-05 ), #1967, 'distance_accuracy_value', 'NONE');
#4148 = EDGE_LOOP ( 'NONE', ( #2943, #2377, #4512, #2253 ) ) ;
#4149 = AXIS2_PLACEMENT_3D ( 'NONE', #3843, #2369, #2712 ) ;
#4150 = ORIENTED_EDGE ( 'NONE', *, *, #2139, .F. ) ;
#4151 = PRESENTATION_LAYER_ASSIGNMENT (  '', '', ( #4612 ) ) ;
#4152 = COLOUR_RGB ( '',0.5019607843137254832, 0.5019607843137254832, 0.5019607843137254832 ) ;
#4153 = PRESENTATION_LAYER_ASSIGNMENT (  '', '', ( #3384 ) ) ;
#4154 = CARTESIAN_POINT ( 'NONE',  ( 22.02499999999999503, -4.500000000000000000, 4.200000000000000178 ) ) ;
#4155 = EDGE_LOOP ( 'NONE', ( #196, #978, #254, #3851 ) ) ;
#4156 = DIRECTION ( 'NONE',  ( -1.000000000000000000, 0.0000000000000000000, -0.0000000000000000000 ) ) ;
#4157 = CARTESIAN_POINT ( 'NONE',  ( 1.074999999999999956, 14.39999999999999680, 5.349999999999999645 ) ) ;
#4158 = EDGE_CURVE ( 'NONE', #556, #1366, #4145, .T. ) ;
#4159 = AXIS2_PLACEMENT_3D ( 'NONE', #1538, #3010, #4656 ) ;
#4160 = DIRECTION ( 'NONE',  ( 1.000000000000000000, 0.0000000000000000000, -0.0000000000000000000 ) ) ;
#4161 = ORIENTED_EDGE ( 'NONE', *, *, #59, .F. ) ;
#4162 = FACE_OUTER_BOUND ( 'NONE', #1999, .T. ) ;
#4163 = ADVANCED_FACE ( 'NONE', ( #1940 ), #3066, .F. ) ;
#4164 = ORIENTED_EDGE ( 'NONE', *, *, #125, .F. ) ;
#4165 = CARTESIAN_POINT ( 'NONE',  ( 10.14499999999999957, -4.500000000000000000, 4.200000000000000178 ) ) ;
#4166 = FILL_AREA_STYLE ('',( #4208 ) ) ;
#4167 = CARTESIAN_POINT ( 'NONE',  ( 5.034999999999999254, 14.40000000000000391, 5.349999999999999645 ) ) ;
#4168 = EDGE_LOOP ( 'NONE', ( #4753, #3528, #4384, #2523 ) ) ;
#4169 = STYLED_ITEM ( 'NONE', ( #697 ), #154 ) ;
#4170 = AXIS2_PLACEMENT_3D ( 'NONE', #1062, #591, #3231 ) ;
#4171 =( NAMED_UNIT ( * ) PLANE_ANGLE_UNIT ( ) SI_UNIT ( $, .RADIAN. ) );
#4172 = COLOUR_RGB ( '',0.5019607843137254832, 0.5019607843137254832, 0.5019607843137254832 ) ;
#4173 = ORIENTED_EDGE ( 'NONE', *, *, #1407, .F. ) ;
#4174 = AXIS2_PLACEMENT_3D ( 'NONE', #1303, #931, #2426 ) ;
#4175 = CARTESIAN_POINT ( 'NONE',  ( 0.0000000000000000000, 0.0000000000000000000, 0.0000000000000000000 ) ) ;
#4176 = ORIENTED_EDGE ( 'NONE', *, *, #2647, .T. ) ;
#4177 =( NAMED_UNIT ( * ) PLANE_ANGLE_UNIT ( ) SI_UNIT ( $, .RADIAN. ) );
#4178 = FILL_AREA_STYLE ('',( #147 ) ) ;
#4179 =( GEOMETRIC_REPRESENTATION_CONTEXT ( 3 ) GLOBAL_UNCERTAINTY_ASSIGNED_CONTEXT ( ( #3725 ) ) GLOBAL_UNIT_ASSIGNED_CONTEXT ( ( #4042, #1994, #1214 ) ) REPRESENTATION_CONTEXT ( 'NONE', 'WORKASPACE' ) );
#4180 = EDGE_CURVE ( 'NONE', #213, #809, #3087, .T. ) ;
#4181 =( NAMED_UNIT ( * ) SI_UNIT ( $, .STERADIAN. ) SOLID_ANGLE_UNIT ( ) );
#4182 = VERTEX_POINT ( 'NONE', #3018 ) ;
#4183 =( LENGTH_UNIT ( ) NAMED_UNIT ( * ) SI_UNIT ( .MILLI., .METRE. ) );
#4184 = PRESENTATION_LAYER_ASSIGNMENT (  '', '', ( #4575 ) ) ;
#4185 = EDGE_CURVE ( 'NONE', #4498, #1660, #4508, .T. ) ;
#4186 = EDGE_CURVE ( 'NONE', #3048, #699, #813, .T. ) ;
#4187 = ORIENTED_EDGE ( 'NONE', *, *, #3105, .T. ) ;
#4188 = PRESENTATION_LAYER_ASSIGNMENT (  '', '', ( #3418 ) ) ;
#4189 = FACE_OUTER_BOUND ( 'NONE', #1471, .T. ) ;
#4190 = CARTESIAN_POINT ( 'NONE',  ( 2.225000000000000533, 0.0000000000000000000, 4.200000000000000178 ) ) ;
#4191 = EDGE_LOOP ( 'NONE', ( #1237, #822, #713, #1634 ) ) ;
#4192 = EDGE_CURVE ( 'NONE', #1325, #2454, #3340, .T. ) ;
#4193 = PLANE ( 'NONE',  #875 ) ;
#4194 = UNCERTAINTY_MEASURE_WITH_UNIT (LENGTH_MEASURE( 1.000000000000000082E-05 ), #2230, 'distance_accuracy_value', 'NONE');
#4195 = DIRECTION ( 'NONE',  ( 1.000000000000000000, 0.0000000000000000000, 0.0000000000000000000 ) ) ;
#4196 = ORIENTED_EDGE ( 'NONE', *, *, #3339, .F. ) ;
#4197 = EDGE_LOOP ( 'NONE', ( #4251, #2401, #3351, #3385 ) ) ;
#4198 = LINE ( 'NONE', #2985, #1542 ) ;
#4199 = COLOUR_RGB ( '',0.5019607843137254832, 0.5019607843137254832, 0.5019607843137254832 ) ;
#4200 = LINE ( 'NONE', #2357, #2513 ) ;
#4201 = DIRECTION ( 'NONE',  ( 1.000000000000000000, 0.0000000000000000000, 0.0000000000000000000 ) ) ;
#4202 = FACE_OUTER_BOUND ( 'NONE', #4327, .T. ) ;
#4203 = ORIENTED_EDGE ( 'NONE', *, *, #3687, .F. ) ;
#4204 = FILL_AREA_STYLE_COLOUR ( '', #4000 ) ;
#4205 = ADVANCED_FACE ( 'NONE', ( #2639 ), #4138, .T. ) ;
#4206 =( NAMED_UNIT ( * ) SI_UNIT ( $, .STERADIAN. ) SOLID_ANGLE_UNIT ( ) );
#4207 = LINE ( 'NONE', #4119, #3043 ) ;
#4208 = FILL_AREA_STYLE_COLOUR ( '', #1137 ) ;
#4209 = DIRECTION ( 'NONE',  ( -1.000000000000000000, 0.0000000000000000000, 0.0000000000000000000 ) ) ;
#4210 = SURFACE_STYLE_FILL_AREA ( #4552 ) ;
#4211 = CARTESIAN_POINT ( 'NONE',  ( 5.197459848116452008, -4.500000000000000000, 4.200000000000000178 ) ) ;
#4212 = COLOUR_RGB ( '',0.5019607843137254832, 0.5019607843137254832, 0.5019607843137254832 ) ;
#4213 = ADVANCED_FACE ( 'NONE', ( #3365 ), #2611, .F. ) ;
#4214 =( GEOMETRIC_REPRESENTATION_CONTEXT ( 3 ) GLOBAL_UNCERTAINTY_ASSIGNED_CONTEXT ( ( #1432 ) ) GLOBAL_UNIT_ASSIGNED_CONTEXT ( ( #4267, #1872, #4028 ) ) REPRESENTATION_CONTEXT ( 'NONE', 'WORKASPACE' ) );
#4215 = LINE ( 'NONE', #3822, #3674 ) ;
#4216 =( NAMED_UNIT ( * ) SI_UNIT ( $, .STERADIAN. ) SOLID_ANGLE_UNIT ( ) );
#4217 = DIRECTION ( 'NONE',  ( 0.0000000000000000000, 0.8944271909999138570, -0.4472135954999620910 ) ) ;
#4218 = ORIENTED_EDGE ( 'NONE', *, *, #1176, .T. ) ;
#4219 = ORIENTED_EDGE ( 'NONE', *, *, #2968, .F. ) ;
#4220 = EDGE_CURVE ( 'NONE', #1602, #1798, #2659, .T. ) ;
#4221 = VECTOR ( 'NONE', #1748, 1000.000000000000000 ) ;
#4222 = CARTESIAN_POINT ( 'NONE',  ( 9.186666666666665648, 14.78333333333333499, 4.391666666666665719 ) ) ;
#4223 = MECHANICAL_DESIGN_GEOMETRIC_PRESENTATION_REPRESENTATION (  '', ( #4612 ), #3130 ) ;
#4224 = DIRECTION ( 'NONE',  ( 0.0000000000000000000, -0.5614797550229506662, -0.8274904740837608630 ) ) ;
#4225 = PRESENTATION_LAYER_ASSIGNMENT (  '', '', ( #895 ) ) ;
#4226 = CARTESIAN_POINT ( 'NONE',  ( 17.76499999999999702, 15.00000000000000000, 4.500000000000001776 ) ) ;
#4227 = CARTESIAN_POINT ( 'NONE',  ( 5.226666666666665684, 14.78333333333333499, 4.391666666666665719 ) ) ;
#4228 = PLANE ( 'NONE',  #3656 ) ;
#4229 = ORIENTED_EDGE ( 'NONE', *, *, #352, .T. ) ;
#4230 = COLOUR_RGB ( '',0.5019607843137254832, 0.5019607843137254832, 0.5019607843137254832 ) ;
#4231 = STYLED_ITEM ( 'NONE', ( #311 ), #4017 ) ;
#4232 = DIRECTION ( 'NONE',  ( 1.000000000000000000, 0.0000000000000000000, 0.0000000000000000000 ) ) ;
#4233 = LINE ( 'NONE', #1125, #547 ) ;
#4234 = ORIENTED_EDGE ( 'NONE', *, *, #3447, .F. ) ;
#4235 = CARTESIAN_POINT ( 'NONE',  ( 1.266666666666666829, 14.78333333333332966, 4.391666666666666607 ) ) ;
#4236 = DIRECTION ( 'NONE',  ( 0.0000000000000000000, 0.0000000000000000000, -1.000000000000000000 ) ) ;
#4237 = PRESENTATION_STYLE_ASSIGNMENT (( #3108 ) ) ;
#4238 = CARTESIAN_POINT ( 'NONE',  ( 13.94254015188354678, -4.500000000000000000, 5.349999999999999645 ) ) ;
#4239 = FILL_AREA_STYLE_COLOUR ( '', #796 ) ;
#4240 = UNCERTAINTY_MEASURE_WITH_UNIT (LENGTH_MEASURE( 1.000000000000000082E-05 ), #4497, 'distance_accuracy_value', 'NONE');
#4241 = CARTESIAN_POINT ( 'NONE',  ( 9.982540151883547708, -4.500000000000000000, 4.362459848116452044 ) ) ;
#4242 = CARTESIAN_POINT ( 'NONE',  ( 5.034999999999999254, -4.500000000000000000, 4.200000000000000178 ) ) ;
#4243 = EDGE_LOOP ( 'NONE', ( #1414, #650, #3405, #3755 ) ) ;
#4244 = VECTOR ( 'NONE', #3186, 1000.000000000000000 ) ;
#4245 = EDGE_CURVE ( 'NONE', #928, #1602, #4091, .T. ) ;
#4246 = CARTESIAN_POINT ( 'NONE',  ( 16.91499999999999915, 14.40000000000000391, 5.349999999999999645 ) ) ;
#4247 = SURFACE_SIDE_STYLE ('',( #1676 ) ) ;
#4248 =( GEOMETRIC_REPRESENTATION_CONTEXT ( 3 ) GLOBAL_UNCERTAINTY_ASSIGNED_CONTEXT ( ( #4573 ) ) GLOBAL_UNIT_ASSIGNED_CONTEXT ( ( #2579, #318, #2605 ) ) REPRESENTATION_CONTEXT ( 'NONE', 'WORKASPACE' ) );
#4249 =( NAMED_UNIT ( * ) PLANE_ANGLE_UNIT ( ) SI_UNIT ( $, .RADIAN. ) );
#4250 = DIRECTION ( 'NONE',  ( 0.4082482904638630172, -0.8164965809277260345, -0.4082482904638630172 ) ) ;
#4251 = ORIENTED_EDGE ( 'NONE', *, *, #4806, .T. ) ;
#4252 =( NAMED_UNIT ( * ) SI_UNIT ( $, .STERADIAN. ) SOLID_ANGLE_UNIT ( ) );
#4253 = MECHANICAL_DESIGN_GEOMETRIC_PRESENTATION_REPRESENTATION (  '', ( #847 ), #4561 ) ;
#4254 = FILL_AREA_STYLE ('',( #514 ) ) ;
#4255 = PRESENTATION_STYLE_ASSIGNMENT (( #1654 ) ) ;
#4256 = ORIENTED_EDGE ( 'NONE', *, *, #2933, .T. ) ;
#4257 =( LENGTH_UNIT ( ) NAMED_UNIT ( * ) SI_UNIT ( .MILLI., .METRE. ) );
#4258 = ORIENTED_EDGE ( 'NONE', *, *, #989, .T. ) ;
#4259 = PLANE ( 'NONE',  #3044 ) ;
#4260 = SURFACE_STYLE_FILL_AREA ( #4601 ) ;
#4261 = STYLED_ITEM ( 'NONE', ( #1985 ), #1492 ) ;
#4262 = SURFACE_STYLE_USAGE ( .BOTH. , #948 ) ;
#4263 = LINE ( 'NONE', #654, #4032 ) ;
#4264 = ORIENTED_EDGE ( 'NONE', *, *, #3476, .F. ) ;
#4265 = CARTESIAN_POINT ( 'NONE',  ( 6.184999999999999609, -3.999999999999999112, 5.349999999999999645 ) ) ;
#4266 = DIRECTION ( 'NONE',  ( 0.4082482904638630172, -0.8164965809277260345, -0.4082482904638630172 ) ) ;
#4267 =( LENGTH_UNIT ( ) NAMED_UNIT ( * ) SI_UNIT ( .MILLI., .METRE. ) );
#4268 = ORIENTED_EDGE ( 'NONE', *, *, #4747, .F. ) ;
#4269 =( LENGTH_UNIT ( ) NAMED_UNIT ( * ) SI_UNIT ( .MILLI., .METRE. ) );
#4270 = ADVANCED_FACE ( 'NONE', ( #1112 ), #2202, .F. ) ;
#4271 = CARTESIAN_POINT ( 'NONE',  ( 12.95500000000000007, 3.200000000000000178, 4.200000000000000178 ) ) ;
#4272 = AXIS2_PLACEMENT_3D ( 'NONE', #3336, #4425, #4812 ) ;
#4273 = LINE ( 'NONE', #2457, #2362 ) ;
#4274 = PLANE ( 'NONE',  #2173 ) ;
#4275 = ORIENTED_EDGE ( 'NONE', *, *, #4814, .T. ) ;
#4276 = DIRECTION ( 'NONE',  ( -0.0000000000000000000, 1.000000000000000000, -0.0000000000000000000 ) ) ;
#4277 = MECHANICAL_DESIGN_GEOMETRIC_PRESENTATION_REPRESENTATION (  '', ( #3834 ), #2578 ) ;
#4278 = ADVANCED_FACE ( 'NONE', ( #1611 ), #565, .T. ) ;
#4279 = COLOUR_RGB ( '',0.5019607843137254832, 0.5019607843137254832, 0.5019607843137254832 ) ;
#4280 = PRESENTATION_STYLE_ASSIGNMENT (( #4670 ) ) ;
#4281 = ORIENTED_EDGE ( 'NONE', *, *, #4629, .F. ) ;
#4282 = CARTESIAN_POINT ( 'NONE',  ( 16.91499999999999915, -4.500000000000000000, 5.349999999999999645 ) ) ;
#4283 = SURFACE_SIDE_STYLE ('',( #1000 ) ) ;
#4284 = DIRECTION ( 'NONE',  ( -1.224606353822377012E-16, 0.0000000000000000000, -1.000000000000000000 ) ) ;
#4285 =( GEOMETRIC_REPRESENTATION_CONTEXT ( 3 ) GLOBAL_UNCERTAINTY_ASSIGNED_CONTEXT ( ( #1201 ) ) GLOBAL_UNIT_ASSIGNED_CONTEXT ( ( #4337, #3911, #1340 ) ) REPRESENTATION_CONTEXT ( 'NONE', 'WORKASPACE' ) );
#4286 = ORIENTED_EDGE ( 'NONE', *, *, #638, .F. ) ;
#4287 = UNCERTAINTY_MEASURE_WITH_UNIT (LENGTH_MEASURE( 1.000000000000000082E-05 ), #169, 'distance_accuracy_value', 'NONE');
#4288 = LINE ( 'NONE', #977, #190 ) ;
#4289 = SURFACE_STYLE_FILL_AREA ( #3871 ) ;
#4290 = ORIENTED_EDGE ( 'NONE', *, *, #3539, .F. ) ;
#4291 = CARTESIAN_POINT ( 'NONE',  ( 12.95500000000000007, -4.500000000000000000, 5.349999999999999645 ) ) ;
#4292 = DIRECTION ( 'NONE',  ( -0.0000000000000000000, 1.000000000000000000, -0.0000000000000000000 ) ) ;
#4293 = CARTESIAN_POINT ( 'NONE',  ( 1.075000000000000178, -4.500000000000000000, 4.362459848116452044 ) ) ;
#4294 = ORIENTED_EDGE ( 'NONE', *, *, #4099, .T. ) ;
#4295 = AXIS2_PLACEMENT_3D ( 'NONE', #116, #91, #2375 ) ;
#4296 = CARTESIAN_POINT ( 'NONE',  ( 1.075000000000000178, -3.999999999999999112, 4.200000000000000178 ) ) ;
#4297 = STYLED_ITEM ( 'NONE', ( #2183 ), #3298 ) ;
#4298 = CARTESIAN_POINT ( 'NONE',  ( 16.91499999999999915, 15.00000000000000000, 5.049999999999998046 ) ) ;
#4299 = FILL_AREA_STYLE ('',( #2824 ) ) ;
#4300 = FILL_AREA_STYLE ('',( #1018 ) ) ;
#4301 = VERTEX_POINT ( 'NONE', #2704 ) ;
#4302 = ADVANCED_FACE ( 'NONE', ( #4202 ), #3806, .F. ) ;
#4303 = CARTESIAN_POINT ( 'NONE',  ( 12.95500000000000007, 14.39999999999999680, 5.349999999999999645 ) ) ;
#4304 = CIRCLE ( 'NONE', #1590, 1.000000000000000000 ) ;
#4305 = AXIS2_PLACEMENT_3D ( 'NONE', #791, #3818, #4507 ) ;
#4306 = PRESENTATION_LAYER_ASSIGNMENT (  '', '', ( #2142 ) ) ;
#4307 =( NAMED_UNIT ( * ) PLANE_ANGLE_UNIT ( ) SI_UNIT ( $, .RADIAN. ) );
#4308 = ORIENTED_EDGE ( 'NONE', *, *, #3075, .T. ) ;
#4309 = EDGE_CURVE ( 'NONE', #4135, #3101, #1949, .T. ) ;
#4310 = SURFACE_STYLE_USAGE ( .BOTH. , #1639 ) ;
#4311 = DIRECTION ( 'NONE',  ( 0.3090169943749438985, 0.9510565162951546414, 0.0000000000000000000 ) ) ;
#4312 = DIRECTION ( 'NONE',  ( 0.0000000000000000000, 0.0000000000000000000, 1.000000000000000000 ) ) ;
#4313 = VECTOR ( 'NONE', #1882, 1000.000000000000000 ) ;
#4314 = EDGE_LOOP ( 'NONE', ( #1187, #3188, #4391, #97 ) ) ;
#4315 = DIRECTION ( 'NONE',  ( 1.000000000000000000, 0.0000000000000000000, 0.0000000000000000000 ) ) ;
#4316 = FILL_AREA_STYLE_COLOUR ( '', #2747 ) ;
#4317 = CARTESIAN_POINT ( 'NONE',  ( 20.87499999999999645, 14.40000000000000391, 5.349999999999999645 ) ) ;
#4318 = ORIENTED_EDGE ( 'NONE', *, *, #2724, .T. ) ;
#4319 = SURFACE_SIDE_STYLE ('',( #3896 ) ) ;
#4320 = CARTESIAN_POINT ( 'NONE',  ( 5.993333333333333179, 14.78333333333333499, 4.391666666666665719 ) ) ;
#4321 = LINE ( 'NONE', #218, #1657 ) ;
#4322 = CARTESIAN_POINT ( 'NONE',  ( 9.157459848116451084, -4.500000000000000000, 5.187540151883547779 ) ) ;
#4323 = ORIENTED_EDGE ( 'NONE', *, *, #532, .T. ) ;
#4324 = FACE_OUTER_BOUND ( 'NONE', #4763, .T. ) ;
#4325 = CARTESIAN_POINT ( 'NONE',  ( 14.10499999999999865, 14.39999999999999680, 5.349999999999999645 ) ) ;
#4326 = DIRECTION ( 'NONE',  ( -0.8944271909999159664, -0.4472135954999579832, 0.0000000000000000000 ) ) ;
#4327 = EDGE_LOOP ( 'NONE', ( #2109, #1055, #2809, #1787 ) ) ;
#4328 = AXIS2_PLACEMENT_3D ( 'NONE', #1579, #4562, #4537 ) ;
#4329 = LINE ( 'NONE', #1741, #4499 ) ;
#4330 = VERTEX_POINT ( 'NONE', #4226 ) ;
#4331 = DIRECTION ( 'NONE',  ( -1.000000000000000000, -0.0000000000000000000, -0.0000000000000000000 ) ) ;
#4332 = LINE ( 'NONE', #4769, #1992 ) ;
#4333 =( GEOMETRIC_REPRESENTATION_CONTEXT ( 3 ) GLOBAL_UNCERTAINTY_ASSIGNED_CONTEXT ( ( #2599 ) ) GLOBAL_UNIT_ASSIGNED_CONTEXT ( ( #1420, #2171, #2536 ) ) REPRESENTATION_CONTEXT ( 'NONE', 'WORKASPACE' ) );
#4334 = EDGE_CURVE ( 'NONE', #3950, #3872, #488, .T. ) ;
#4335 = ORIENTED_EDGE ( 'NONE', *, *, #738, .T. ) ;
#4336 = AXIS2_PLACEMENT_3D ( 'NONE', #2574, #751, #1079 ) ;
#4337 =( LENGTH_UNIT ( ) NAMED_UNIT ( * ) SI_UNIT ( .MILLI., .METRE. ) );
#4338 = STYLED_ITEM ( 'NONE', ( #267 ), #569 ) ;
#4339 = DIRECTION ( 'NONE',  ( -1.000000000000000000, 0.0000000000000000000, 0.0000000000000000000 ) ) ;
#4340 = SURFACE_STYLE_FILL_AREA ( #4729 ) ;
#4341 = ORIENTED_EDGE ( 'NONE', *, *, #384, .T. ) ;
#4342 = AXIS2_PLACEMENT_3D ( 'NONE', #263, #3984, #4752 ) ;
#4343 = EDGE_CURVE ( 'NONE', #970, #4023, #3435, .T. ) ;
#4344 = VECTOR ( 'NONE', #1285, 1000.000000000000000 ) ;
#4345 = CARTESIAN_POINT ( 'NONE',  ( 18.06499999999999773, -3.999999999999985345, 5.349999999999999645 ) ) ;
#4346 = ORIENTED_EDGE ( 'NONE', *, *, #2467, .T. ) ;
#4347 = DIRECTION ( 'NONE',  ( -1.224606353822377012E-16, 0.0000000000000000000, -1.000000000000000000 ) ) ;
#4348 = CARTESIAN_POINT ( 'NONE',  ( 5.034999999999999254, 14.40000000000000391, 5.349999999999999645 ) ) ;
#4349 =( LENGTH_UNIT ( ) NAMED_UNIT ( * ) SI_UNIT ( .MILLI., .METRE. ) );
#4350 = CARTESIAN_POINT ( 'NONE',  ( 20.87499999999999645, 15.00000000000000000, 5.049999999999998046 ) ) ;
#4351 = ORIENTED_EDGE ( 'NONE', *, *, #437, .T. ) ;
#4352 = CARTESIAN_POINT ( 'NONE',  ( 17.21499999999999986, 15.00000000000000000, 4.200000000000000178 ) ) ;
#4353 = ORIENTED_EDGE ( 'NONE', *, *, #1941, .F. ) ;
#4354 = VECTOR ( 'NONE', #1497, 1000.000000000000000 ) ;
#4355 = DIRECTION ( 'NONE',  ( 0.3090169943749456194, 0.9510565162951540863, 0.0000000000000000000 ) ) ;
#4356 = EDGE_CURVE ( 'NONE', #680, #2474, #4304, .T. ) ;
#4357 = LINE ( 'NONE', #1048, #294 ) ;
#4358 = MECHANICAL_DESIGN_GEOMETRIC_PRESENTATION_REPRESENTATION (  '', ( #1503 ), #4668 ) ;
#4359 = VERTEX_POINT ( 'NONE', #3502 ) ;
#4360 = PRESENTATION_STYLE_ASSIGNMENT (( #3344 ) ) ;
#4361 = DIRECTION ( 'NONE',  ( 1.000000000000000000, 0.0000000000000000000, -1.224606353822377012E-16 ) ) ;
#4362 = EDGE_CURVE ( 'NONE', #4703, #4182, #1736, .T. ) ;
#4363 = ORIENTED_EDGE ( 'NONE', *, *, #1658, .T. ) ;
#4364 = VECTOR ( 'NONE', #4582, 1000.000000000000000 ) ;
#4365 = AXIS2_PLACEMENT_3D ( 'NONE', #1774, #1455, #2545 ) ;
#4366 = FILL_AREA_STYLE_COLOUR ( '', #3621 ) ;
#4367 = SURFACE_SIDE_STYLE ('',( #2818 ) ) ;
#4368 = EDGE_CURVE ( 'NONE', #4474, #4798, #664, .T. ) ;
#4369 = EDGE_LOOP ( 'NONE', ( #4203, #1502, #2670, #1945 ) ) ;
#4370 = DIRECTION ( 'NONE',  ( 1.000000000000000000, -0.0000000000000000000, 0.0000000000000000000 ) ) ;
#4371 = LINE ( 'NONE', #275, #1368 ) ;
#4372 = SURFACE_STYLE_FILL_AREA ( #2891 ) ;
#4373 = VECTOR ( 'NONE', #3726, 1000.000000000000000 ) ;
#4374 = ORIENTED_EDGE ( 'NONE', *, *, #1883, .T. ) ;
#4375 = PRESENTATION_STYLE_ASSIGNMENT (( #2893 ) ) ;
#4376 = SURFACE_STYLE_FILL_AREA ( #2608 ) ;
#4377 = VECTOR ( 'NONE', #4631, 1000.000000000000000 ) ;
#4378 = ORIENTED_EDGE ( 'NONE', *, *, #3505, .F. ) ;
#4379 = AXIS2_PLACEMENT_3D ( 'NONE', #1770, #1717, #4311 ) ;
#4380 = CARTESIAN_POINT ( 'NONE',  ( 0.0000000000000000000, 8.567326869105883702, 2.720448621370721742 ) ) ;
#4381 =( GEOMETRIC_REPRESENTATION_CONTEXT ( 3 ) GLOBAL_UNCERTAINTY_ASSIGNED_CONTEXT ( ( #1721 ) ) GLOBAL_UNIT_ASSIGNED_CONTEXT ( ( #1236, #541, #3456 ) ) REPRESENTATION_CONTEXT ( 'NONE', 'WORKASPACE' ) );
#4382 = MECHANICAL_DESIGN_GEOMETRIC_PRESENTATION_REPRESENTATION (  '', ( #895 ), #2756 ) ;
#4383 = EDGE_CURVE ( 'NONE', #3000, #2351, #4371, .T. ) ;
#4384 = ORIENTED_EDGE ( 'NONE', *, *, #430, .F. ) ;
#4385 = SURFACE_STYLE_FILL_AREA ( #1145 ) ;
#4386 = UNCERTAINTY_MEASURE_WITH_UNIT (LENGTH_MEASURE( 1.000000000000000082E-05 ), #4183, 'distance_accuracy_value', 'NONE');
#4387 = PRESENTATION_STYLE_ASSIGNMENT (( #677 ) ) ;
#4388 =( NAMED_UNIT ( * ) PLANE_ANGLE_UNIT ( ) SI_UNIT ( $, .RADIAN. ) );
#4389 = VECTOR ( 'NONE', #2380, 1000.000000000000000 ) ;
#4390 = CARTESIAN_POINT ( 'NONE',  ( 9.243541477183370603, -4.764932012632485225, 5.101458522816628260 ) ) ;
#4391 = ORIENTED_EDGE ( 'NONE', *, *, #1028, .T. ) ;
#4392 = VECTOR ( 'NONE', #1670, 1000.000000000000114 ) ;
#4393 = EDGE_CURVE ( 'NONE', #4783, #1223, #2845, .T. ) ;
#4394 = LINE ( 'NONE', #1438, #95 ) ;
#4395 = EDGE_LOOP ( 'NONE', ( #3660, #3093, #472, #4003 ) ) ;
#4396 = CARTESIAN_POINT ( 'NONE',  ( 0.0000000000000000000, 0.0000000000000000000, 0.0000000000000000000 ) ) ;
#4397 = SURFACE_STYLE_USAGE ( .BOTH. , #2222 ) ;
#4398 = FILL_AREA_STYLE_COLOUR ( '', #4637 ) ;
#4399 = DIRECTION ( 'NONE',  ( 0.0000000000000000000, 0.0000000000000000000, 1.000000000000000000 ) ) ;
#4400 = ORIENTED_EDGE ( 'NONE', *, *, #4427, .T. ) ;
#4401 = CARTESIAN_POINT ( 'NONE',  ( 22.02499999999999503, -4.500000000000000000, 4.200000000000000178 ) ) ;
#4402 =( NAMED_UNIT ( * ) PLANE_ANGLE_UNIT ( ) SI_UNIT ( $, .RADIAN. ) );
#4403 = ORIENTED_EDGE ( 'NONE', *, *, #2827, .T. ) ;
#4404 = SURFACE_STYLE_USAGE ( .BOTH. , #4724 ) ;
#4405 = PLANE ( 'NONE',  #2071 ) ;
#4406 = VECTOR ( 'NONE', #2770, 1000.000000000000000 ) ;
#4407 = ORIENTED_EDGE ( 'NONE', *, *, #1116, .T. ) ;
#4408 = LINE ( 'NONE', #4071, #1205 ) ;
#4409 = CARTESIAN_POINT ( 'NONE',  ( 22.02499999999999503, -4.500000000000000000, 5.349999999999999645 ) ) ;
#4410 = SURFACE_STYLE_FILL_AREA ( #2929 ) ;
#4411 = CARTESIAN_POINT ( 'NONE',  ( 0.0000000000000000000, 5.300000000000003375, 0.0000000000000000000 ) ) ;
#4412 = VERTEX_POINT ( 'NONE', #2534 ) ;
#4413 = MECHANICAL_DESIGN_GEOMETRIC_PRESENTATION_REPRESENTATION (  '', ( #3807 ), #3086 ) ;
#4414 = FACE_OUTER_BOUND ( 'NONE', #4243, .T. ) ;
#4415 = DIRECTION ( 'NONE',  ( 0.0000000000000000000, -0.3090169943749456749, -0.9510565162951541973 ) ) ;
#4416 =( NAMED_UNIT ( * ) SI_UNIT ( $, .STERADIAN. ) SOLID_ANGLE_UNIT ( ) );
#4417 =( LENGTH_UNIT ( ) NAMED_UNIT ( * ) SI_UNIT ( .MILLI., .METRE. ) );
#4418 = ORIENTED_EDGE ( 'NONE', *, *, #2261, .T. ) ;
#4419 = PRESENTATION_LAYER_ASSIGNMENT (  '', '', ( #1550 ) ) ;
#4420 = EDGE_CURVE ( 'NONE', #3787, #4563, #4718, .T. ) ;
#4421 = CARTESIAN_POINT ( 'NONE',  ( 8.994999999999999218, 14.40000000000000391, 5.349999999999999645 ) ) ;
#4422 = DIRECTION ( 'NONE',  ( -1.000000000000000000, 0.0000000000000000000, -3.771137991253928080E-16 ) ) ;
#4423 = CARTESIAN_POINT ( 'NONE',  ( 0.0000000000000000000, 5.052806862587393866, 1.999999999999999112 ) ) ;
#4424 = ORIENTED_EDGE ( 'NONE', *, *, #4158, .F. ) ;
#4425 = DIRECTION ( 'NONE',  ( -0.0000000000000000000, 0.0000000000000000000, 1.000000000000000000 ) ) ;
#4426 = FILL_AREA_STYLE ('',( #1789 ) ) ;
#4427 = EDGE_CURVE ( 'NONE', #3547, #2860, #2150, .T. ) ;
#4428 = CARTESIAN_POINT ( 'NONE',  ( 5.034999999999999254, -4.500000000000000000, 5.349999999999999645 ) ) ;
#4429 = DIRECTION ( 'NONE',  ( 1.000000000000000000, 0.0000000000000000000, 0.0000000000000000000 ) ) ;
#4430 = ORIENTED_EDGE ( 'NONE', *, *, #27, .F. ) ;
#4431 = SURFACE_STYLE_FILL_AREA ( #2925 ) ;
#4432 = EDGE_CURVE ( 'NONE', #3872, #213, #223, .T. ) ;
#4433 = VECTOR ( 'NONE', #1068, 1000.000000000000000 ) ;
#4434 = FILL_AREA_STYLE ('',( #2951 ) ) ;
#4435 = UNCERTAINTY_MEASURE_WITH_UNIT (LENGTH_MEASURE( 1.000000000000000082E-05 ), #3278, 'distance_accuracy_value', 'NONE');
#4436 = DIRECTION ( 'NONE',  ( -0.0000000000000000000, 1.000000000000000000, -0.0000000000000000000 ) ) ;
#4437 = DIRECTION ( 'NONE',  ( -1.000000000000000000, 0.0000000000000000000, 0.0000000000000000000 ) ) ;
#4438 = DIRECTION ( 'NONE',  ( -0.0000000000000000000, 1.000000000000000000, -0.0000000000000000000 ) ) ;
#4439 = ORIENTED_EDGE ( 'NONE', *, *, #2940, .T. ) ;
#4440 = MECHANICAL_DESIGN_GEOMETRIC_PRESENTATION_REPRESENTATION (  '', ( #3671 ), #1117 ) ;
#4441 = CARTESIAN_POINT ( 'NONE',  ( 14.10499999999999865, -4.500000000000000000, 5.349999999999999645 ) ) ;
#4442 = LINE ( 'NONE', #748, #3416 ) ;
#4443 = UNCERTAINTY_MEASURE_WITH_UNIT (LENGTH_MEASURE( 1.000000000000000082E-05 ), #2098, 'distance_accuracy_value', 'NONE');
#4444 = DIRECTION ( 'NONE',  ( 1.000000000000000000, 0.0000000000000000000, 0.0000000000000000000 ) ) ;
#4445 = CARTESIAN_POINT ( 'NONE',  ( 1.267467576206160147E-15, 0.0000000000000000000, 4.200000000000000178 ) ) ;
#4446 = ORIENTED_EDGE ( 'NONE', *, *, #1108, .F. ) ;
#4447 = MECHANICAL_DESIGN_GEOMETRIC_PRESENTATION_REPRESENTATION (  '', ( #3596 ), #2203 ) ;
#4448 = EDGE_CURVE ( 'NONE', #1738, #699, #3632, .T. ) ;
#4449 = SURFACE_STYLE_USAGE ( .BOTH. , #295 ) ;
#4450 = CARTESIAN_POINT ( 'NONE',  ( 0.0000000000000000000, 12.30000000000000071, 0.0000000000000000000 ) ) ;
#4451 = ORIENTED_EDGE ( 'NONE', *, *, #3099, .T. ) ;
#4452 = LINE ( 'NONE', #1109, #1111 ) ;
#4453 = AXIS2_PLACEMENT_3D ( 'NONE', #728, #1824, #2633 ) ;
#4454 = EDGE_CURVE ( 'NONE', #2988, #1769, #4273, .T. ) ;
#4455 = FILL_AREA_STYLE_COLOUR ( '', #3743 ) ;
#4456 = ORIENTED_EDGE ( 'NONE', *, *, #437, .F. ) ;
#4457 = SURFACE_SIDE_STYLE ('',( #4045 ) ) ;
#4458 = PRESENTATION_LAYER_ASSIGNMENT (  '', '', ( #1971 ) ) ;
#4459 = ADVANCED_FACE ( 'NONE', ( #1708 ), #592, .F. ) ;
#4460 = CARTESIAN_POINT ( 'NONE',  ( 18.06499999999999773, -4.500000000000000000, 4.200000000000000178 ) ) ;
#4461 =( LENGTH_UNIT ( ) NAMED_UNIT ( * ) SI_UNIT ( .MILLI., .METRE. ) );
#4462 = PLANE ( 'NONE',  #1308 ) ;
#4463 = VECTOR ( 'NONE', #2486, 1000.000000000000000 ) ;
#4464 = STYLED_ITEM ( 'NONE', ( #3237 ), #3804 ) ;
#4465 = DIRECTION ( 'NONE',  ( 0.4082482904638661259, 0.8164965809277228148, 0.4082482904638661259 ) ) ;
#4466 = STYLED_ITEM ( 'NONE', ( #3271 ), #3988 ) ;
#4467 = CARTESIAN_POINT ( 'NONE',  ( 13.80499999999999794, 15.00000000000000000, 5.049999999999998046 ) ) ;
#4468 = LINE ( 'NONE', #41, #1484 ) ;
#4469 = VERTEX_POINT ( 'NONE', #2823 ) ;
#4470 = MECHANICAL_DESIGN_GEOMETRIC_PRESENTATION_REPRESENTATION (  '', ( #2524 ), #4767 ) ;
#4471 =( NAMED_UNIT ( * ) PLANE_ANGLE_UNIT ( ) SI_UNIT ( $, .RADIAN. ) );
#4472 = SURFACE_STYLE_FILL_AREA ( #1469 ) ;
#4473 = FACE_OUTER_BOUND ( 'NONE', #1816, .T. ) ;
#4474 = VERTEX_POINT ( 'NONE', #990 ) ;
#4475 = LINE ( 'NONE', #2558, #2341 ) ;
#4476 = CARTESIAN_POINT ( 'NONE',  ( 23.10000000000000142, 5.300000000000003375, 0.0000000000000000000 ) ) ;
#4477 = FILL_AREA_STYLE ('',( #4503 ) ) ;
#4478 = DIRECTION ( 'NONE',  ( -1.000000000000000000, 0.0000000000000000000, 0.0000000000000000000 ) ) ;
#4479 = ORIENTED_EDGE ( 'NONE', *, *, #3721, .T. ) ;
#4480 = DIRECTION ( 'NONE',  ( 0.0000000000000000000, 0.8274904740837610850, -0.5614797550229504441 ) ) ;
#4481 = STYLED_ITEM ( 'NONE', ( #2629 ), #2674 ) ;
#4482 = EDGE_CURVE ( 'NONE', #4182, #4330, #3949, .T. ) ;
#4483 = EDGE_LOOP ( 'NONE', ( #4771, #4286, #1973, #4150 ) ) ;
#4484 = DIRECTION ( 'NONE',  ( 0.2952418088443231059, 0.9086608545660279646, -0.2952418088443231059 ) ) ;
#4485 = PRESENTATION_STYLE_ASSIGNMENT (( #792 ) ) ;
#4486 = DIRECTION ( 'NONE',  ( 0.0000000000000000000, 0.0000000000000000000, -1.000000000000000000 ) ) ;
#4487 = CARTESIAN_POINT ( 'NONE',  ( 12.95500000000000007, -4.500000000000000000, 4.200000000000000178 ) ) ;
#4488 = ADVANCED_FACE ( 'NONE', ( #4691 ), #3312, .F. ) ;
#4489 = FILL_AREA_STYLE_COLOUR ( '', #2028 ) ;
#4490 = UNCERTAINTY_MEASURE_WITH_UNIT (LENGTH_MEASURE( 1.000000000000000082E-05 ), #4758, 'distance_accuracy_value', 'NONE');
#4491 = DIRECTION ( 'NONE',  ( -1.000000000000000000, 0.0000000000000000000, -0.0000000000000000000 ) ) ;
#4492 = FACE_OUTER_BOUND ( 'NONE', #832, .T. ) ;
#4493 = ORIENTED_EDGE ( 'NONE', *, *, #718, .F. ) ;
#4494 = VERTEX_POINT ( 'NONE', #780 ) ;
#4495 = ADVANCED_FACE ( 'NONE', ( #4084 ), #4761, .F. ) ;
#4496 = VERTEX_POINT ( 'NONE', #4059 ) ;
#4497 =( LENGTH_UNIT ( ) NAMED_UNIT ( * ) SI_UNIT ( .MILLI., .METRE. ) );
#4498 = VERTEX_POINT ( 'NONE', #726 ) ;
#4499 = VECTOR ( 'NONE', #2068, 1000.000000000000000 ) ;
#4500 = DIRECTION ( 'NONE',  ( -0.0000000000000000000, -1.000000000000000000, -0.0000000000000000000 ) ) ;
#4501 = MECHANICAL_DESIGN_GEOMETRIC_PRESENTATION_REPRESENTATION (  '', ( #4261 ), #3653 ) ;
#4502 = STYLED_ITEM ( 'NONE', ( #1933 ), #892 ) ;
#4503 = FILL_AREA_STYLE_COLOUR ( '', #589 ) ;
#4504 = ORIENTED_EDGE ( 'NONE', *, *, #4192, .T. ) ;
#4505 =( NAMED_UNIT ( * ) PLANE_ANGLE_UNIT ( ) SI_UNIT ( $, .RADIAN. ) );
#4506 = LINE ( 'NONE', #819, #968 ) ;
#4507 = DIRECTION ( 'NONE',  ( -1.000000000000000000, 0.0000000000000000000, -0.0000000000000000000 ) ) ;
#4508 = LINE ( 'NONE', #1885, #2374 ) ;
#4509 = ADVANCED_FACE ( 'NONE', ( #1877 ), #1443, .F. ) ;
#4510 = LINE ( 'NONE', #1957, #1890 ) ;
#4511 = LINE ( 'NONE', #775, #705 ) ;
#4512 = ORIENTED_EDGE ( 'NONE', *, *, #3330, .F. ) ;
#4513 = VECTOR ( 'NONE', #2184, 1000.000000000000000 ) ;
#4514 = EDGE_CURVE ( 'NONE', #1183, #556, #905, .T. ) ;
#4515 =( NAMED_UNIT ( * ) SI_UNIT ( $, .STERADIAN. ) SOLID_ANGLE_UNIT ( ) );
#4516 = DIRECTION ( 'NONE',  ( 1.000000000000000000, 0.0000000000000000000, 0.0000000000000000000 ) ) ;
#4517 = LINE ( 'NONE', #458, #2485 ) ;
#4518 = DIRECTION ( 'NONE',  ( 0.0000000000000000000, -0.8274904740837608630, 0.5614797550229505552 ) ) ;
#4519 = CARTESIAN_POINT ( 'NONE',  ( 1.237459848116452488, -4.500000000000000000, 4.362459848116452044 ) ) ;
#4520 = AXIS2_PLACEMENT_3D ( 'NONE', #33, #3791, #1525 ) ;
#4521 = DIRECTION ( 'NONE',  ( -0.0000000000000000000, 1.000000000000000000, -0.0000000000000000000 ) ) ;
#4522 = ORIENTED_EDGE ( 'NONE', *, *, #1704, .F. ) ;
#4523 = SURFACE_SIDE_STYLE ('',( #1566 ) ) ;
#4524 =( NAMED_UNIT ( * ) SI_UNIT ( $, .STERADIAN. ) SOLID_ANGLE_UNIT ( ) );
#4525 = CARTESIAN_POINT ( 'NONE',  ( 8.994999999999999218, 14.40000000000000391, 5.349999999999999645 ) ) ;
#4526 = MECHANICAL_DESIGN_GEOMETRIC_PRESENTATION_REPRESENTATION (  '', ( #3994 ), #4214 ) ;
#4527 = ORIENTED_EDGE ( 'NONE', *, *, #1833, .T. ) ;
#4528 = UNCERTAINTY_MEASURE_WITH_UNIT (LENGTH_MEASURE( 1.000000000000000082E-05 ), #240, 'distance_accuracy_value', 'NONE');
#4529 = SURFACE_STYLE_USAGE ( .BOTH. , #1600 ) ;
#4530 = CARTESIAN_POINT ( 'NONE',  ( 0.0000000000000000000, 3.200000000000000178, 4.200000000000000178 ) ) ;
#4531 = ORIENTED_EDGE ( 'NONE', *, *, #2940, .F. ) ;
#4532 = AXIS2_PLACEMENT_3D ( 'NONE', #2297, #29, #2663 ) ;
#4533 = ADVANCED_FACE ( 'NONE', ( #2769 ), #1302, .F. ) ;
#4534 = COLOUR_RGB ( '',0.5019607843137254832, 0.5019607843137254832, 0.5019607843137254832 ) ;
#4535 = CIRCLE ( 'NONE', #3857, 1.000000000000000000 ) ;
#4536 = CARTESIAN_POINT ( 'NONE',  ( 5.885000000000001563, 15.00000000000000000, 4.200000000000000178 ) ) ;
#4537 = DIRECTION ( 'NONE',  ( 0.4472135954999620910, -0.8944271909999138570, 0.0000000000000000000 ) ) ;
#4538 = DIRECTION ( 'NONE',  ( 0.0000000000000000000, 0.0000000000000000000, 1.000000000000000000 ) ) ;
#4539 = EDGE_LOOP ( 'NONE', ( #3678, #3376, #4187, #201 ) ) ;
#4540 = DIRECTION ( 'NONE',  ( 0.0000000000000000000, -0.3090169943749439541, 0.9510565162951547524 ) ) ;
#4541 = DIRECTION ( 'NONE',  ( -1.000000000000000000, 0.0000000000000000000, -0.0000000000000000000 ) ) ;
#4542 = COLOUR_RGB ( '',0.5019607843137254832, 0.5019607843137254832, 0.5019607843137254832 ) ;
#4543 = EDGE_CURVE ( 'NONE', #1181, #3458, #3052, .T. ) ;
#4544 = EDGE_CURVE ( 'NONE', #3777, #1077, #1605, .T. ) ;
#4545 = CARTESIAN_POINT ( 'NONE',  ( 8.994999999999999218, -4.500000000000000000, 5.349999999999999645 ) ) ;
#4546 = VERTEX_POINT ( 'NONE', #1947 ) ;
#4547 = LINE ( 'NONE', #4598, #4344 ) ;
#4548 = ORIENTED_EDGE ( 'NONE', *, *, #4544, .T. ) ;
#4549 = DIRECTION ( 'NONE',  ( 0.0000000000000000000, -5.900419986315671085E-17, 1.000000000000000000 ) ) ;
#4550 = PRESENTATION_STYLE_ASSIGNMENT (( #133 ) ) ;
#4551 = SURFACE_STYLE_USAGE ( .BOTH. , #398 ) ;
#4552 = FILL_AREA_STYLE ('',( #471 ) ) ;
#4553 = PRESENTATION_LAYER_ASSIGNMENT (  '', '', ( #755 ) ) ;
#4554 = AXIS2_PLACEMENT_3D ( 'NONE', #3652, #3992, #2169 ) ;
#4555 = CARTESIAN_POINT ( 'NONE',  ( 21.77645852281662187, -4.764932012632482561, 4.448541477183373338 ) ) ;
#4556 =( NAMED_UNIT ( * ) SI_UNIT ( $, .STERADIAN. ) SOLID_ANGLE_UNIT ( ) );
#4557 =( NAMED_UNIT ( * ) PLANE_ANGLE_UNIT ( ) SI_UNIT ( $, .RADIAN. ) );
#4558 = ORIENTED_EDGE ( 'NONE', *, *, #1983, .T. ) ;
#4559 = AXIS2_PLACEMENT_3D ( 'NONE', #1709, #4619, #3100 ) ;
#4560 = ORIENTED_EDGE ( 'NONE', *, *, #745, .F. ) ;
#4561 =( GEOMETRIC_REPRESENTATION_CONTEXT ( 3 ) GLOBAL_UNCERTAINTY_ASSIGNED_CONTEXT ( ( #3823 ) ) GLOBAL_UNIT_ASSIGNED_CONTEXT ( ( #4683, #2013, #192 ) ) REPRESENTATION_CONTEXT ( 'NONE', 'WORKASPACE' ) );
#4562 = DIRECTION ( 'NONE',  ( -0.8944271909999138570, -0.4472135954999620910, 0.0000000000000000000 ) ) ;
#4563 = VERTEX_POINT ( 'NONE', #2694 ) ;
#4564 = DIRECTION ( 'NONE',  ( 0.4082482904638630172, 0.8164965809277260345, -0.4082482904638630172 ) ) ;
#4565 = PLANE ( 'NONE',  #3489 ) ;
#4566 = ADVANCED_FACE ( 'NONE', ( #2742 ), #143, .T. ) ;
#4567 = DIRECTION ( 'NONE',  ( 0.0000000000000000000, -0.4472135954999579832, -0.8944271909999159664 ) ) ;
#4568 = MECHANICAL_DESIGN_GEOMETRIC_PRESENTATION_REPRESENTATION (  '', ( #1696 ), #3250 ) ;
#4569 = CARTESIAN_POINT ( 'NONE',  ( 9.982540151883547708, -4.500000000000000000, 4.200000000000000178 ) ) ;
#4570 = COLOUR_RGB ( '',0.5019607843137254832, 0.5019607843137254832, 0.5019607843137254832 ) ;
#4571 = DIRECTION ( 'NONE',  ( 0.0000000000000000000, 0.0000000000000000000, 1.000000000000000000 ) ) ;
#4572 = ORIENTED_EDGE ( 'NONE', *, *, #1848, .F. ) ;
#4573 = UNCERTAINTY_MEASURE_WITH_UNIT (LENGTH_MEASURE( 1.000000000000000082E-05 ), #2579, 'distance_accuracy_value', 'NONE');
#4574 = EDGE_CURVE ( 'NONE', #2361, #3471, #1275, .T. ) ;
#4575 = STYLED_ITEM ( 'NONE', ( #2634 ), #1142 ) ;
#4576 = CARTESIAN_POINT ( 'NONE',  ( 16.91499999999999915, 14.40000000000000391, 4.200000000000000178 ) ) ;
#4577 = ORIENTED_EDGE ( 'NONE', *, *, #466, .F. ) ;
#4578 = VECTOR ( 'NONE', #164, 1000.000000000000000 ) ;
#4579 = LINE ( 'NONE', #4525, #3679 ) ;
#4580 = LINE ( 'NONE', #3468, #2045 ) ;
#4581 = SURFACE_SIDE_STYLE ('',( #1718 ) ) ;
#4582 = DIRECTION ( 'NONE',  ( -0.0000000000000000000, 1.000000000000000000, -0.0000000000000000000 ) ) ;
#4583 = FILL_AREA_STYLE ('',( #3091 ) ) ;
#4584 =( NAMED_UNIT ( * ) PLANE_ANGLE_UNIT ( ) SI_UNIT ( $, .RADIAN. ) );
#4585 = ORIENTED_EDGE ( 'NONE', *, *, #4192, .F. ) ;
#4586 = VERTEX_POINT ( 'NONE', #1578 ) ;
#4587 = PRESENTATION_LAYER_ASSIGNMENT (  '', '', ( #2577 ) ) ;
#4588 =( NAMED_UNIT ( * ) SI_UNIT ( $, .STERADIAN. ) SOLID_ANGLE_UNIT ( ) );
#4589 = PLANE ( 'NONE',  #3338 ) ;
#4590 =( NAMED_UNIT ( * ) SI_UNIT ( $, .STERADIAN. ) SOLID_ANGLE_UNIT ( ) );
#4591 = VECTOR ( 'NONE', #3032, 1000.000000000000114 ) ;
#4592 = DIRECTION ( 'NONE',  ( 1.000000000000000000, 0.0000000000000000000, 0.0000000000000000000 ) ) ;
#4593 = SURFACE_STYLE_FILL_AREA ( #1377 ) ;
#4594 = ORIENTED_EDGE ( 'NONE', *, *, #1176, .F. ) ;
#4595 = SURFACE_SIDE_STYLE ('',( #3180 ) ) ;
#4596 = ADVANCED_FACE ( 'NONE', ( #831 ), #854, .F. ) ;
#4597 = VECTOR ( 'NONE', #1567, 1000.000000000000000 ) ;
#4598 = CARTESIAN_POINT ( 'NONE',  ( 20.87499999999999645, -3.999999999999985345, 4.200000000000000178 ) ) ;
#4599 = VERTEX_POINT ( 'NONE', #3597 ) ;
#4600 =( NAMED_UNIT ( * ) PLANE_ANGLE_UNIT ( ) SI_UNIT ( $, .RADIAN. ) );
#4601 = FILL_AREA_STYLE ('',( #3888 ) ) ;
#4602 = PRESENTATION_STYLE_ASSIGNMENT (( #3109 ) ) ;
#4603 = MECHANICAL_DESIGN_GEOMETRIC_PRESENTATION_REPRESENTATION (  '', ( #3445 ), #4677 ) ;
#4604 = ADVANCED_FACE ( 'NONE', ( #3624 ), #634, .F. ) ;
#4605 = MECHANICAL_DESIGN_GEOMETRIC_PRESENTATION_REPRESENTATION (  '', ( #3292 ), #4681 ) ;
#4606 = FACE_OUTER_BOUND ( 'NONE', #3689, .T. ) ;
#4607 = FACE_OUTER_BOUND ( 'NONE', #2008, .T. ) ;
#4608 = ORIENTED_EDGE ( 'NONE', *, *, #1904, .T. ) ;
#4609 = MECHANICAL_DESIGN_GEOMETRIC_PRESENTATION_REPRESENTATION (  '', ( #2290 ), #2133 ) ;
#4610 = CARTESIAN_POINT ( 'NONE',  ( 8.994999999999999218, -4.500000000000000000, 4.200000000000000178 ) ) ;
#4611 = PLANE ( 'NONE',  #4174 ) ;
#4612 = STYLED_ITEM ( 'NONE', ( #423 ), #3424 ) ;
#4613 = CARTESIAN_POINT ( 'NONE',  ( 12.95500000000000007, 14.39999999999999680, 5.349999999999999645 ) ) ;
#4614 = CARTESIAN_POINT ( 'NONE',  ( 12.95500000000000007, 14.39999999999999680, 4.200000000000000178 ) ) ;
#4615 = ORIENTED_EDGE ( 'NONE', *, *, #3662, .F. ) ;
#4616 = LINE ( 'NONE', #2505, #3753 ) ;
#4617 = VECTOR ( 'NONE', #689, 1000.000000000000000 ) ;
#4618 = SURFACE_STYLE_USAGE ( .BOTH. , #3126 ) ;
#4619 = DIRECTION ( 'NONE',  ( 1.000000000000000000, -0.0000000000000000000, -0.0000000000000000000 ) ) ;
#4620 = FACE_OUTER_BOUND ( 'NONE', #4168, .T. ) ;
#4621 = VERTEX_POINT ( 'NONE', #1752 ) ;
#4622 = UNCERTAINTY_MEASURE_WITH_UNIT (LENGTH_MEASURE( 1.000000000000000082E-05 ), #3215, 'distance_accuracy_value', 'NONE');
#4623 = MECHANICAL_DESIGN_GEOMETRIC_PRESENTATION_REPRESENTATION (  '', ( #987 ), #1673 ) ;
#4624 = COLOUR_RGB ( '',1.000000000000000000, 1.000000000000000000, 1.000000000000000000 ) ;
#4625 = DIRECTION ( 'NONE',  ( 0.0000000000000000000, 5.900419986315671085E-17, -1.000000000000000000 ) ) ;
#4626 = EDGE_LOOP ( 'NONE', ( #3229, #2830, #2152, #166 ) ) ;
#4627 = CARTESIAN_POINT ( 'NONE',  ( 2.033333333333333659, 14.78333333333332966, 4.391666666666666607 ) ) ;
#4628 = DIRECTION ( 'NONE',  ( 1.000000000000000000, 0.0000000000000000000, 0.0000000000000000000 ) ) ;
#4629 = EDGE_CURVE ( 'NONE', #561, #3574, #1392, .T. ) ;
#4630 = DIRECTION ( 'NONE',  ( -0.8944271909999159664, -0.4472135954999579832, 0.0000000000000000000 ) ) ;
#4631 = DIRECTION ( 'NONE',  ( -0.0000000000000000000, 1.000000000000000000, -0.0000000000000000000 ) ) ;
#4632 = EDGE_CURVE ( 'NONE', #3830, #3300, #2450, .T. ) ;
#4633 = DIRECTION ( 'NONE',  ( 0.0000000000000000000, 0.0000000000000000000, -1.000000000000000000 ) ) ;
#4634 = EDGE_LOOP ( 'NONE', ( #4275, #394, #1978, #3289 ) ) ;
#4635 = VECTOR ( 'NONE', #1784, 1000.000000000000227 ) ;
#4636 = LINE ( 'NONE', #1727, #142 ) ;
#4637 = COLOUR_RGB ( '',0.5019607843137254832, 0.5019607843137254832, 0.5019607843137254832 ) ;
#4638 = FILL_AREA_STYLE_COLOUR ( '', #3257 ) ;
#4639 = ORIENTED_EDGE ( 'NONE', *, *, #149, .F. ) ;
#4640 = EDGE_CURVE ( 'NONE', #4027, #2640, #2029, .T. ) ;
#4641 = SURFACE_STYLE_USAGE ( .BOTH. , #3153 ) ;
#4642 = VECTOR ( 'NONE', #3571, 1000.000000000000000 ) ;
#4643 = PLANE ( 'NONE',  #4170 ) ;
#4644 = SURFACE_SIDE_STYLE ('',( #3156 ) ) ;
#4645 = VERTEX_POINT ( 'NONE', #216 ) ;
#4646 = DIRECTION ( 'NONE',  ( 0.4082482904638661259, 0.8164965809277228148, -0.4082482904638661259 ) ) ;
#4647 =( GEOMETRIC_REPRESENTATION_CONTEXT ( 3 ) GLOBAL_UNCERTAINTY_ASSIGNED_CONTEXT ( ( #4240 ) ) GLOBAL_UNIT_ASSIGNED_CONTEXT ( ( #4497, #4177, #858 ) ) REPRESENTATION_CONTEXT ( 'NONE', 'WORKASPACE' ) );
#4648 = VERTEX_POINT ( 'NONE', #4265 ) ;
#4649 = MECHANICAL_DESIGN_GEOMETRIC_PRESENTATION_REPRESENTATION (  '', ( #1403 ), #700 ) ;
#4650 = PLANE ( 'NONE',  #2310 ) ;
#4651 = VECTOR ( 'NONE', #187, 1000.000000000000000 ) ;
#4652 = AXIS2_PLACEMENT_3D ( 'NONE', #3712, #1501, #1167 ) ;
#4653 =( NAMED_UNIT ( * ) PLANE_ANGLE_UNIT ( ) SI_UNIT ( $, .RADIAN. ) );
#4654 = DIRECTION ( 'NONE',  ( -0.0000000000000000000, 1.000000000000000000, -0.0000000000000000000 ) ) ;
#4655 = PLANE ( 'NONE',  #1332 ) ;
#4656 = DIRECTION ( 'NONE',  ( 0.0000000000000000000, -0.0000000000000000000, -1.000000000000000000 ) ) ;
#4657 = EDGE_LOOP ( 'NONE', ( #1533, #1415, #381, #3981 ) ) ;
#4658 = EDGE_CURVE ( 'NONE', #2856, #2628, #2056, .T. ) ;
#4659 = CARTESIAN_POINT ( 'NONE',  ( 17.90254015188354231, -4.500000000000000000, 5.187540151883544226 ) ) ;
#4660 = LINE ( 'NONE', #906, #2243 ) ;
#4661 = LINE ( 'NONE', #3196, #2641 ) ;
#4662 = VERTEX_POINT ( 'NONE', #4659 ) ;
#4663 =( NAMED_UNIT ( * ) PLANE_ANGLE_UNIT ( ) SI_UNIT ( $, .RADIAN. ) );
#4664 = EDGE_CURVE ( 'NONE', #4301, #1325, #1346, .T. ) ;
#4665 = CARTESIAN_POINT ( 'NONE',  ( 18.06499999999999773, -3.999999999999985345, 5.349999999999999645 ) ) ;
#4666 = DIRECTION ( 'NONE',  ( -1.000000000000000000, 0.0000000000000000000, -0.0000000000000000000 ) ) ;
#4667 = ORIENTED_EDGE ( 'NONE', *, *, #2153, .T. ) ;
#4668 =( GEOMETRIC_REPRESENTATION_CONTEXT ( 3 ) GLOBAL_UNCERTAINTY_ASSIGNED_CONTEXT ( ( #2049 ) ) GLOBAL_UNIT_ASSIGNED_CONTEXT ( ( #2198, #2944, #4590 ) ) REPRESENTATION_CONTEXT ( 'NONE', 'WORKASPACE' ) );
#4669 = PRESENTATION_LAYER_ASSIGNMENT (  '', '', ( #3364 ) ) ;
#4670 = SURFACE_STYLE_USAGE ( .BOTH. , #998 ) ;
#4671 = VERTEX_POINT ( 'NONE', #2484 ) ;
#4672 = LINE ( 'NONE', #2919, #3193 ) ;
#4673 = DIRECTION ( 'NONE',  ( -1.000000000000000000, 0.0000000000000000000, 0.0000000000000000000 ) ) ;
#4674 = DIRECTION ( 'NONE',  ( 1.000000000000000000, -0.0000000000000000000, -0.0000000000000000000 ) ) ;
#4675 = COLOUR_RGB ( '',0.5019607843137254832, 0.5019607843137254832, 0.5019607843137254832 ) ;
#4676 = EDGE_LOOP ( 'NONE', ( #3071, #846, #2693, #1519 ) ) ;
#4677 =( GEOMETRIC_REPRESENTATION_CONTEXT ( 3 ) GLOBAL_UNCERTAINTY_ASSIGNED_CONTEXT ( ( #4147 ) ) GLOBAL_UNIT_ASSIGNED_CONTEXT ( ( #1967, #4249, #3431 ) ) REPRESENTATION_CONTEXT ( 'NONE', 'WORKASPACE' ) );
#4678 = UNCERTAINTY_MEASURE_WITH_UNIT (LENGTH_MEASURE( 1.000000000000000082E-05 ), #1032, 'distance_accuracy_value', 'NONE');
#4679 = FACE_BOUND ( 'NONE', #2470, .T. ) ;
#4680 = ORIENTED_EDGE ( 'NONE', *, *, #4334, .T. ) ;
#4681 =( GEOMETRIC_REPRESENTATION_CONTEXT ( 3 ) GLOBAL_UNCERTAINTY_ASSIGNED_CONTEXT ( ( #1248 ) ) GLOBAL_UNIT_ASSIGNED_CONTEXT ( ( #2116, #3943, #2166 ) ) REPRESENTATION_CONTEXT ( 'NONE', 'WORKASPACE' ) );
#4682 =( NAMED_UNIT ( * ) SI_UNIT ( $, .STERADIAN. ) SOLID_ANGLE_UNIT ( ) );
#4683 =( LENGTH_UNIT ( ) NAMED_UNIT ( * ) SI_UNIT ( .MILLI., .METRE. ) );
#4684 = DIRECTION ( 'NONE',  ( -1.000000000000000000, 0.0000000000000000000, 0.0000000000000000000 ) ) ;
#4685 = CARTESIAN_POINT ( 'NONE',  ( 12.95500000000000007, 0.0000000000000000000, 4.200000000000000178 ) ) ;
#4686 = EDGE_LOOP ( 'NONE', ( #814, #2882, #1498, #4424 ) ) ;
#4687 = CARTESIAN_POINT ( 'NONE',  ( 17.87333333333332774, 14.78333333333333677, 4.391666666666669272 ) ) ;
#4688 = MECHANICAL_DESIGN_GEOMETRIC_PRESENTATION_REPRESENTATION (  '', ( #1971 ), #2832 ) ;
#4689 = EDGE_CURVE ( 'NONE', #4798, #4037, #2843, .T. ) ;
#4690 = COLOUR_RGB ( '',0.5019607843137254832, 0.5019607843137254832, 0.5019607843137254832 ) ;
#4691 = FACE_OUTER_BOUND ( 'NONE', #3504, .T. ) ;
#4692 = CARTESIAN_POINT ( 'NONE',  ( 21.72499999999999432, 15.00000000000000000, 4.200000000000000178 ) ) ;
#4693 = ORIENTED_EDGE ( 'NONE', *, *, #113, .F. ) ;
#4694 = CARTESIAN_POINT ( 'NONE',  ( 6.184999999999999609, -3.999999999999999112, 5.349999999999999645 ) ) ;
#4695 = ADVANCED_FACE ( 'NONE', ( #4324 ), #4643, .F. ) ;
#4696 = ADVANCED_FACE ( 'NONE', ( #962 ), #3176, .T. ) ;
#4697 = AXIS2_PLACEMENT_3D ( 'NONE', #2066, #3555, #174 ) ;
#4698 = FACE_BOUND ( 'NONE', #2429, .T. ) ;
#4699 = VERTEX_POINT ( 'NONE', #293 ) ;
#4700 = DIRECTION ( 'NONE',  ( -0.0000000000000000000, 1.000000000000000000, -0.0000000000000000000 ) ) ;
#4701 = FILL_AREA_STYLE_COLOUR ( '', #1063 ) ;
#4702 = ADVANCED_FACE ( 'NONE', ( #2868 ), #2089, .F. ) ;
#4703 = VERTEX_POINT ( 'NONE', #317 ) ;
#4704 =( LENGTH_UNIT ( ) NAMED_UNIT ( * ) SI_UNIT ( .MILLI., .METRE. ) );
#4705 = FILL_AREA_STYLE ('',( #4316 ) ) ;
#4706 = CARTESIAN_POINT ( 'NONE',  ( 6.184999999999999609, 0.0000000000000000000, 10.34999999999999964 ) ) ;
#4707 = FILL_AREA_STYLE_COLOUR ( '', #4624 ) ;
#4708 = VERTEX_POINT ( 'NONE', #1015 ) ;
#4709 =( LENGTH_UNIT ( ) NAMED_UNIT ( * ) SI_UNIT ( .MILLI., .METRE. ) );
#4710 = FACE_OUTER_BOUND ( 'NONE', #1565, .T. ) ;
#4711 = DIRECTION ( 'NONE',  ( -0.0000000000000000000, 1.000000000000000000, -0.0000000000000000000 ) ) ;
#4712 = ORIENTED_EDGE ( 'NONE', *, *, #2114, .T. ) ;
#4713 = CARTESIAN_POINT ( 'NONE',  ( 0.0000000000000000000, 12.30000000000000071, 0.0000000000000000000 ) ) ;
#4714 = VECTOR ( 'NONE', #2061, 1000.000000000000000 ) ;
#4715 = CARTESIAN_POINT ( 'NONE',  ( 2.224999999999998312, 0.0000000000000000000, 10.34999999999999964 ) ) ;
#4716 = MECHANICAL_DESIGN_GEOMETRIC_PRESENTATION_REPRESENTATION (  '', ( #3876 ), #1847 ) ;
#4717 = EDGE_CURVE ( 'NONE', #2259, #2234, #663, .T. ) ;
#4718 = LINE ( 'NONE', #3232, #3856 ) ;
#4719 = ORIENTED_EDGE ( 'NONE', *, *, #1570, .F. ) ;
#4720 = EDGE_CURVE ( 'NONE', #178, #4469, #2889, .T. ) ;
#4721 = CIRCLE ( 'NONE', #3481, 1.000000000000000000 ) ;
#4722 = FACE_OUTER_BOUND ( 'NONE', #4148, .T. ) ;
#4723 = VERTEX_POINT ( 'NONE', #4665 ) ;
#4724 = SURFACE_SIDE_STYLE ('',( #4431 ) ) ;
#4725 = PRESENTATION_LAYER_ASSIGNMENT (  '', '', ( #3960 ) ) ;
#4726 = EDGE_CURVE ( 'NONE', #800, #3471, #1327, .T. ) ;
#4727 = ORIENTED_EDGE ( 'NONE', *, *, #2969, .F. ) ;
#4728 = PRODUCT_DEFINITION_CONTEXT ( 'detailed design', #647, 'design' ) ;
#4729 = FILL_AREA_STYLE ('',( #3914 ) ) ;
#4730 = EDGE_LOOP ( 'NONE', ( #2445, #4294, #3584, #1831 ) ) ;
#4731 = MECHANICAL_DESIGN_GEOMETRIC_PRESENTATION_REPRESENTATION (  '', ( #3418 ), #1868 ) ;
#4732 = VECTOR ( 'NONE', #2154, 1000.000000000000000 ) ;
#4733 = FILL_AREA_STYLE_COLOUR ( '', #4570 ) ;
#4734 = DIRECTION ( 'NONE',  ( 0.0000000000000000000, 0.0000000000000000000, -1.000000000000000000 ) ) ;
#4735 = ORIENTED_EDGE ( 'NONE', *, *, #4064, .F. ) ;
#4736 = ORIENTED_EDGE ( 'NONE', *, *, #237, .F. ) ;
#4737 = CARTESIAN_POINT ( 'NONE',  ( 10.14499999999999957, -4.500000000000000000, 4.200000000000000178 ) ) ;
#4738 = CARTESIAN_POINT ( 'NONE',  ( 2.225000000000000533, -3.999999999999999112, 4.200000000000000178 ) ) ;
#4739 = FACE_OUTER_BOUND ( 'NONE', #452, .T. ) ;
#4740 = ORIENTED_EDGE ( 'NONE', *, *, #3391, .T. ) ;
#4741 = DIRECTION ( 'NONE',  ( 0.2952418088443246602, 0.9086608545660269654, -0.2952418088443246602 ) ) ;
#4742 = EDGE_CURVE ( 'NONE', #4182, #1034, #2797, .T. ) ;
#4743 = SURFACE_STYLE_FILL_AREA ( #1474 ) ;
#4744 = EDGE_LOOP ( 'NONE', ( #594, #2614, #4777, #2790 ) ) ;
#4745 = PRESENTATION_LAYER_ASSIGNMENT (  '', '', ( #2421 ) ) ;
#4746 = DIRECTION ( 'NONE',  ( 0.9510565162951541973, -0.3090169943749456749, 0.0000000000000000000 ) ) ;
#4747 = EDGE_CURVE ( 'NONE', #1783, #1242, #3631, .T. ) ;
#4748 = AXIS2_PLACEMENT_3D ( 'NONE', #51, #4540, #3475 ) ;
#4749 = ORIENTED_EDGE ( 'NONE', *, *, #1504, .F. ) ;
#4750 = FILL_AREA_STYLE_COLOUR ( '', #4675 ) ;
#4751 =( NAMED_UNIT ( * ) PLANE_ANGLE_UNIT ( ) SI_UNIT ( $, .RADIAN. ) );
#4752 = DIRECTION ( 'NONE',  ( -1.000000000000000000, 0.0000000000000000000, -0.0000000000000000000 ) ) ;
#4753 = ORIENTED_EDGE ( 'NONE', *, *, #3687, .T. ) ;
#4754 =( GEOMETRIC_REPRESENTATION_CONTEXT ( 3 ) GLOBAL_UNCERTAINTY_ASSIGNED_CONTEXT ( ( #2217 ) ) GLOBAL_UNIT_ASSIGNED_CONTEXT ( ( #3494, #90, #1920 ) ) REPRESENTATION_CONTEXT ( 'NONE', 'WORKASPACE' ) );
#4755 = EDGE_CURVE ( 'NONE', #1475, #3006, #3258, .T. ) ;
#4756 = DIRECTION ( 'NONE',  ( 0.0000000000000000000, 0.0000000000000000000, 1.000000000000000000 ) ) ;
#4757 = PRESENTATION_STYLE_ASSIGNMENT (( #1840 ) ) ;
#4758 =( LENGTH_UNIT ( ) NAMED_UNIT ( * ) SI_UNIT ( .MILLI., .METRE. ) );
#4759 = ORIENTED_EDGE ( 'NONE', *, *, #1629, .T. ) ;
#4760 = VECTOR ( 'NONE', #711, 1000.000000000000000 ) ;
#4761 = PLANE ( 'NONE',  #3222 ) ;
#4762 = DIRECTION ( 'NONE',  ( 0.0000000000000000000, 0.0000000000000000000, -1.000000000000000000 ) ) ;
#4763 = EDGE_LOOP ( 'NONE', ( #4346, #2661, #2548, #412 ) ) ;
#4764 =( NAMED_UNIT ( * ) PLANE_ANGLE_UNIT ( ) SI_UNIT ( $, .RADIAN. ) );
#4765 = PRESENTATION_LAYER_ASSIGNMENT (  '', '', ( #1367 ) ) ;
#4766 = EDGE_LOOP ( 'NONE', ( #2907, #1261, #2887, #4363 ) ) ;
#4767 =( GEOMETRIC_REPRESENTATION_CONTEXT ( 3 ) GLOBAL_UNCERTAINTY_ASSIGNED_CONTEXT ( ( #1863 ) ) GLOBAL_UNIT_ASSIGNED_CONTEXT ( ( #3490, #893, #1596 ) ) REPRESENTATION_CONTEXT ( 'NONE', 'WORKASPACE' ) );
#4768 = PRESENTATION_LAYER_ASSIGNMENT (  '', '', ( #1292 ) ) ;
#4769 = CARTESIAN_POINT ( 'NONE',  ( 6.022540151883546855, -4.500000000000000000, 5.349999999999999645 ) ) ;
#4770 = AXIS2_PLACEMENT_3D ( 'NONE', #299, #1854, #1402 ) ;
#4771 = ORIENTED_EDGE ( 'NONE', *, *, #3025, .T. ) ;
#4772 = EDGE_CURVE ( 'NONE', #2351, #1763, #3923, .T. ) ;
#4773 =( NAMED_UNIT ( * ) PLANE_ANGLE_UNIT ( ) SI_UNIT ( $, .RADIAN. ) );
#4774 = UNCERTAINTY_MEASURE_WITH_UNIT (LENGTH_MEASURE( 1.000000000000000082E-05 ), #3543, 'distance_accuracy_value', 'NONE');
#4775 = DIRECTION ( 'NONE',  ( 0.2952418088443246602, -0.9086608545660269654, -0.2952418088443246602 ) ) ;
#4776 = MECHANICAL_DESIGN_GEOMETRIC_PRESENTATION_REPRESENTATION (  '', ( #3059 ), #3310 ) ;
#4777 = ORIENTED_EDGE ( 'NONE', *, *, #4356, .F. ) ;
#4778 = COLOUR_RGB ( '',0.5019607843137254832, 0.5019607843137254832, 0.5019607843137254832 ) ;
#4779 = EDGE_CURVE ( 'NONE', #2474, #4127, #222, .T. ) ;
#4780 =( NAMED_UNIT ( * ) SI_UNIT ( $, .STERADIAN. ) SOLID_ANGLE_UNIT ( ) );
#4781 = SURFACE_SIDE_STYLE ('',( #3226 ) ) ;
#4782 = DIRECTION ( 'NONE',  ( -0.0000000000000000000, 1.000000000000000000, -0.0000000000000000000 ) ) ;
#4783 = VERTEX_POINT ( 'NONE', #4271 ) ;
#4784 = SHAPE_DEFINITION_REPRESENTATION ( #2411, #2674 ) ;
#4785 = ADVANCED_FACE ( 'NONE', ( #3199 ), #1760, .T. ) ;
#4786 = DIRECTION ( 'NONE',  ( 0.0000000000000000000, 0.0000000000000000000, 1.000000000000000000 ) ) ;
#4787 = CARTESIAN_POINT ( 'NONE',  ( 9.982540151883547708, -4.500000000000000000, 5.349999999999999645 ) ) ;
#4788 = LINE ( 'NONE', #2241, #3805 ) ;
#4789 = ORIENTED_EDGE ( 'NONE', *, *, #1259, .T. ) ;
#4790 =( LENGTH_UNIT ( ) NAMED_UNIT ( * ) SI_UNIT ( .MILLI., .METRE. ) );
#4791 = CARTESIAN_POINT ( 'NONE',  ( 8.994999999999999218, -4.500000000000000000, 5.349999999999999645 ) ) ;
#4792 = CARTESIAN_POINT ( 'NONE',  ( 20.87499999999999645, 0.0000000000000000000, 4.200000000000000178 ) ) ;
#4793 = VERTEX_POINT ( 'NONE', #2822 ) ;
#4794 = PRESENTATION_LAYER_ASSIGNMENT (  '', '', ( #2076 ) ) ;
#4795 =( NAMED_UNIT ( * ) SI_UNIT ( $, .STERADIAN. ) SOLID_ANGLE_UNIT ( ) );
#4796 = MECHANICAL_DESIGN_GEOMETRIC_PRESENTATION_REPRESENTATION (  '', ( #2550 ), #1169 ) ;
#4797 = PLANE ( 'NONE',  #421 ) ;
#4798 = VERTEX_POINT ( 'NONE', #988 ) ;
#4799 = STYLED_ITEM ( 'NONE', ( #1627 ), #1057 ) ;
#4800 = DIRECTION ( 'NONE',  ( 1.000000000000000000, 0.0000000000000000000, 0.0000000000000000000 ) ) ;
#4801 = DIRECTION ( 'NONE',  ( 0.0000000000000000000, 0.9510565162951540863, -0.3090169943749456194 ) ) ;
#4802 = LINE ( 'NONE', #11, #2438 ) ;
#4803 = ORIENTED_EDGE ( 'NONE', *, *, #3207, .F. ) ;
#4804 = VERTEX_POINT ( 'NONE', #2456 ) ;
#4805 =( GEOMETRIC_REPRESENTATION_CONTEXT ( 3 ) GLOBAL_UNCERTAINTY_ASSIGNED_CONTEXT ( ( #552 ) ) GLOBAL_UNIT_ASSIGNED_CONTEXT ( ( #2265, #3754, #833 ) ) REPRESENTATION_CONTEXT ( 'NONE', 'WORKASPACE' ) );
#4806 = EDGE_CURVE ( 'NONE', #4621, #1408, #1735, .T. ) ;
#4807 =( NAMED_UNIT ( * ) SI_UNIT ( $, .STERADIAN. ) SOLID_ANGLE_UNIT ( ) );
#4808 = PRESENTATION_LAYER_ASSIGNMENT (  '', '', ( #3957 ) ) ;
#4809 = DIRECTION ( 'NONE',  ( 0.0000000000000000000, 0.8848285909157097562, 0.4659166928734359003 ) ) ;
#4810 = FILL_AREA_STYLE ('',( #3314 ) ) ;
#4811 = ORIENTED_EDGE ( 'NONE', *, *, #82, .T. ) ;
#4812 = DIRECTION ( 'NONE',  ( 1.000000000000000000, 0.0000000000000000000, 0.0000000000000000000 ) ) ;
#4813 = PLANE ( 'NONE',  #122 ) ;
#4814 = EDGE_CURVE ( 'NONE', #2462, #2351, #2507, .T. ) ;
#4815 =( NAMED_UNIT ( * ) PLANE_ANGLE_UNIT ( ) SI_UNIT ( $, .RADIAN. ) );
#4816 = EDGE_LOOP ( 'NONE', ( #2813, #4451, #3279, #2780 ) ) ;
ENDSEC;
END-ISO-10303-21;
